Episode,BallX,BallY,Observation,Action1
0,-0.15,-0.08,"[ 3.84986102e-01  3.86543819e-01  3.91277327e-01  3.99383670e-01
  4.11213904e-01  4.27311870e-01  3.28727008e-02  2.86845994e-02
  2.42410814e-02  2.42569143e-02  2.75273949e-02  2.85097469e-02
  2.70178534e-02  2.58722848e-02  2.50131090e-02  2.43992975e-02
  2.40035230e-02  2.38090196e-02  2.38077885e-02  2.39997796e-02
  2.43928863e-02  2.50037532e-02  2.58595556e-02  2.70011189e-02
  2.84880873e-02  2.75273949e-02  2.42569143e-02  2.42410814e-02
  2.86845994e-02  3.28727008e-02  4.27329547e-01  4.11236989e-01
  3.99411604e-01  3.91309834e-01  3.86580847e-01  3.85027797e-01
 -3.00000000e-01 -1.06336206e-23 -4.89957326e-01 -1.50000000e-01
 -8.00000000e-02  4.45092877e-01  7.41017995e-01]",[0.5 0.5]
0,-0.15,-0.08,"[ 3.84986102e-01  3.86543819e-01  3.91277327e-01  3.99383670e-01
  4.11213904e-01  4.27311870e-01  3.30776141e-02  2.88634060e-02
  2.43170842e-02  2.43329668e-02  2.75273949e-02  2.74528453e-02
  2.60162587e-02  2.49131581e-02  2.40858333e-02  2.34947768e-02
  2.31136743e-02  2.29263814e-02  2.29251960e-02  2.31100697e-02
  2.34886033e-02  2.40768244e-02  2.49009008e-02  2.60001445e-02
  2.74319887e-02  2.75273949e-02  2.43329668e-02  2.43170842e-02
  2.88634060e-02  3.30776141e-02  4.27329547e-01  4.11236989e-01
  3.99411604e-01  3.91309834e-01  3.86580847e-01  3.85027797e-01
 -3.00000000e-01 -3.19543972e-23 -4.89957326e-01 -1.50000000e-01
 -8.00000000e-02  4.45054144e-01  7.40994731e-01]",[0.5 0.5]
0,-0.15,-0.08,"[ 3.84987367e-01  3.86543664e-01  3.91275702e-01  3.99380465e-01
  4.11208930e-01  4.27304840e-01  3.32099960e-02  2.89789215e-02
  2.43733228e-02  2.43916175e-02  2.75273999e-02  2.62577381e-02
  2.48836798e-02  2.38285917e-02  2.30372752e-02  2.24719421e-02
  2.21074236e-02  2.19282774e-02  2.19271366e-02  2.21039547e-02
  2.24660011e-02  2.30286055e-02  2.38167960e-02  2.48681724e-02
  2.62376668e-02  2.75273899e-02  2.43913750e-02  2.43731038e-02
  2.89793787e-02  3.32105189e-02  4.27336572e-01  4.11241958e-01
  3.99414805e-01  3.91311454e-01  3.86580999e-01  3.85026528e-01
 -2.99942940e-01  1.26275950e-06 -4.90080896e-01 -1.50000000e-01
 -8.00000000e-02  4.44996551e-01  7.40960141e-01]",[0.5 0.5]
0,-0.15,-0.08,"[ 3.84993456e-01  3.86542874e-01  3.91267802e-01  3.99364912e-01
  4.11184814e-01  4.27270772e-01  3.29087329e-02  2.87160356e-02
  2.42542479e-02  2.42821834e-02  2.74499614e-02  2.57131428e-02
  2.43675484e-02  2.33343146e-02  2.25593855e-02  2.20057551e-02
  2.16487752e-02  2.14733230e-02  2.14721834e-02  2.16453101e-02
  2.19998205e-02  2.25507252e-02  2.33225317e-02  2.43520578e-02
  2.56930933e-02  2.74241051e-02  2.42807807e-02  2.42529887e-02
  2.87185967e-02  3.29116559e-02  4.27370650e-01  4.11266081e-01
  3.99430361e-01  3.91319356e-01  3.86581790e-01  3.85020440e-01
 -2.99719215e-01  7.33382013e-06 -4.90534425e-01 -1.50000000e-01
 -8.00000000e-02  4.44920704e-01  7.40914592e-01]",[0.5 0.5]
0,-0.15,-0.08,"[ 3.84993376e-01  3.86542847e-01  3.91267829e-01  3.99364998e-01
  4.11184965e-01  4.27270999e-01  3.26851174e-02  2.85209046e-02
  2.41740139e-02  2.42092168e-02  2.70304537e-02  2.53201531e-02
  2.39951030e-02  2.29776431e-02  2.22145425e-02  2.16693597e-02
  2.13178225e-02  2.11450386e-02  2.11439027e-02  2.13143684e-02
  2.16634441e-02  2.22059099e-02  2.29658979e-02  2.39796619e-02
  2.53001676e-02  2.70046801e-02  2.42077358e-02  2.41726811e-02
  2.85234151e-02  3.26879711e-02  4.27370416e-01  4.11265923e-01
  3.99430269e-01  3.91319323e-01  3.86581811e-01  3.85020515e-01
 -2.99600130e-01  7.24816518e-06 -4.90866350e-01 -1.50000000e-01
 -8.00000000e-02  4.44827411e-01  7.40858573e-01]",[0.5 0.5]
0,-0.15,-0.08,"[ 3.84993398e-01  3.86542820e-01  3.91267752e-01  3.99364867e-01
  4.11184773e-01  4.27270735e-01  3.26847690e-02  2.85206092e-02
  2.41738575e-02  2.42090619e-02  2.70316454e-02  2.53212408e-02
  2.39961097e-02  2.29785863e-02  2.22154357e-02  2.16702138e-02
  2.13186465e-02  2.11458402e-02  2.11446887e-02  2.13151449e-02
  2.16642168e-02  2.22066843e-02  2.29666795e-02  2.39804562e-02
  2.53009804e-02  2.70055172e-02  2.42138550e-02  2.41781654e-02
  2.85113867e-02  3.26741963e-02  4.27370683e-01  4.11266118e-01
  3.99430403e-01  3.91319403e-01  3.86581840e-01  3.85020495e-01
 -2.99651801e-01  7.27251643e-06 -4.90721477e-01 -1.50000000e-01
 -8.00000000e-02  4.44717679e-01  7.40792693e-01]",[0.5 0.5]
0,-0.15,-0.08,"[ 3.84993428e-01  3.86542830e-01  3.91267741e-01  3.99364832e-01
  4.11184713e-01  4.27270646e-01  3.26735717e-02  2.85108413e-02
  2.41782778e-02  2.42139909e-02  2.70323786e-02  2.53219180e-02
  2.39967434e-02  2.29791861e-02  2.22160093e-02  2.16707675e-02
  2.13191858e-02  2.11463699e-02  2.11452131e-02  2.13156682e-02
  2.16647431e-02  2.22072180e-02  2.29672249e-02  2.39810184e-02
  2.53015650e-02  2.70061310e-02  2.42190129e-02  2.41828189e-02
  2.85014513e-02  3.26628135e-02  4.27370774e-01  4.11266180e-01
  3.99430439e-01  3.91319416e-01  3.86581833e-01  3.85020467e-01
 -2.99693522e-01  7.30413424e-06 -4.90605162e-01 -1.50000000e-01
 -8.00000000e-02  4.44592720e-01  7.40717684e-01]",[0.5 0.5]
0,-0.15,-0.08,"[ 3.84993445e-01  3.86542872e-01  3.91267809e-01  3.99364929e-01
  4.11184843e-01  4.27270813e-01  3.26641948e-02  2.85026612e-02
  2.41820540e-02  2.42181802e-02  2.70329089e-02  2.53224073e-02
  2.39972008e-02  2.29796187e-02  2.22164226e-02  2.16711662e-02
  2.13195738e-02  2.11467506e-02  2.11455897e-02  2.13160438e-02
  2.16651206e-02  2.22076003e-02  2.29676152e-02  2.39814203e-02
  2.53019825e-02  2.70065687e-02  2.42233889e-02  2.41867852e-02
  2.84931319e-02  3.26532820e-02  4.27370609e-01  4.11266052e-01
  3.99430344e-01  3.91319349e-01  3.86581792e-01  3.85020451e-01
 -2.99727748e-01  7.32313021e-06 -4.90510943e-01 -1.50000000e-01
 -8.00000000e-02  4.44453946e-01  7.40634397e-01]",[0.5 0.5]
0,-0.15,-0.08,"[ 3.84993461e-01  3.86542908e-01  3.91267867e-01  3.99365010e-01
  4.11184949e-01  4.27270950e-01  3.26559390e-02  2.84954562e-02
  2.41852193e-02  2.42216989e-02  2.70326476e-02  2.53221658e-02
  2.39969748e-02  2.29794047e-02  2.22162179e-02  2.16709685e-02
  2.13193811e-02  2.11465614e-02  2.11454023e-02  2.13158566e-02
  2.16649323e-02  2.22074093e-02  2.29674199e-02  2.39812189e-02
  2.53017729e-02  2.70063485e-02  2.42270256e-02  2.41900734e-02
  2.84857846e-02  3.26448607e-02  4.27370473e-01  4.11265947e-01
  3.99430265e-01  3.91319293e-01  3.86581757e-01  3.85020437e-01
 -2.99756173e-01  7.34048160e-06 -4.90432714e-01 -1.50000000e-01
 -8.00000000e-02  4.44302974e-01  7.40543809e-01]",[0.5 0.5]
0,-0.15,-0.08,"[ 3.84993474e-01  3.86542939e-01  3.91267915e-01  3.99365078e-01
  4.11185040e-01  4.27271067e-01  3.26486975e-02  2.84891365e-02
  2.41879765e-02  2.42247594e-02  2.70322270e-02  2.53217748e-02
  2.39966066e-02  2.29790543e-02  2.22158810e-02  2.16706417e-02
  2.13190613e-02  2.11462457e-02  2.11450882e-02  2.13155417e-02
  2.16646138e-02  2.22070847e-02  2.29670862e-02  2.39808726e-02
  2.53014102e-02  2.70059644e-02  2.42301866e-02  2.41929356e-02
  2.84793428e-02  3.26374774e-02  4.27370357e-01  4.11265858e-01
  3.99430197e-01  3.91319246e-01  3.86581727e-01  3.85020424e-01
 -2.99780465e-01  7.35525135e-06 -4.90365872e-01 -1.50000000e-01
 -8.00000000e-02  4.44141623e-01  7.40447015e-01]",[0.5 0.5]
0,-0.15,-0.08,"[ 3.84993486e-01  3.86542966e-01  3.91267958e-01  3.99365138e-01
  4.11185118e-01  4.27271168e-01  3.26422607e-02  2.84835189e-02
  2.41904501e-02  2.42274981e-02  2.70317774e-02  2.53213564e-02
  2.39962126e-02  2.29786789e-02  2.22155200e-02  2.16702911e-02
  2.13187180e-02  2.11459068e-02  2.11447508e-02  2.13152031e-02
  2.16642714e-02  2.22067353e-02  2.29667268e-02  2.39804995e-02
  2.53010190e-02  2.70055498e-02  2.42330126e-02  2.41955005e-02
  2.84752572e-02  3.26309153e-02  4.27370257e-01  4.11265780e-01
  3.99430139e-01  3.91319204e-01  3.86581702e-01  3.85020413e-01
 -2.99801774e-01  7.36815240e-06 -4.90307248e-01 -1.50000000e-01
 -8.00000000e-02  4.43971917e-01  7.40345232e-01]",[0.5 0.5]
0,-0.15,-0.08,"[ 3.84993496e-01  3.86542990e-01  3.91267997e-01  3.99365193e-01
  4.11185192e-01  4.27271264e-01  3.26364986e-02  2.84784922e-02
  2.41927483e-02  2.42300309e-02  2.70312059e-02  2.53208162e-02
  2.39956965e-02  2.29781812e-02  2.22150356e-02  2.16698157e-02
  2.13182475e-02  2.11454374e-02  2.11442789e-02  2.13147246e-02
  2.16637822e-02  2.22062309e-02  2.29662019e-02  2.39799477e-02
  2.53004325e-02  2.70049186e-02  2.42356539e-02  2.41979089e-02
  2.84788300e-02  3.26250675e-02  4.27370163e-01  4.11265707e-01
  3.99430084e-01  3.91319166e-01  3.86581678e-01  3.85020404e-01
 -2.99820973e-01  7.37877508e-06 -4.90254465e-01 -1.50000000e-01
 -8.00000000e-02  4.43796084e-01  7.40239802e-01]",[0.5 0.5]
0,-0.15,-0.08,"[ 3.84993505e-01  3.86543013e-01  3.91268034e-01  3.99365246e-01
  4.11185263e-01  4.27271354e-01  3.26312081e-02  2.84743143e-02
  2.41949310e-02  2.42324277e-02  2.70305080e-02  2.53201574e-02
  2.39950679e-02  2.29775756e-02  2.22144468e-02  2.16692384e-02
  2.13176767e-02  2.11448684e-02  2.11437072e-02  2.13141455e-02
  2.16631907e-02  2.22056215e-02  2.29655682e-02  2.39792822e-02
  2.52997259e-02  2.70041591e-02  2.42381529e-02  2.42001953e-02
  2.84825363e-02  3.26196998e-02  4.27370073e-01  4.11265637e-01
  3.99430032e-01  3.91319129e-01  3.86581656e-01  3.85020396e-01
 -2.99838674e-01  7.38866379e-06 -4.90205819e-01 -1.50000000e-01
 -8.00000000e-02  4.43616557e-01  7.40132184e-01]",[0.5 0.5]
0,-0.15,-0.08,"[ 3.84993514e-01  3.86543035e-01  3.91268070e-01  3.99365296e-01
  4.11185329e-01  4.27271441e-01  3.26262179e-02  2.84774497e-02
  2.41970401e-02  2.42347375e-02  2.70297215e-02  2.53194183e-02
  2.39943656e-02  2.29769013e-02  2.22137934e-02  2.16685996e-02
  2.13170469e-02  2.11442425e-02  2.11430800e-02  2.13135120e-02
  2.16625454e-02  2.22049586e-02  2.29648810e-02  2.39785629e-02
  2.52989649e-02  2.70033443e-02  2.42405494e-02  2.42023932e-02
  2.84863601e-02  3.26146280e-02  4.27369987e-01  4.11265571e-01
  3.99429983e-01  3.91319095e-01  3.86581635e-01  3.85020388e-01
 -2.99855359e-01  7.39844323e-06 -4.90159978e-01 -1.50000000e-01
 -8.00000000e-02  4.43435977e-01  7.40023963e-01]",[0.5 0.5]
0,-0.15,-0.08,"[ 3.84993523e-01  3.86543056e-01  3.91268104e-01  3.99365344e-01
  4.11185394e-01  4.27271524e-01  3.26214025e-02  2.84807633e-02
  2.41991114e-02  2.42370009e-02  2.70288773e-02  2.53186266e-02
  2.39936144e-02  2.29761813e-02  2.22130967e-02  2.16679193e-02
  2.13163772e-02  2.11435776e-02  2.11424146e-02  2.13128407e-02
  2.16618626e-02  2.22042581e-02  2.29641558e-02  2.39778050e-02
  2.52981643e-02  2.70024888e-02  2.42428911e-02  2.42045451e-02
  2.84903354e-02  3.26097296e-02  4.27369905e-01  4.11265508e-01
  3.99429935e-01  3.91319061e-01  3.86581615e-01  3.85020380e-01
 -2.99871410e-01  7.40807160e-06 -4.90115888e-01 -1.50000000e-01
 -8.00000000e-02  4.43257188e-01  7.39916843e-01]",[0.5 0.5]
0,-0.15,-0.08,"[ 3.84993532e-01  3.86543077e-01  3.91268137e-01  3.99365392e-01
  4.11185457e-01  4.27271605e-01  3.26166661e-02  2.84842854e-02
  2.42011768e-02  2.42392534e-02  2.70279848e-02  2.53177902e-02
  2.39928216e-02  2.29754218e-02  2.22123622e-02  2.16672027e-02
  2.13156720e-02  2.11428779e-02  2.11417148e-02  2.13121351e-02
  2.16611452e-02  2.22035225e-02  2.29633949e-02  2.39770102e-02
  2.52973255e-02  2.70015931e-02  2.42452177e-02  2.42066869e-02
  2.84945075e-02  3.26049097e-02  4.27369825e-01  4.11265446e-01
  3.99429889e-01  3.91319028e-01  3.86581594e-01  3.85020372e-01
 -2.99887127e-01  7.41758432e-06 -4.90072720e-01 -1.50000000e-01
 -8.00000000e-02  4.43261418e-01  7.39919377e-01]",[0.5 0.5]
0,-0.15,-0.08,"[ 3.84993540e-01  3.86543097e-01  3.91268170e-01  3.99365438e-01
  4.11185519e-01  4.27271685e-01  3.26119332e-02  2.84880555e-02
  2.42032640e-02  2.42415257e-02  2.70270431e-02  2.53169080e-02
  2.39919855e-02  2.29746211e-02  2.22115880e-02  2.16664475e-02
  2.13149290e-02  2.11421410e-02  2.11409778e-02  2.13113921e-02
  2.16603901e-02  2.22027485e-02  2.29625943e-02  2.39761742e-02
  2.52964434e-02  2.70006515e-02  2.42475625e-02  2.42088490e-02
  2.84989268e-02  3.26000930e-02  4.27369745e-01  4.11265384e-01
  3.99429843e-01  3.91318996e-01  3.86581574e-01  3.85020364e-01
 -2.99902748e-01  7.42704224e-06 -4.90029819e-01 -1.50000000e-01
 -8.00000000e-02  4.43265317e-01  7.39921713e-01]",[0.5 0.5]
0,-0.15,-0.08,"[ 3.84993549e-01  3.86543118e-01  3.91268204e-01  3.99365485e-01
  4.11185581e-01  4.27271765e-01  3.26071438e-02  2.84921187e-02
  2.42053971e-02  2.42438442e-02  2.70260466e-02  2.53159746e-02
  2.39911009e-02  2.29737740e-02  2.22107691e-02  2.16656486e-02
  2.13141431e-02  2.11413614e-02  2.11401983e-02  2.13106063e-02
  2.16595914e-02  2.22019298e-02  2.29617476e-02  2.39752901e-02
  2.52955106e-02  2.69996559e-02  2.42499537e-02  2.42110572e-02
  2.85036475e-02  3.25952192e-02  4.27369666e-01  4.11265323e-01
  3.99429797e-01  3.91318964e-01  3.86581554e-01  3.85020356e-01
 -2.99918462e-01  7.43651216e-06 -4.89986666e-01 -1.50000000e-01
 -8.00000000e-02  4.43268912e-01  7.39923867e-01]",[0.5 0.5]
0,-0.15,-0.08,"[ 3.84993558e-01  3.86543139e-01  3.91268237e-01  3.99365532e-01
  4.11185643e-01  4.27271845e-01  3.26022484e-02  2.84965239e-02
  2.42075971e-02  2.42462317e-02  2.70249848e-02  2.53149799e-02
  2.39901582e-02  2.29728713e-02  2.22098963e-02  2.16647972e-02
  2.13133055e-02  2.11405306e-02  2.11393674e-02  2.13097687e-02
  2.16587401e-02  2.22010571e-02  2.29608450e-02  2.39743476e-02
  2.52945162e-02  2.69985944e-02  2.42524151e-02  2.42133337e-02
  2.85087253e-02  3.25902386e-02  4.27369587e-01  4.11265261e-01
  3.99429750e-01  3.91318931e-01  3.86581534e-01  3.85020347e-01
 -2.99934422e-01  7.44605922e-06 -4.89942843e-01 -1.50000000e-01
 -8.00000000e-02  4.43272225e-01  7.39925851e-01]",[0.5 0.5]
0,-0.15,-0.08,"[ 3.84993567e-01  3.86543160e-01  3.91268271e-01  3.99365580e-01
  4.11185706e-01  4.27271926e-01  3.25972063e-02  2.85013232e-02
  2.42098830e-02  2.42487084e-02  2.70238468e-02  2.53139138e-02
  2.39891477e-02  2.29719035e-02  2.22089605e-02  2.16638843e-02
  2.13124073e-02  2.11396395e-02  2.11384764e-02  2.13088704e-02
  2.16578269e-02  2.22001210e-02  2.29598767e-02  2.39733364e-02
  2.52934492e-02  2.69974553e-02  2.42549678e-02  2.42156981e-02
  2.85142182e-02  3.25851100e-02  4.27369506e-01  4.11265199e-01
  3.99429704e-01  3.91318898e-01  3.86581514e-01  3.85020339e-01
 -2.99950752e-01  7.45573978e-06 -4.89898009e-01 -1.50000000e-01
 -8.00000000e-02  4.43275278e-01  7.39927680e-01]",[0.5 0.5]
0,-0.15,-0.08,"[ 3.84993576e-01  3.86543181e-01  3.91268305e-01  3.99365628e-01
  4.11185771e-01  4.27272010e-01  3.25919824e-02  2.85065723e-02
  2.42122716e-02  2.42512926e-02  2.70226194e-02  2.53127637e-02
  2.39880576e-02  2.29708594e-02  2.22079509e-02  2.16628992e-02
  2.13114380e-02  2.11386780e-02  2.11375147e-02  2.13079008e-02
  2.16568412e-02  2.21991104e-02  2.29588313e-02  2.39722447e-02
  2.52922970e-02  2.69962252e-02  2.42576306e-02  2.42181680e-02
  2.85201869e-02  3.25797977e-02  4.27369423e-01  4.11265135e-01
  3.99429656e-01  3.91318864e-01  3.86581493e-01  3.85020331e-01
 -2.99967554e-01  7.46560318e-06 -4.89851883e-01 -1.50000000e-01
 -8.00000000e-02  4.43278090e-01  7.39929365e-01]",[0.5 0.5]
0,-0.15,-0.08,"[ 3.84993585e-01  3.86543203e-01  3.91268340e-01  3.99365678e-01
  4.11185837e-01  4.27272095e-01  3.25865461e-02  2.85123309e-02
  2.42147790e-02  2.42540010e-02  2.70212910e-02  2.53115189e-02
  2.39868775e-02  2.29697290e-02  2.22068577e-02  2.16618326e-02
  2.13103884e-02  2.11376366e-02  2.11364731e-02  2.13068506e-02
  2.16557735e-02  2.21980157e-02  2.29576988e-02  2.39710619e-02
  2.52910486e-02  2.69948922e-02  2.42604208e-02  2.42207597e-02
  2.85266953e-02  3.25742709e-02  4.27369339e-01  4.11265070e-01
  3.99429607e-01  3.91318830e-01  3.86581472e-01  3.85020322e-01
 -2.99984915e-01  7.47568905e-06 -4.89804224e-01 -1.50000000e-01
 -8.00000000e-02  4.43280682e-01  7.39930918e-01]",[0.5 0.5]
0,-0.15,-0.08,"[ 3.84993595e-01  3.86543226e-01  3.91268376e-01  3.99365729e-01
  4.11185904e-01  4.27272182e-01  3.25808697e-02  2.85186627e-02
  2.42174201e-02  2.42568495e-02  2.70198479e-02  2.53101664e-02
  2.39855953e-02  2.29685007e-02  2.22056698e-02  2.16606735e-02
  2.13092477e-02  2.11365049e-02  2.11353411e-02  2.13057091e-02
  2.16546130e-02  2.21968257e-02  2.29564677e-02  2.39697759e-02
  2.52896913e-02  2.69934428e-02  2.42633544e-02  2.42234887e-02
  2.85338110e-02  3.25685014e-02  4.27369253e-01  4.11265003e-01
  3.99429557e-01  3.91318795e-01  3.86581451e-01  3.85020314e-01
 -3.00002911e-01  7.48603164e-06 -4.89754830e-01 -1.50000000e-01
 -8.00000000e-02  4.43283069e-01  7.39932348e-01]",[0.5 0.5]
0,-0.15,-0.08,"[ 3.84993604e-01  3.86543249e-01  3.91268413e-01  3.99365781e-01
  4.11185973e-01  4.27272271e-01  3.25749274e-02  2.85256363e-02
  2.42202097e-02  2.42598535e-02  2.70182758e-02  2.53086931e-02
  2.39841984e-02  2.29671625e-02  2.22043756e-02  2.16594106e-02
  2.13080049e-02  2.11352716e-02  2.11341075e-02  2.13044651e-02
  2.16533482e-02  2.21955288e-02  2.29551259e-02  2.39683743e-02
  2.52882119e-02  2.69918628e-02  2.42664471e-02  2.42263698e-02
  2.85416062e-02  3.25624632e-02  4.27369165e-01  4.11264935e-01
  3.99429506e-01  3.91318758e-01  3.86581428e-01  3.85020305e-01
 -3.00021607e-01  7.49665770e-06 -4.89703517e-01 -1.50000000e-01
 -8.00000000e-02  4.43285267e-01  7.39933665e-01]",[0.5 0.5]
0,-0.15,-0.08,"[ 3.84993614e-01  3.86543272e-01  3.91268451e-01  3.99365834e-01
  4.11186044e-01  4.27272362e-01  3.25686946e-02  2.85333264e-02
  2.42231623e-02  2.42630280e-02  2.70165599e-02  2.53070849e-02
  2.39826736e-02  2.29657017e-02  2.22029627e-02  2.16580318e-02
  2.13066480e-02  2.11339253e-02  2.11327607e-02  2.13031070e-02
  2.16519673e-02  2.21941128e-02  2.29536608e-02  2.39668438e-02
  2.52865963e-02  2.69901375e-02  2.42697142e-02  2.42294179e-02
  2.85501589e-02  3.25561313e-02  4.27369074e-01  4.11264865e-01
  3.99429453e-01  3.91318721e-01  3.86581406e-01  3.85020296e-01
 -3.00041063e-01  7.50758837e-06 -4.89650122e-01 -1.50000000e-01
 -8.00000000e-02  4.43287292e-01  7.39934878e-01]",[0.5 0.5]
0,-0.15,-0.08,"[ 3.84993625e-01  3.86543297e-01  3.91268490e-01  3.99365889e-01
  4.11186117e-01  4.27272456e-01  3.25621475e-02  2.85418139e-02
  2.42262927e-02  2.42663884e-02  2.70146842e-02  2.53053268e-02
  2.39810067e-02  2.29641048e-02  2.22014181e-02  2.16565245e-02
  2.13051646e-02  2.11324533e-02  2.11312883e-02  2.13016221e-02
  2.16504576e-02  2.21925646e-02  2.29520589e-02  2.39651705e-02
  2.52848300e-02  2.69882511e-02  2.42731711e-02  2.42326479e-02
  2.85595535e-02  3.25494816e-02  4.27368981e-01  4.11264793e-01
  3.99429399e-01  3.91318683e-01  3.86581382e-01  3.85020286e-01
 -3.00061334e-01  7.51884002e-06 -4.89594494e-01 -1.50000000e-01
 -8.00000000e-02  4.43289157e-01  7.39935995e-01]",[0.5 0.5]
0,-0.15,-0.08,"[ 3.85010970e-01  3.86550778e-01  3.91265845e-01  3.99352414e-01
  4.11160586e-01  4.27232966e-01  3.28875614e-02  2.86848431e-02
  2.41942787e-02  2.42253057e-02  2.69554860e-02  2.52852875e-02
  2.39918863e-02  2.30005419e-02  2.22599840e-02  2.17351666e-02
  2.14028804e-02  2.12491103e-02  2.12675464e-02  2.14589392e-02
  2.18311761e-02  2.24000910e-02  2.31911686e-02  2.42424987e-02
  2.56096608e-02  2.73738119e-02  2.41603503e-02  2.41332526e-02
  2.86057063e-02  3.27665007e-02  4.27408574e-01  4.11290411e-01
  3.99442949e-01  3.91321397e-01  3.86573966e-01  3.85003006e-01
 -3.00009197e-01  2.48252677e-05 -4.89543063e-01 -1.50000000e-01
 -8.00000000e-02  4.43290874e-01  7.39937024e-01]",[0.5 0. ]
0,-0.15,-0.08,"[ 3.84979203e-01  3.86519745e-01  3.91235319e-01  3.99322192e-01
  4.11130480e-01  4.27202807e-01  3.23670173e-02  2.85051762e-02
  2.42431360e-02  2.42924397e-02  2.74912033e-02  2.57627225e-02
  2.44237502e-02  2.33961485e-02  2.26263446e-02  2.20776789e-02
  2.17257742e-02  2.15557431e-02  2.15605979e-02  2.17405363e-02
  2.21029612e-02  2.26632390e-02  2.34463459e-02  2.44897429e-02
  2.58481372e-02  2.74888372e-02  2.41050605e-02  2.40674548e-02
  2.83058736e-02  3.24349881e-02  4.27438729e-01  4.11320511e-01
  3.99473166e-01  3.91351915e-01  3.86604989e-01  3.85034760e-01
 -2.99919131e-01 -6.94129734e-06 -4.89652347e-01 -1.50000000e-01
 -8.00000000e-02  4.43292455e-01  7.39937971e-01]",[0.5 0. ]
0,-0.15,-0.08,"[ 3.84977504e-01  3.86511526e-01  3.91220300e-01  3.99299797e-01
  4.11099780e-01  4.27162410e-01  3.24613549e-02  2.83244017e-02
  2.40580236e-02  2.40953533e-02  2.75416209e-02  2.58678109e-02
  2.45175047e-02  2.34808524e-02  2.27036888e-02  2.21489388e-02
  2.17919230e-02  2.16175245e-02  2.16185734e-02  2.17951123e-02
  2.21544011e-02  2.27116599e-02  2.34916977e-02  2.45317626e-02
  2.58862650e-02  2.75131735e-02  2.42217234e-02  2.41774920e-02
  2.84268027e-02  3.23719459e-02  4.27479250e-01  4.11351315e-01
  3.99495649e-01  3.91367014e-01  3.86613282e-01  3.85036530e-01
 -2.99843840e-01 -8.68262417e-06 -4.89664718e-01 -1.50000000e-01
 -8.00000000e-02  4.43293911e-01  7.39938843e-01]",[0.5 0. ]
0,-0.15,-0.08,"[ 3.84974809e-01  3.86492825e-01  3.91184920e-01  3.99246341e-01
  4.11025981e-01  4.27064874e-01  3.24214971e-02  2.83741062e-02
  2.41278167e-02  2.41677069e-02  2.74926986e-02  2.61261229e-02
  2.47502885e-02  2.36933326e-02  2.28997780e-02  2.23316316e-02
  2.19635507e-02  2.17799225e-02  2.17731908e-02  2.19430814e-02
  2.22965747e-02  2.28486196e-02  2.36237280e-02  2.46587817e-02
  2.60076851e-02  2.75621189e-02  2.40808755e-02  2.40460064e-02
  2.83387593e-02  3.24800821e-02  4.27577285e-01  4.11425531e-01
  3.99549468e-01  3.91402720e-01  3.86632287e-01  3.85039521e-01
 -2.99789963e-01 -1.15332382e-05 -4.89339473e-01 -1.50000000e-01
 -8.00000000e-02  4.43295251e-01  7.39939646e-01]",[0.5 0. ]
0,-0.15,-0.08,"[ 3.84965504e-01  3.86460667e-01  3.91128907e-01  3.99164440e-01
  4.10914910e-01  4.26919739e-01  3.23811266e-02  2.82624224e-02
  2.40776986e-02  2.41157009e-02  2.74412720e-02  2.59245440e-02
  2.45468749e-02  2.34878077e-02  2.26914891e-02  2.21196502e-02
  2.17467120e-02  2.15568259e-02  2.15421707e-02  2.17021497e-02
  2.20433303e-02  2.25801153e-02  2.33362753e-02  2.43476595e-02
  2.56666964e-02  2.73698251e-02  2.42822586e-02  2.42342219e-02
  2.84623167e-02  3.23589354e-02  4.27723607e-01  4.11537599e-01
  3.99632235e-01  3.91459511e-01  3.86665172e-01  3.85049531e-01
 -2.99774635e-01 -2.11972468e-05 -4.88675718e-01 -1.50000000e-01
 -8.00000000e-02  4.43296484e-01  7.39940385e-01]",[0.5 0. ]
0,-0.15,-0.08,"[ 3.85004503e-01  3.86446707e-01  3.91060182e-01  3.99036770e-01
  4.10721277e-01  4.26649464e-01  3.26189122e-02  2.84666331e-02
  2.40954673e-02  2.41265640e-02  2.74933387e-02  2.58720151e-02
  2.45097996e-02  2.34633197e-02  2.26776531e-02  2.21151870e-02
  2.17508334e-02  2.15691381e-02  2.15626246e-02  2.17310276e-02
  2.20812666e-02  2.26281532e-02  2.33959717e-02  2.44212594e-02
  2.57574170e-02  2.74823259e-02  2.41660322e-02  2.41325893e-02
  2.84994375e-02  3.26645376e-02  4.27998571e-01  4.11735189e-01
  3.99763367e-01  3.91531381e-01  3.86682104e-01  3.85013455e-01
 -2.99656405e-01  1.63177519e-05 -4.87671680e-01 -1.50000000e-01
 -8.00000000e-02  4.43297620e-01  7.39941065e-01]",[0.5 0. ]
0,-0.15,-0.08,"[ 3.85024731e-01  3.86438301e-01  3.91022170e-01  3.98966899e-01
  4.10615763e-01  4.26502550e-01  3.21997425e-02  2.82951887e-02
  2.41368666e-02  2.41815091e-02  2.74529959e-02  2.59098963e-02
  2.45357887e-02  2.34796130e-02  2.26857278e-02  2.21160133e-02
  2.17450015e-02  2.15569325e-02  2.15440615e-02  2.17058644e-02
  2.20489850e-02  2.25879133e-02  2.33465291e-02  2.43608274e-02
  2.56834416e-02  2.73911155e-02  2.41848323e-02  2.41405599e-02
  2.82831510e-02  3.24194340e-02  4.28149188e-01  4.11843829e-01
  3.99835977e-01  3.91571886e-01  3.86692870e-01  3.84995553e-01
 -2.99544433e-01  3.53676477e-05 -4.87256277e-01 -1.50000000e-01
 -8.00000000e-02  4.43298665e-01  7.39941691e-01]",[0.5 0. ]
0,-0.15,-0.08,"[ 3.85027962e-01  3.86410125e-01  3.90961380e-01  3.98870874e-01
  4.10480197e-01  4.26320952e-01  3.24971580e-02  2.83679066e-02
  2.40036859e-02  2.40333714e-02  2.74081040e-02  2.57769450e-02
  2.43990247e-02  2.33393233e-02  2.25417791e-02  2.19679696e-02
  2.15921801e-02  2.13984209e-02  2.13787060e-02  2.15322328e-02
  2.18653005e-02  2.23919535e-02  2.31354734e-02  2.41310278e-02
  2.54300700e-02  2.71076044e-02  2.42846786e-02  2.42416646e-02
  2.85739445e-02  3.27613678e-02  4.28335883e-01  4.11983692e-01
  3.99935755e-01  3.91636081e-01  3.86724255e-01  3.84995472e-01
 -2.99468198e-01  3.70102829e-05 -4.86573266e-01 -1.50000000e-01
 -8.00000000e-02  4.43299628e-01  7.39942268e-01]",[0.5 0. ]
0,-0.15,-0.08,"[ 3.85111683e-01  3.86387395e-01  3.90828768e-01  3.98620208e-01
  4.10097651e-01  4.25785435e-01  3.22299471e-02  2.82970105e-02
  2.41289297e-02  2.41756943e-02  2.75182675e-02  2.60382638e-02
  2.46733118e-02  2.36250767e-02  2.28386692e-02  2.22765088e-02
  2.19135545e-02  2.17344254e-02  2.17317536e-02  2.19054305e-02
  2.22625951e-02  2.28183650e-02  2.35974514e-02  2.46369938e-02
  2.59912573e-02  2.75365242e-02  2.40492960e-02  2.40094011e-02
  2.82054545e-02  3.23245282e-02  4.28895724e-01  4.12386797e-01
  4.00204457e-01  3.91785135e-01  3.86762583e-01  3.84927154e-01
 -2.99205583e-01  1.12981579e-04 -4.84629737e-01 -1.50000000e-01
 -8.00000000e-02  4.43300513e-01  7.39942799e-01]",[0.5 0. ]
0,-0.15,-0.08,"[ 3.85111008e-01  3.86301353e-01  3.90654149e-01  3.98349987e-01
  4.09720251e-01  4.25283419e-01  3.22345840e-02  2.81260274e-02
  2.40297946e-02  2.40744989e-02  2.75486443e-02  2.59958390e-02
  2.46406101e-02  2.36002832e-02  2.28205374e-02  2.22641937e-02
  2.19065114e-02  2.17323496e-02  2.17345487e-02  2.19131982e-02
  2.22756458e-02  2.28372494e-02  2.36230212e-02  2.46705029e-02
  2.60345294e-02  2.75061558e-02  2.41830606e-02  2.41310210e-02
  2.82344432e-02  3.20642951e-02  4.29426129e-01  4.12788129e-01
  4.00495590e-01  3.91978723e-01  3.86866511e-01  3.84945382e-01
 -2.99015396e-01  1.03493147e-04 -4.82655271e-01 -1.50000000e-01
 -8.00000000e-02  4.43301329e-01  7.39943287e-01]",[0.5 0. ]
0,-0.15,-0.08,"[ 3.85091437e-01  3.86244924e-01  3.90559345e-01  3.98213640e-01
  4.09537221e-01  4.25046028e-01  3.26698954e-02  2.84929051e-02
  2.41921905e-02  2.42328181e-02  2.74504829e-02  2.57526545e-02
  2.44379149e-02  2.34303810e-02  2.26779955e-02  2.21451798e-02
  2.18083837e-02  2.16534073e-02  2.16738920e-02  2.18706721e-02
  2.22518585e-02  2.28336724e-02  2.36421921e-02  2.47163784e-02
  2.61130769e-02  2.73903784e-02  2.40159085e-02  2.39881689e-02
  2.83288346e-02  3.24495130e-02  4.29678352e-01  4.12983637e-01
  4.00642808e-01  3.92083349e-01  3.86932158e-01  3.84973955e-01
 -2.98882557e-01  7.94029198e-05 -4.81842424e-01 -1.50000000e-01
 -8.00000000e-02  4.43302079e-01  7.39943736e-01]",[0.5 0. ]
0,-0.15,-0.08,"[ 3.84992767e-01  3.86182059e-01  3.90532806e-01  3.98225512e-01
  4.09591424e-01  4.25148813e-01  3.22364531e-02  2.81739644e-02
  2.41228598e-02  2.41690703e-02  2.75500440e-02  2.60798467e-02
  2.47205525e-02  2.36771236e-02  2.28950837e-02  2.23371478e-02
  2.19785063e-02  2.18039780e-02  2.18063888e-02  2.19858366e-02
  2.23497022e-02  2.29134042e-02  2.37020500e-02  2.47533222e-02
  2.61222608e-02  2.75047576e-02  2.41279996e-02  2.40840566e-02
  2.81374404e-02  3.22436921e-02  4.29562307e-01  4.12918155e-01
  4.00620952e-01  3.92100682e-01  3.86986177e-01  3.85063768e-01
 -2.98660740e-01 -1.48386011e-05 -4.83012798e-01 -1.50000000e-01
 -8.00000000e-02  4.43302769e-01  7.39944150e-01]",[0.5 0. ]
0,-0.15,-0.08,"[ 3.84967846e-01  3.86154612e-01  3.90502538e-01  3.98192007e-01
  4.09554114e-01  4.25106928e-01  3.25469515e-02  2.84015163e-02
  2.40491898e-02  2.40796910e-02  2.75153881e-02  2.59871363e-02
  2.46242103e-02  2.35774931e-02  2.27921610e-02  2.22306777e-02
  2.18680288e-02  2.16888447e-02  2.16857551e-02  2.18586342e-02
  2.22145879e-02  2.27686812e-02  2.35455472e-02  2.45822123e-02
  2.59327780e-02  2.75394050e-02  2.41884780e-02  2.41513648e-02
  2.84581841e-02  3.26147236e-02  4.29605401e-01  4.12956457e-01
  4.00655287e-01  3.92131661e-01  3.87014248e-01  3.85089253e-01
 -2.98444341e-01 -4.00557980e-05 -4.83418680e-01 -1.50000000e-01
 -8.00000000e-02  4.43303405e-01  7.39944531e-01]",[0.5 0. ]
0,-0.15,-0.08,"[ 3.84965192e-01  3.86179262e-01  3.90555486e-01  3.98275465e-01
  4.09671744e-01  4.25264261e-01  3.24103724e-02  2.85406505e-02
  2.42351862e-02  2.42802376e-02  2.74979224e-02  2.58350369e-02
  2.44759088e-02  2.34318661e-02  2.26481382e-02  2.20872182e-02
  2.17240934e-02  2.15433643e-02  2.15375947e-02  2.17065499e-02
  2.20571723e-02  2.26042923e-02  2.33722107e-02  2.43974818e-02
  2.57335284e-02  2.74582664e-02  2.41589775e-02  2.41220588e-02
  2.84173422e-02  3.25693028e-02  4.29437958e-01  4.12830310e-01
  4.00564399e-01  3.92071987e-01  3.86983271e-01  3.85085714e-01
 -2.98239873e-01 -3.96213700e-05 -4.84783119e-01 -1.50000000e-01
 -8.00000000e-02  4.43303989e-01  7.39944881e-01]",[0.5 0. ]
0,-0.15,-0.08,"[ 3.84977052e-01  3.86236204e-01  3.90659300e-01  3.98429960e-01
  4.09883142e-01  4.25541890e-01  3.28342707e-02  2.86495198e-02
  2.41931830e-02  2.42245298e-02  2.69089770e-02  2.52111943e-02
  2.38959124e-02  2.28861933e-02  2.21292944e-02  2.15891158e-02
  2.12416302e-02  2.10721262e-02  2.10736353e-02  2.12462189e-02
  2.15969745e-02  2.21407627e-02  2.29017967e-02  2.39164256e-02
  2.52377447e-02  2.69432168e-02  2.43461801e-02  2.43084308e-02
  2.88088678e-02  3.28321371e-02  4.29145212e-01  4.12606197e-01
  4.00398828e-01  3.91958167e-01  3.86916942e-01  3.85064692e-01
 -2.98063152e-01 -2.31817562e-05 -4.86664467e-01 -1.50000000e-01
 -8.00000000e-02  4.43304528e-01  7.39945203e-01]",[0.5 0. ]
0,-0.15,-0.08,"[ 3.84995450e-01  3.86221202e-01  3.90609790e-01  3.98343347e-01
  4.09755062e-01  4.25365706e-01  3.29610310e-02  2.87564351e-02
  2.42307856e-02  2.42587683e-02  2.73496992e-02  2.56332957e-02
  2.43037296e-02  2.32835090e-02  2.25195005e-02  2.19753496e-02
  2.16268942e-02  2.14593986e-02  2.14659806e-02  2.16469084e-02
  2.20096268e-02  2.25695213e-02  2.33515658e-02  2.43932015e-02
  2.57490998e-02  2.74767716e-02  2.42853045e-02  2.42476960e-02
  2.86111765e-02  3.25390680e-02  4.29332120e-01  4.12743320e-01
  4.00493348e-01  3.92014857e-01  3.86938722e-01  3.85052956e-01
 -2.97752491e-01 -8.14560482e-06 -4.86658722e-01 -1.50000000e-01
 -8.00000000e-02  4.43305023e-01  7.39945500e-01]",[0.5 0. ]
0,-0.15,-0.08,"[ 3.84951208e-01  3.86188020e-01  3.90587724e-01  3.98332933e-01
  4.09757395e-01  4.25382591e-01  3.23583171e-02  2.83842480e-02
  2.41709598e-02  2.42102020e-02  2.74411970e-02  2.61890636e-02
  2.47974290e-02  2.37276309e-02  2.29232522e-02  2.23456376e-02
  2.19689505e-02  2.17771829e-02  2.17624364e-02  2.19241105e-02
  2.22688423e-02  2.28111846e-02  2.35751544e-02  2.45969726e-02
  2.59296098e-02  2.76137649e-02  2.42345581e-02  2.42017976e-02
  2.86106249e-02  3.27982344e-02  4.29311867e-01  4.12738108e-01
  4.00501197e-01  3.92034540e-01  3.86969595e-01  3.85094865e-01
 -2.97374266e-01 -5.12424333e-05 -4.87829160e-01 -1.50000000e-01
 -8.00000000e-02  4.43305478e-01  7.39945773e-01]",[0.5 0. ]
0,-0.15,-0.08,"[ 3.84927710e-01  3.86165802e-01  3.90566645e-01  3.98312900e-01
  4.09738367e-01  4.25364588e-01  3.25058726e-02  2.83827810e-02
  2.39814933e-02  2.40057783e-02  2.73301622e-02  2.62068909e-02
  2.47866451e-02  2.36933805e-02  2.28688314e-02  2.22730407e-02
  2.18791910e-02  2.16704742e-02  2.16382744e-02  2.17812800e-02
  2.21053517e-02  2.26241197e-02  2.33604262e-02  2.43489094e-02
  2.56403050e-02  2.73085435e-02  2.42795693e-02  2.42344055e-02
  2.84210379e-02  3.25888681e-02  4.29329628e-01  4.12756910e-01
  4.00521005e-01  3.92055382e-01  3.86991552e-01  3.85118071e-01
 -2.96997996e-01 -7.46193026e-05 -4.88817712e-01 -1.50000000e-01
 -8.00000000e-02  4.43305898e-01  7.39946024e-01]",[0.5 0. ]
0,-0.15,-0.08,"[ 3.84954388e-01  3.86172486e-01  3.90552800e-01  3.98277109e-01
  4.09678165e-01  4.25276168e-01  3.23642952e-02  2.84313620e-02
  2.41242280e-02  2.41625869e-02  2.73830318e-02  2.59357335e-02
  2.45430519e-02  2.34716644e-02  2.26647542e-02  2.20833731e-02
  2.17014297e-02  2.15026569e-02  2.14788578e-02  2.16290634e-02
  2.19594341e-02  2.24838888e-02  2.32255815e-02  2.42195305e-02
  2.55169892e-02  2.71926599e-02  2.42992360e-02  2.42551557e-02
  2.85811261e-02  3.27729149e-02  4.29424638e-01  4.12822680e-01
  4.00561678e-01  3.92073677e-01  3.86989091e-01  3.85095564e-01
 -2.96595235e-01 -5.00608338e-05 -4.89520936e-01 -1.50000000e-01
 -8.00000000e-02  4.43306284e-01  7.39946256e-01]",[0.5 0. ]
0,-0.15,-0.08,"[ 3.84991357e-01  3.86134463e-01  3.90437310e-01  3.98078345e-01
  4.09386361e-01  4.24876473e-01  3.22422302e-02  2.81356220e-02
  2.40184900e-02  2.40613184e-02  2.75132510e-02  2.61393213e-02
  2.47678101e-02  2.37144642e-02  2.29241005e-02  2.23589354e-02
  2.19937870e-02  2.18131784e-02  2.18096803e-02  2.19831504e-02
  2.23407186e-02  2.28975168e-02  2.36782952e-02  2.47202599e-02
  2.60777770e-02  2.75415434e-02  2.40497560e-02  2.40096648e-02
  2.82039401e-02  3.23233067e-02  4.29853287e-01  4.13138895e-01
  4.00781778e-01  3.92208527e-01  3.87045378e-01  3.85076526e-01
 -2.96091867e-01 -2.21120314e-05 -4.88952458e-01 -1.50000000e-01
 -8.00000000e-02  4.43306639e-01  7.39946468e-01]",[0.5 0. ]
0,-0.15,-0.08,"[ 3.84987820e-01  3.86033884e-01  3.90236161e-01  3.97768782e-01
  4.08955404e-01  4.24304553e-01  3.24482162e-02  2.83091888e-02
  2.40934792e-02  2.41346695e-02  2.75743642e-02  2.60435601e-02
  2.46922011e-02  2.36552269e-02  2.28786210e-02  2.23254240e-02
  2.19710694e-02  2.18005708e-02  2.18069226e-02  2.19903832e-02
  2.23585018e-02  2.29268913e-02  2.37209021e-02  2.47785420e-02
  2.61553117e-02  2.74804757e-02  2.41729432e-02  2.41223124e-02
  2.82256094e-02  3.20634660e-02  4.30471968e-01  4.13609212e-01
  4.01125659e-01  3.92440715e-01  3.87175127e-01  3.85108586e-01
 -2.95694045e-01 -3.99596699e-05 -4.87212470e-01 -1.50000000e-01
 -8.00000000e-02  4.43306965e-01  7.39946664e-01]",[0.5 0. ]
0,-0.15,-0.08,"[ 3.84948683e-01  3.85917975e-01  3.90040465e-01  3.97486868e-01
  4.08576774e-01  4.23813492e-01  3.20994705e-02  2.80962631e-02
  2.40813801e-02  2.41313865e-02  2.75229819e-02  2.58940126e-02
  2.45377646e-02  2.34962806e-02  2.27150485e-02  2.21567478e-02
  2.17965159e-02  2.16190897e-02  2.16171721e-02  2.17906851e-02
  2.21467616e-02  2.27004757e-02  2.34764533e-02  2.45116984e-02
  2.58602749e-02  2.75318084e-02  2.40320210e-02  2.39952877e-02
  2.82448489e-02  3.23692421e-02  4.31007682e-01  4.14025360e-01
  4.01440201e-01  3.92665823e-01  3.87318567e-01  3.85174525e-01
 -2.95271102e-01 -9.25370974e-05 -4.85952164e-01 -1.50000000e-01
 -8.00000000e-02  4.43307266e-01  7.39946844e-01]",[0.5 0. ]
0,-0.15,-0.08,"[ 3.84934970e-01  3.85898664e-01  3.90015250e-01  3.97455191e-01
  4.08537774e-01  4.23765916e-01  3.26758336e-02  2.84991468e-02
  2.41241014e-02  2.41600358e-02  2.71263519e-02  2.54494758e-02
  2.41509785e-02  2.31559413e-02  2.24129674e-02  2.18869312e-02
  2.15545862e-02  2.14019217e-02  2.14226741e-02  2.16176888e-02
  2.19950042e-02  2.25706791e-02  2.33705210e-02  2.44330820e-02
  2.58146098e-02  2.73868972e-02  2.41078976e-02  2.40677366e-02
  2.82046968e-02  3.22838977e-02  4.31058930e-01  4.14067426e-01
  4.01474519e-01  3.92693391e-01  3.87340048e-01  3.85190316e-01
 -2.94944321e-01 -1.07311176e-04 -4.86665158e-01 -1.50000000e-01
 -8.00000000e-02  4.43307543e-01  7.39947010e-01]",[0.5 0. ]
0,-0.15,-0.08,"[ 3.84900842e-01  3.85890228e-01  3.90033125e-01  3.97501121e-01
  4.08614828e-01  4.23878852e-01  3.23594348e-02  2.84773694e-02
  2.42502246e-02  2.43011835e-02  2.76032766e-02  2.59294062e-02
  2.45908654e-02  2.35641498e-02  2.27959160e-02  2.22496778e-02
  2.19012141e-02  2.17358025e-02  2.17466494e-02  2.19341966e-02
  2.23061653e-02  2.28783483e-02  2.36763049e-02  2.47383121e-02
  2.61202480e-02  2.74516445e-02  2.41317283e-02  2.40966605e-02
  2.83916597e-02  3.25275730e-02  4.30930891e-01  4.13977607e-01
  4.01417393e-01  3.92665310e-01  3.87338807e-01  3.85214892e-01
 -2.94518806e-01 -1.36683696e-04 -4.88496523e-01 -1.50000000e-01
 -8.00000000e-02  4.43307797e-01  7.39947162e-01]",[0.5 0. ]
0,-0.15,-0.08,"[ 3.84874386e-01  3.85888013e-01  3.90055786e-01  3.97550359e-01
  4.08693602e-01  4.23991722e-01  3.25316166e-02  2.83845072e-02
  2.40947798e-02  2.41314443e-02  2.75556710e-02  2.58903493e-02
  2.45422589e-02  2.35075097e-02  2.27321057e-02  2.21790930e-02
  2.18238879e-02  2.16514579e-02  2.16547156e-02  2.18337936e-02
  2.21960579e-02  2.27568626e-02  2.35411933e-02  2.45865415e-02
  2.59476645e-02  2.74991371e-02  2.41095559e-02  2.40733004e-02
  2.83466776e-02  3.24826810e-02  4.30804278e-01  4.13887228e-01
  4.01357989e-01  3.92633401e-01  3.87332272e-01  3.85232729e-01
 -2.94097117e-01 -1.58852371e-04 -4.90317591e-01 -1.50000000e-01
 -8.00000000e-02  4.43308031e-01  7.39947303e-01]",[0.5 0. ]
0,-0.15,-0.08,"[ 3.84854074e-01  3.85900101e-01  3.90101256e-01  3.97631623e-01
  4.08814766e-01  4.24159055e-01  3.28533165e-02  2.86676983e-02
  2.42266160e-02  2.42610314e-02  2.73612231e-02  2.56299192e-02
  2.42885958e-02  2.32586366e-02  2.24861553e-02  2.19342618e-02
  2.15783848e-02  2.14034481e-02  2.14022577e-02  2.15747650e-02
  2.19280624e-02  2.24771085e-02  2.32463277e-02  2.42724138e-02
  2.56089747e-02  2.73342128e-02  2.43168805e-02  2.42755150e-02
  2.86760042e-02  3.26464535e-02  4.30619283e-01  4.13751175e-01
  4.01263715e-01  3.92576133e-01  3.87309062e-01  3.85242132e-01
 -2.93680334e-01 -1.73731505e-04 -4.92402858e-01 -1.50000000e-01
 -8.00000000e-02  4.43308247e-01  7.39947432e-01]",[0.5 0. ]
0,-0.15,-0.08,"[ 3.84889668e-01  3.85846739e-01  3.89956105e-01  3.97387922e-01
  4.08461097e-01  4.23678050e-01  3.25643322e-02  2.84085898e-02
  2.42076789e-02  2.42485094e-02  2.75780975e-02  2.58583054e-02
  2.45262974e-02  2.35047708e-02  2.27407092e-02  2.21978551e-02
  2.18521529e-02  2.16890024e-02  2.17017046e-02  2.18907766e-02
  2.22640043e-02  2.28372407e-02  2.36361091e-02  2.46989639e-02
  2.60817898e-02  2.74387372e-02  2.40764353e-02  2.40518072e-02
  2.84941126e-02  3.26447293e-02  4.31151605e-01  4.14148063e-01
  4.01545131e-01  3.92755434e-01  3.87394562e-01  3.85238008e-01
 -2.93119742e-01 -1.53928750e-04 -4.91602621e-01 -1.50000000e-01
 -8.00000000e-02  4.43308445e-01  7.39947550e-01]",[0.5 0. ]
0,-0.15,-0.08,"[ 3.84893699e-01  3.85738204e-01  3.89731209e-01  3.97037900e-01
  4.07971302e-01  4.23026317e-01  3.29359276e-02  2.87280622e-02
  2.42391610e-02  2.42694322e-02  2.74175404e-02  2.57147060e-02
  2.43959564e-02  2.33849670e-02  2.26293842e-02  2.20934155e-02
  2.17533407e-02  2.15948094e-02  2.16113148e-02  2.18035289e-02
  2.21793706e-02  2.27548187e-02  2.35556302e-02  2.46203229e-02
  2.60051076e-02  2.74131417e-02  2.42163090e-02  2.41809001e-02
  2.84604822e-02  3.24918204e-02  4.31880890e-01  4.14703100e-01
  4.01951994e-01  3.93031691e-01  3.87551310e-01  3.85281058e-01
 -2.92621133e-01 -1.73487448e-04 -4.89737887e-01 -1.50000000e-01
 -8.00000000e-02  4.43308627e-01  7.39947660e-01]",[0.5 0. ]
0,-0.15,-0.08,"[ 3.84798900e-01  3.85615768e-01  3.89579449e-01  3.96853879e-01
  4.07750577e-01  4.22762502e-01  3.23239598e-02  2.84205136e-02
  2.41792429e-02  2.42197863e-02  2.74355958e-02  2.60946127e-02
  2.47066083e-02  2.36395246e-02  2.28370578e-02  2.22606284e-02
  2.18844446e-02  2.16925167e-02  2.16769386e-02  2.18370760e-02
  2.21795024e-02  2.27186704e-02  2.34784496e-02  2.44948475e-02
  2.58205272e-02  2.75322680e-02  2.42448990e-02  2.42108723e-02
  2.86133333e-02  3.28021177e-02  4.32167799e-01  4.14943050e-01
  4.02152506e-01  3.93198046e-01  3.87687107e-01  3.85388544e-01
 -2.92019993e-01 -2.74652998e-04 -4.90207150e-01 -1.50000000e-01
 -8.00000000e-02  4.43308795e-01  7.39947760e-01]",[0.5 0. ]
0,-0.15,-0.08,"[ 3.84748665e-01  3.85540772e-01  3.89478468e-01  3.96724582e-01
  4.07589311e-01  4.22563914e-01  3.25773883e-02  2.84443963e-02
  2.40134036e-02  2.40374697e-02  2.73351914e-02  2.60373143e-02
  2.46277876e-02  2.35428516e-02  2.27247182e-02  2.21337599e-02
  2.17433862e-02  2.15369413e-02  2.15059042e-02  2.16490107e-02
  2.19721262e-02  2.24888432e-02  2.32219209e-02  2.42058602e-02
  2.54911912e-02  2.71515463e-02  2.42945393e-02  2.42515740e-02
  2.85041661e-02  3.26839763e-02  4.32387148e-01  4.15121662e-01
  4.02296761e-01  3.93312363e-01  3.87774421e-01  3.85450596e-01
 -2.91447918e-01 -3.30824050e-04 -4.90918865e-01 -1.50000000e-01
 -8.00000000e-02  4.43308950e-01  7.39947853e-01]",[0.5 0. ]
0,-0.15,-0.08,"[ 3.84787366e-01  3.85476098e-01  3.89307395e-01  3.96439557e-01
  4.07177454e-01  4.22005569e-01  3.25400040e-02  2.85257914e-02
  2.41476470e-02  2.41832749e-02  2.73887626e-02  2.57275899e-02
  2.43477134e-02  2.32862626e-02  2.24869832e-02  2.19113147e-02
  2.15334317e-02  2.13372441e-02  2.13146628e-02  2.14647682e-02
  2.17937175e-02  2.23153726e-02  2.30527719e-02  2.40407471e-02
  2.53302740e-02  2.69956529e-02  2.43314692e-02  2.42880856e-02
  2.86697516e-02  3.28739720e-02  4.33033967e-01  4.15607979e-01
  4.02646699e-01  3.93542141e-01  3.87894258e-01  3.85465826e-01
 -2.90789176e-01 -3.19140201e-04 -4.89993932e-01 -1.50000000e-01
 -8.00000000e-02  4.43309092e-01  7.39947938e-01]",[0.5 0. ]
0,-0.15,-0.08,"[ 3.84862007e-01  3.85400838e-01  3.89078200e-01  3.96045862e-01
  4.06601038e-01  4.21218503e-01  3.23098350e-02  2.81920649e-02
  2.40635103e-02  2.41067140e-02  2.75443466e-02  2.60094885e-02
  2.46524741e-02  2.36107126e-02  2.28297860e-02  2.22724473e-02
  2.19139057e-02  2.17389813e-02  2.17404829e-02  2.19184715e-02
  2.22802668e-02  2.28411970e-02  2.36262380e-02  2.46728848e-02
  2.60359062e-02  2.75104497e-02  2.40465086e-02  2.40096643e-02
  2.82590226e-02  3.23832279e-02  4.33968752e-01  4.16308779e-01
  4.03148910e-01  3.93869570e-01  3.88061935e-01  3.85481653e-01
 -2.90019491e-01 -2.89798003e-04 -4.88173432e-01 -1.50000000e-01
 -8.00000000e-02  4.43309223e-01  7.39948016e-01]",[0.5 0. ]
0,-0.15,-0.08,"[ 3.84899566e-01  3.85251649e-01  3.88737126e-01  3.95499649e-01
  4.05826950e-01  4.20181808e-01  3.24945897e-02  2.83466691e-02
  2.41102267e-02  2.41507325e-02  2.76032363e-02  2.60128185e-02
  2.46701170e-02  2.36402190e-02  2.28696186e-02  2.23217188e-02
  2.19722258e-02  2.18063736e-02  2.18173510e-02  2.20056049e-02
  2.23788856e-02  2.29530422e-02  2.37537227e-02  2.48193368e-02
  2.62059552e-02  2.74516842e-02  2.41494462e-02  2.41012112e-02
  2.81830628e-02  3.20557605e-02  4.35224481e-01  4.17267115e-01
  4.03855636e-01  3.94355679e-01  3.88347271e-01  3.85577054e-01
 -2.89343791e-01 -3.18743331e-04 -4.84703195e-01 -1.50000000e-01
 -8.00000000e-02  4.43309343e-01  7.39948088e-01]",[0.5 0. ]
0,-0.15,-0.08,"[ 3.84900088e-01  3.85093750e-01  3.88416482e-01  3.95005081e-01
  4.05139288e-01  4.19271810e-01  3.20865302e-02  2.81263851e-02
  2.41060353e-02  2.41577095e-02  2.75594625e-02  2.59213681e-02
  2.45726958e-02  2.35375620e-02  2.27619716e-02  2.22089734e-02
  2.18539899e-02  2.16820001e-02  2.16859354e-02  2.18659558e-02
  2.22294669e-02  2.27918777e-02  2.35782514e-02  2.46261886e-02
  2.59906042e-02  2.74953504e-02  2.40262536e-02  2.39901470e-02
  2.82253699e-02  3.23427634e-02  4.36351003e-01  4.18136754e-01
  4.04508544e-01  3.94819170e-01  3.88639018e-01  3.85706986e-01
 -2.88634772e-01 -3.83431094e-04 -4.81974601e-01 -1.50000000e-01
 -8.00000000e-02  4.43309453e-01  7.39948155e-01]",[0.5 0. ]
0,-0.15,-0.08,"[ 3.84831728e-01  3.84954220e-01  3.88203370e-01  3.94712883e-01
  4.04758885e-01  4.18789518e-01  3.25986909e-02  2.84356165e-02
  2.40966763e-02  2.41317104e-02  2.75046270e-02  2.57938791e-02
  2.44689552e-02  2.34530980e-02  2.26936603e-02  2.21546441e-02
  2.18121835e-02  2.16518231e-02  2.16669800e-02  2.18582714e-02
  2.22335768e-02  2.28088469e-02  2.36098182e-02  2.46749908e-02
  2.60605543e-02  2.74240900e-02  2.41004268e-02  2.40605040e-02
  2.81892835e-02  3.22959502e-02  4.36942504e-01  4.18608648e-01
  4.04879973e-01  3.95103317e-01  3.88844616e-01  3.85839215e-01
 -2.88022724e-01 -4.83667587e-04 -4.81285352e-01 -1.50000000e-01
 -8.00000000e-02  4.43309555e-01  7.39948216e-01]",[0.5 0. ]
0,-0.15,-0.08,"[ 3.84714370e-01  3.84810061e-01  3.88030773e-01  3.94509015e-01
  4.04519493e-01  4.18508532e-01  3.24546668e-02  2.85424542e-02
  2.42509552e-02  2.42975033e-02  2.75598241e-02  2.59035703e-02
  2.45557871e-02  2.35213335e-02  2.27462491e-02  2.21936064e-02
  2.18388435e-02  2.16669487e-02  2.16708572e-02  2.18507280e-02
  2.22139605e-02  2.27759518e-02  2.35617460e-02  2.46089160e-02
  2.59723354e-02  2.74949898e-02  2.41945357e-02  2.41587950e-02
  2.84997609e-02  3.26567771e-02  4.37270214e-01  4.18886811e-01
  4.05116937e-01  3.95305019e-01  3.89015207e-01  3.85981440e-01
 -2.87351417e-01 -6.13381426e-04 -4.81914948e-01 -1.50000000e-01
 -8.00000000e-02  4.43309649e-01  7.39948272e-01]",[0.5 0. ]
0,-0.15,-0.08,"[ 3.84627485e-01  3.84687206e-01  3.87870334e-01  3.94307802e-01
  4.04272461e-01  4.18208282e-01  3.27383710e-02  2.85667125e-02
  2.41660908e-02  2.41985175e-02  2.72983551e-02  2.55732575e-02
  2.42367743e-02  2.32106421e-02  2.24412134e-02  2.18917650e-02
  2.15378446e-02  2.13644631e-02  2.13644914e-02  2.15379307e-02
  2.18919125e-02  2.24414287e-02  2.32109349e-02  2.42371593e-02
  2.55737558e-02  2.72989977e-02  2.41845790e-02  2.41528833e-02
  2.85692079e-02  3.27396828e-02  4.37631536e-01  4.19184769e-01
  4.05361945e-01  3.95504363e-01  3.89173841e-01  3.86102478e-01
 -2.86687471e-01 -7.17273768e-04 -4.82407953e-01 -1.50000000e-01
 -8.00000000e-02  4.43309735e-01  7.39948323e-01]",[0.5 0. ]
0,-0.15,-0.08,"[ 0.38453137  0.38457717  0.38774526  0.39416592  0.40411125  0.41802425
  0.0329511   0.02876425  0.02421915  0.02424578  0.02738441  0.02562301
  0.02425802  0.02320851  0.02241907  0.02185172  0.02148105  0.02129132
  0.02127471  0.02143053  0.02176518  0.02229279  0.02303669  0.02403213
  0.02533065  0.02700737  0.02444087  0.0243976   0.02889075  0.03289773
  0.43784252  0.4193682   0.40552261  0.39564574  0.38929843  0.38621201
 -0.2859579  -0.00082004 -0.48376703 -0.15       -0.08        0.44330981
  0.73994837]",[0.5 0. ]
0,-0.15,-0.08,"[ 0.38465454  0.38448964  0.38744301  0.39363597  0.40333024  0.41695591
  0.03249411  0.02836564  0.02416871  0.02420779  0.02751895  0.02587102
  0.02451508  0.02347378  0.02269259  0.0221342   0.02177373  0.0215959
  0.0215934   0.02176614  0.02212119  0.02267361  0.02344795  0.02448113
  0.02582708  0.02753584  0.02413017  0.02410277  0.0285498   0.03271916
  0.43927216  0.42045305  0.40631721  0.39618706  0.38961036  0.38630798
 -0.28500945 -0.00080634 -0.48079247 -0.15       -0.08        0.44330989
  0.73994841]",[0.5 0. ]
0,-0.15,-0.08,"[ 0.38477486  0.38437306  0.38708543  0.39302323  0.4024367   0.41574161
  0.03274719  0.02857288  0.02414054  0.02417003  0.02754944  0.02581525
  0.02446954  0.02343652  0.02266226  0.02210985  0.02175471  0.02158182
  0.02158407  0.02176155  0.02212156  0.02267935  0.02345977  0.02450011
  0.02585482  0.02750536  0.02422604  0.02418525  0.02840834  0.03244032
  0.44095082  0.42173693  0.40726975  0.39685145  0.39001471  0.38646847
 -0.28416521 -0.00082621 -0.47656647 -0.15       -0.08        0.44330995
  0.73994845]",[0.5 0. ]
0,-0.15,-0.08,"[ 0.38485802  0.38424348  0.38673974  0.39244908  0.4016115   0.41463014
  0.0322882   0.02844203  0.02417727  0.02422228  0.02744771  0.02588345
  0.02450949  0.02345335  0.02265937  0.02208942  0.02171801  0.02152936
  0.02151569  0.02167646  0.02201826  0.02255553  0.02331206  0.02432375
  0.02564305  0.02734648  0.02421444  0.02417765  0.02853928  0.03271587
  0.44253308  0.42295761  0.40818788  0.39750738  0.39043494  0.38666858
 -0.28326361 -0.00088438 -0.47304153 -0.15       -0.08        0.44331002
  0.73994849]",[0.5 0. ]
0,-0.15,-0.08,"[ 0.38496372  0.38415844  0.38646158  0.39196744  0.40090696  0.41367214
  0.03262798  0.02848151  0.02406231  0.02409075  0.02741059  0.02565452
  0.024284    0.02323003  0.02243688  0.02186634  0.02149286  0.02130054
  0.02128145  0.02143483  0.02176696  0.02229185  0.02303271  0.02402459
  0.02531877  0.02699     0.02425346  0.02421261  0.02850102  0.03267342
  0.44395335  0.42405055  0.40900748  0.39809053  0.39080594  0.38684181
 -0.28247907 -0.00091784 -0.46993138 -0.15       -0.08        0.44331007
  0.73994853]",[0.5 0. ]
0,-0.15,-0.08,"[ 0.38517976  0.38411116  0.38614892  0.39137635  0.40001212  0.41243318
  0.03266786  0.02858044  0.02416371  0.02419756  0.02739675  0.02562858
  0.02425828  0.02320443  0.02241125  0.02184055  0.02146673  0.0212739
  0.0212541   0.02140654  0.02173745  0.0222608   0.02299973  0.02398917
  0.02528026  0.02694754  0.02434912  0.02430583  0.02871097  0.03288452
  0.44589009  0.42553194  0.41010941  0.39886479  0.39128668  0.38704935
 -0.2816358  -0.00091322 -0.46516118 -0.15       -0.08        0.44331013
  0.73994856]",[0.5 0. ]
0,-0.15,-0.08,"[ 0.38557732  0.38412107  0.38577008  0.39059168  0.39878677  0.41071079
  0.03230704  0.02819056  0.02407269  0.02411605  0.02753295  0.02595861
  0.02460145  0.02355941  0.022778    0.02221992  0.02186033  0.021684
  0.02168368  0.02185936  0.02221825  0.02277557  0.0235561   0.02459709
  0.02595297  0.02752184  0.02405658  0.02402083  0.02829545  0.03242615
  0.44876899  0.42772962  0.41174129  0.40000976  0.39199692  0.38735632
 -0.28061999 -0.00086741 -0.45766051 -0.15       -0.08        0.44331017
  0.73994859]",[0.5 0. ]
0,-0.15,-0.08,"[ 0.38596987  0.38411089  0.38535753  0.38976063  0.39750297  0.40891823
  0.03244993  0.02831183  0.02407459  0.02411365  0.0275648   0.02599381
  0.02464266  0.02360571  0.02282888  0.02227519  0.02192002  0.02174836
  0.02175315  0.02193459  0.02230014  0.02286529  0.02365525  0.02470779
  0.02607811  0.02749002  0.0241566   0.02410712  0.02817807  0.03206424
  0.45193813  0.43016973  0.41357887  0.40133153  0.3928608   0.38779804
 -0.27968595 -0.0008911  -0.44911612 -0.15       -0.08        0.44331022
  0.73994861]",[0.5 0. ]
0,-0.15,-0.08,"[ 0.38639683  0.38412818  0.38496745  0.38894884  0.39623706  0.40714431
  0.03207815  0.02818875  0.02410958  0.02416067  0.02751598  0.02580001
  0.02444697  0.02340785  0.02262822  0.02207082  0.02171083  0.02153298
  0.02152996  0.02170164  0.02205508  0.02260525  0.02337659  0.02440588
  0.02574683  0.0274778   0.0240688   0.02403115  0.02828826  0.03241981
  0.45529178  0.43276172  0.41554428  0.40276314  0.39382098  0.38832592
 -0.27876458 -0.0009403  -0.44024787 -0.15       -0.08        0.44331026
  0.73994864]",[0.5 0. ]
0,-0.15,-0.08,"[ 0.38673247  0.38417621  0.38473081  0.38841885  0.39539257  0.40594949
  0.03270709  0.02852826  0.02414349  0.02417982  0.02698902  0.02531637
  0.02402105  0.02302823  0.02228653  0.02176085  0.02142796  0.02127379
  0.02129204  0.02148344  0.02185588  0.0224252   0.0232169   0.02426909
  0.02563741  0.02740164  0.02411585  0.02407764  0.02827477  0.03239176
  0.45770097  0.43462517  0.41696048  0.40379981  0.39452379  0.38872387
 -0.27797584 -0.00097045 -0.43458626 -0.15       -0.08        0.4433103
  0.73994866]",[0.5 0. ]
0,-0.15,-0.08,"[ 0.38676715  0.38405972  0.38446389  0.38799612  0.39480205  0.40517145
  0.03255942  0.02860374  0.02425523  0.02429799  0.0275369   0.02581851
  0.02446962  0.02343399  0.02265748  0.02210303  0.02174597  0.02157119
  0.02157148  0.02174688  0.02210458  0.02265973  0.02343706  0.02447365
  0.02582373  0.02751789  0.02424437  0.0242079   0.02858641  0.03274435
  0.45917735  0.43579962  0.41788859  0.40452008  0.3950626   0.38909846
 -0.277171   -0.0011387  -0.43210617 -0.15       -0.08        0.44331033
  0.73994868]",[0.5 0. ]
0,-0.15,-0.08,"[ 0.38702072  0.3840225   0.38413948  0.3873764   0.39386646  0.40388496
  0.03234247  0.02822334  0.02403647  0.02407532  0.0275106   0.02627262
  0.02489349  0.02383425  0.02303941  0.02247096  0.02210356  0.02192164
  0.02191772  0.02209164  0.02245054  0.02300962  0.02379372  0.0248402
  0.02620365  0.0275442   0.02407898  0.02404112  0.02826828  0.03239729
  0.46185108  0.43789666  0.41951571  0.40575096  0.39594745  0.38966987
 -0.27616008 -0.00129517 -0.42647578 -0.15       -0.08        0.44331036
  0.7399487 ]",[0.5 0. ]
0,-0.15,-0.08,"[ 0.38740619  0.38407071  0.38385638  0.38675447  0.39288399  0.40250384
  0.03242516  0.02829991  0.02407582  0.02411365  0.0274733   0.0263671
  0.02497363  0.02390284  0.02309843  0.02252183  0.02214729  0.02195891
  0.02194894  0.02211697  0.0224699   0.02302264  0.02379973  0.02483807
  0.02619164  0.02758156  0.02424951  0.02419746  0.02835817  0.03219672
  0.4649449   0.440313    0.42138172  0.40715426  0.39694778  0.39030616
 -0.27522192 -0.00141777 -0.41952577 -0.15       -0.08        0.44331039
  0.73994872]",[0.5 0. ]
0,-0.15,-0.08,"[ 0.38804846  0.38427829  0.38363981  0.38610699  0.39178091  0.40090004
  0.03223933  0.02813882  0.02407783  0.02412075  0.02747033  0.02620401
  0.02481849  0.02375377  0.02295386  0.02238039  0.02200776  0.02182013
  0.02180979  0.02197632  0.02232655  0.02287529  0.02364687  0.02467795
  0.02602211  0.02758453  0.02410073  0.02406652  0.0283765   0.03252598
  0.46891356  0.44339581  0.42374771  0.40891972  0.39819199  0.39108101
 -0.27431447 -0.00148085 -0.41014596 -0.15       -0.08        0.44331042
  0.73994873]",[0.5 0. ]
0,-0.15,-0.08,"[ 0.38884239  0.38459967  0.38350295  0.38550753  0.39069534  0.39928334
  0.0327505   0.0285848   0.02409717  0.02412191  0.02745776  0.02570839
  0.02434637  0.02329957  0.02251286  0.02194849  0.02158123  0.02139548
  0.02138361  0.02154512  0.02188665  0.02242263  0.0231768   0.02418497
  0.02549949  0.02719667  0.02429247  0.02424972  0.02854435  0.03255461
  0.47331401  0.44681019  0.42636803  0.41087797  0.39957836  0.39195494
 -0.27350108 -0.00151727 -0.39963319 -0.15       -0.08        0.44331044
  0.73994875]",[0.5 0. ]
0,-0.15,-0.08,"[ 0.38983767  0.38508483  0.38349698  0.38500931  0.38968354  0.39771418
  0.03230523  0.0284744   0.02418905  0.02423424  0.0274475   0.02593627
  0.02455945  0.02350112  0.0227055   0.02213435  0.02176215  0.02157309
  0.02155937  0.02172043  0.0220629   0.02260122  0.02335925  0.02437294
  0.02569486  0.02740167  0.02422815  0.02419062  0.0285431   0.03272036
  0.47812255  0.45053025  0.42921612  0.41300264  0.40108122  0.39290339
 -0.27252154 -0.00149062 -0.38921102 -0.15       -0.08        0.44331047
  0.73994876]",[0.5 0. ]
0,-0.15,-0.08,"[ 0.39096113  0.38567493  0.3835769   0.38458125  0.3887289   0.39619167
  0.03251826  0.02838458  0.02403939  0.02407091  0.02742211  0.02580635
  0.02443031  0.02337224  0.02257624  0.022004    0.0216299   0.02143803
  0.02142048  0.02157654  0.02191261  0.02244288  0.02319079  0.02419176
  0.02549759  0.0271838   0.02421069  0.02416917  0.02842035  0.03257996
  0.48330229  0.45453893  0.43229197  0.41530891  0.40272977  0.393969
 -0.27163082 -0.00145824 -0.37803302 -0.15       -0.08        0.44331049
  0.73994877]",[0.5 0. ]
0,-0.15,-0.08,"[ 0.39248302  0.38653019  0.3837992   0.38417799  0.38768201  0.3944557
  0.0327182   0.0285678   0.02416235  0.02419651  0.02740825  0.02564648
  0.0242812   0.02323154  0.02244207  0.02187483  0.02150442  0.02131512
  0.0212991   0.02145573  0.02179144  0.02232038  0.02306597  0.02406354
  0.02536475  0.02704492  0.02433823  0.02429409  0.02867903  0.0327757
  0.48998778  0.45971295  0.43626977  0.4183061   0.4048943   0.39540044
 -0.27075007 -0.00140874 -0.36351542 -0.15       -0.08        0.44331051
  0.73994878]",[0.5 0. ]
0,-0.15,-0.08,"[ 0.39471963  0.3878707   0.38429675  0.38385038  0.38651342  0.39239507
  0.03236701  0.02823954  0.02411891  0.02416331  0.02757542  0.02585507
  0.02451364  0.02348429  0.02271341  0.02216431  0.02181261  0.02164344
  0.02164984  0.02183208  0.02219765  0.02276205  0.02355047  0.02460065
  0.02596769  0.02747942  0.02405546  0.0240208   0.02830818  0.03243639
  0.49934549  0.46695314  0.44184813  0.42253327  0.4079836   0.39749647
 -0.26972015 -0.00133292 -0.34396005 -0.15       -0.08        0.44331052
  0.7399488 ]",[0.5 0. ]
0,-0.15,-0.08,"[ 0.39716336  0.38939075  0.38495647  0.38367641  0.38549835  0.39049672
  0.03261669  0.02845148  0.02413482  0.02417215  0.02748479  0.0257729
  0.02444705  0.02343035  0.02267008  0.02213018  0.02178673  0.02162523
  0.02163905  0.02182875  0.02220214  0.0227751   0.02357324  0.02463489
  0.02601603  0.02743259  0.02418266  0.02413653  0.02832327  0.0321783
  0.50954574  0.47485485  0.44796335  0.42720968  0.41146     0.39993587
 -0.26877401 -0.00132286 -0.32353882 -0.15       -0.08        0.44331054
  0.73994881]",[0.5 0. ]
0,-0.15,-0.08,"[ 0.3995398   0.39090634  0.38567767  0.38363506  0.38469499  0.38890067
  0.03224772  0.02831831  0.02417891  0.02422589  0.02755866  0.02610251
  0.02474414  0.02370154  0.02292033  0.02236328  0.02200564  0.02183228
  0.02183606  0.02201714  0.02238297  0.02294906  0.02374063  0.02479553
  0.02616903  0.02749615  0.02409406  0.02406273  0.02838781  0.03252901
  0.51958371  0.48263753  0.45400957  0.43187008  0.4149752   0.4024709
 -0.26789395 -0.00139106 -0.30458111 -0.15       -0.08        0.44331055
  0.73994881]",[0.5 0. ]
0,-0.15,-0.08,"[ 0.40206564  0.3925717   0.3865563   0.38376569  0.38408535  0.38752829
  0.0326464   0.02848899  0.02408411  0.02411314  0.02750728  0.02594155
  0.02457908  0.02353261  0.02274727  0.02218551  0.0218223   0.02164223
  0.0216379   0.02180913  0.02216296  0.02271435  0.02348782  0.0245202
  0.02586534  0.02754752  0.0242133   0.02417294  0.02835596  0.03248962
  0.5300183   0.49071502  0.46028849  0.4367258   0.41866472  0.40517081
 -0.26703065 -0.00146524 -0.28610284 -0.15       -0.08        0.44331057
  0.73994882]",[0.5 0. ]
0,-0.15,-0.08,"[ 0.4047676   0.39441216  0.38761637  0.38409089  0.38369036  0.38639849
  0.03260017  0.028628    0.02423818  0.02427649  0.0274728   0.02590571
  0.02453685  0.023485    0.02269483  0.02212847  0.02176062  0.02157568
  0.02156604  0.02173128  0.02207822  0.0226215   0.02338523  0.02440569
  0.02573594  0.02745335  0.0242862   0.0242509   0.02867617  0.03286994
  0.540795    0.49903315  0.46674745  0.44172584  0.42247896  0.40798702
 -0.2661417  -0.00150957 -0.26848928 -0.15       -0.08        0.44331058
  0.73994883]",[0.5 0. ]
0,-0.15,-0.08,"[ 0.40758866  0.39638054  0.38881911  0.3845792   0.38348506  0.38549207
  0.03284354  0.0286616   0.02421111  0.02424117  0.02712343  0.02539915
  0.02406315  0.02303689  0.02226653  0.02171521  0.02135834  0.02118079
  0.02117525  0.02134149  0.02168636  0.02222443  0.0229796   0.02398783
  0.02530166  0.02699771  0.02425803  0.02422788  0.02871577  0.03291132
  0.55179174  0.50749618  0.47331151  0.44681196  0.42637328  0.41088618
 -0.26527741 -0.00153591 -0.25170906 -0.15       -0.08        0.44331059
  0.73994884]",[0.5 0. ]
0,-0.15,-0.08,"[ 0.41046029  0.39842266  0.39012252  0.38519926  0.38344753  0.38479578
  0.03301903  0.02882357  0.0242241   0.02424713  0.02730395  0.02554699
  0.02418542  0.02313851  0.02235097  0.0217849   0.02141495  0.0212254
  0.02120844  0.02136337  0.02169656  0.02222205  0.02296311  0.02395482
  0.02524852  0.02691904  0.0244627   0.02442133  0.02896571  0.03300906
  0.56279585  0.51593815  0.47984991  0.45188056  0.43026562  0.41380372
 -0.2644223  -0.00154672 -0.23612025 -0.15       -0.08        0.4433106
  0.73994884]",[0.5 0. ]
0,-0.15,-0.08,"[ 0.4141102   0.40107163  0.39188799  0.38615501  0.38363158  0.3842143
  0.03228671  0.02818765  0.02406613  0.02410343  0.02736553  0.02631857
  0.02490099  0.02381022  0.02298832  0.02239557  0.02200534  0.021801
  0.02177411  0.0219236   0.02225557  0.02278402  0.02353225  0.02453555
  0.02584557  0.02753759  0.02418372  0.02414911  0.02851374  0.03269478
  0.57639289  0.52632243  0.48786989  0.45809056  0.4350387   0.41739531
 -0.26340488 -0.00150641 -0.21837182 -0.15       -0.08        0.44331061
  0.73994885]",[0.5 0. ]
0,-0.15,-0.08,"[ 0.41790886  0.40386921  0.39380989  0.38728188  0.38400816  0.38385398
  0.0322639   0.02816759  0.02393046  0.02396055  0.02737991  0.02662463
  0.02519352  0.0240925   0.02326314  0.02266539  0.02227243  0.0220675
  0.02204217  0.02219539  0.02253345  0.0230706   0.02383053  0.02484912
  0.02617886  0.02767538  0.02421253  0.02416014  0.02816043  0.03218493
  0.59039315  0.53696726  0.49607086  0.46443781  0.43992694  0.42109395
 -0.26241243 -0.00144721 -0.20147777 -0.15       -0.08        0.44331062
  0.73994885]",[0.5 0. ]
0,-0.15,-0.08,"[ 0.42188535  0.4068328   0.39589509  0.38857678  0.38456422  0.38369135
  0.03195977  0.02813563  0.02408673  0.02413841  0.02744798  0.02643806
  0.02503421  0.02395508  0.02314378  0.02256134  0.0221817   0.02198873
  0.0219745   0.02213841  0.0224872   0.02303559  0.02380788  0.02484069
  0.02618758  0.02760696  0.02412237  0.02407911  0.02823671  0.032369
  0.6049526   0.54798443  0.50453478  0.47098267  0.44497409  0.42492991
 -0.26144403 -0.00137013 -0.18518573 -0.15       -0.08        0.44331063
  0.73994886]",[0.5 0. ]
0,-0.15,-0.08,"[ 0.42643898  0.41026009  0.39835403  0.39017238  0.38536029  0.38371728
  0.03233093  0.02822059  0.02398618  0.02402227  0.02742694  0.02605969
  0.02467098  0.02360322  0.02280001  0.02222269  0.02184544  0.0216522
  0.02163501  0.02179318  0.0221332   0.0226694   0.02342552  0.02443737
  0.02575732  0.02746173  0.02416078  0.02411496  0.02824643  0.03237999
  0.62160525  0.56051899  0.51413366  0.47839612  0.45069682  0.42929684
 -0.2606324  -0.001272   -0.16698196 -0.15       -0.08        0.44331064
  0.73994886]",[0.5 0. ]
0,-0.15,-0.08,"[ 0.43221891  0.41465187  0.40156393  0.39233915  0.38657122  0.38401752
  0.03270159  0.02854427  0.02415197  0.02418612  0.02742363  0.02566518
  0.02430252  0.02325507  0.02246759  0.02190227  0.02153383  0.0213466
  0.02133287  0.0214921   0.02183081  0.02236331  0.02311318  0.02411598
  0.02542374  0.02711226  0.02430795  0.02426497  0.0286363   0.03277426
  0.64276171  0.57633704  0.52619526  0.48769226  0.45787496  0.43479262
 -0.25980641 -0.00112945 -0.14525915 -0.15       -0.08        0.44331065
  0.73994887]",[0.5 0. ]
0,-0.15,-0.08,"[ 0.43984933  0.42047649  0.40586813  0.39531675  0.38834759  0.38466332
  0.03231098  0.02824208  0.024172    0.02422098  0.02759873  0.02588785
  0.02456293  0.02354738  0.02278867  0.02225088  0.02191023  0.02175235
  0.02177077  0.02196622  0.02234676  0.02292859  0.02373775  0.02481321
  0.02621179  0.02740459  0.02403355  0.02399659  0.02818079  0.03228376
  0.6716101   0.59774298  0.54244913  0.5002053   0.46755818  0.44225416
 -0.25872445 -0.00103663 -0.11844499 -0.15       -0.08        0.44331065
  0.73994887]",[1. 0.]
0,-0.15,-0.08,"[ 0.44783924  0.42659801  0.41043544  0.39854459  0.39037792  0.38558135
  0.0325749   0.02840488  0.02412481  0.02416434  0.02757606  0.02589073
  0.02458609  0.02358742  0.02284346  0.0223192   0.02199156  0.02184675
  0.02187883  0.02208912  0.0224863   0.02308731  0.0239192   0.02502227
  0.02645531  0.02732035  0.02395357  0.02392393  0.02818886  0.03228349
  0.70301355  0.6208212   0.55987192  0.51358561  0.47792227  0.45028024
 -0.25773922 -0.00103385 -0.0917447  -0.15       -0.08        0.44331066
  0.73994888]",[1. 0.]
0,-0.15,-0.08,"[ 0.45619386  0.43301325  0.4152562   0.40200738  0.39264139  0.38674484
  0.03269884  0.02861998  0.02429975  0.02434603  0.02739839  0.02570866
  0.02440029  0.0233979   0.02264979  0.02212062  0.02178702  0.02163494
  0.02165813  0.02185755  0.02224142  0.02282608  0.02363775  0.02471562
  0.02611681  0.02737225  0.02402097  0.023997    0.02840349  0.03253344
  0.73728546  0.64573505  0.57855298  0.52788246  0.48899283  0.45888123
 -0.25687087 -0.00111855 -0.06498155 -0.15       -0.08        0.44331066
  0.73994888]",[1. 0.]
0,-0.15,-0.08,"[ 0.46516007  0.43992704  0.42050215  0.40584961  0.39525907  0.38825367
  0.03286351  0.02868864  0.02431764  0.02435577  0.02693582  0.02527354
  0.02398639  0.02300021  0.0222641   0.02174327  0.02141474  0.02126465
  0.02128684  0.02148222  0.02185885  0.02243276  0.02322969  0.02428808
  0.02566403  0.02737265  0.0241779   0.02415763  0.02874231  0.03292042
  0.77510209  0.67286046  0.59870706  0.54321504  0.5008275   0.46807207
 -0.25602019 -0.00118966 -0.03875003 -0.15       -0.08        0.44331067
  0.73994888]",[1. 0.]
0,-0.15,-0.08,"[ 0.47556498  0.44795907  0.4266288   0.41039159  0.39843538  0.39020889
  0.03320229  0.02898019  0.02589571  0.0242524   0.02687046  0.02514867
  0.02381445  0.0227889   0.02201799  0.0214647   0.02110428  0.02092144
  0.02090863  0.02106535  0.02139801  0.02192068  0.0226565   0.02364038
  0.02492338  0.02657991  0.02443799  0.02441024  0.02912405  0.03338659
  0.82106199  0.70533734  0.622598    0.56127672  0.51472443  0.47886306
 -0.25522424 -0.00131921 -0.00986882 -0.15       -0.08        0.44331067
  0.73994889]",[1. 0.]
0,-0.15,-0.08,"[ 0.48950812  0.45875935  0.43494018  0.41666149  0.40297081  0.39321644
  0.03301414  0.02880652  0.02423986  0.02426783  0.02701779  0.02531214
  0.02399074  0.02297628  0.02221574  0.02167285  0.02132344  0.02115273
  0.0211537   0.02132638  0.02167788  0.02222308  0.02298626  0.02400386
  0.02532912  0.02703969  0.02429733  0.02426651  0.02881035  0.03301502
  0.88502884  0.74958693  0.65466948  0.58527101  0.53305606  0.49303924
 -0.25398846 -0.00137307  0.02288144 -0.15       -0.08        0.44331068
  0.73994889]",[1. 0.]
0,-0.15,-0.08,"[ 0.50568699  0.4712502   0.44455569  0.42395377  0.40831871  0.39687762
  0.03212577  0.0282248   0.02416235  0.02421472  0.02761585  0.0263368
  0.02498064  0.02394063  0.02316279  0.02261022  0.02225844  0.02209259
  0.02210586  0.02229879  0.02267932  0.02326363  0.02407782  0.025161
  0.02657024  0.02743912  0.02414654  0.02410091  0.02824902  0.03210469
  0.96617195  0.80429808  0.69366536  0.61413463  0.55497362  0.5099544
 -0.25265208 -0.00160779  0.05819769 -0.15       -0.08        0.44331068
  0.73994889]",[1. 0.]
0,-0.15,-0.08,"[ 0.52355786  0.48500905  0.4551609   0.43205051  0.41434842  0.40114247
  0.03198142  0.02790053  0.02392159  0.02396957  0.0275987   0.02698454
  0.02559114  0.02452233  0.02372255  0.02315383  0.02279094  0.02261855
  0.02262958  0.02282449  0.02321128  0.02380639  0.0246364   0.02574111
  0.02717865  0.02745621  0.02401317  0.02395839  0.02772529  0.0316827
  0.95148766  0.86838592  0.7383739   0.64675155  0.57950817  0.52878715
 -0.25140623 -0.001904    0.09377778 -0.15       -0.08        0.44331068
  0.73994889]",[1. 0.]
0,-0.15,-0.08,"[ 0.54198181  0.50032723  0.46696973  0.44111177  0.42118045  0.40610076
  0.03171558  0.02772812  0.02390953  0.02396479  0.0275515   0.02716877
  0.0257534   0.02466696  0.02385275  0.02327196  0.02289877  0.02271738
  0.02272033  0.02290775  0.02328734  0.02387518  0.02469748  0.02579352
  0.0272207   0.0275033   0.02391633  0.02385706  0.02753475  0.03155291
  0.93649205  0.94479414  0.7903206   0.68399479  0.60719462  0.54988037
 -0.25019528 -0.00222769  0.12946502 -0.15       -0.08        0.44331069
  0.73994889]",[1. 0.]
0,-0.15,-0.08,"[ 0.52387557  0.51718452  0.47995396  0.45111185  0.4287964   0.41174353
  0.0315654   0.02754     0.02390342  0.02396529  0.02758005  0.02725757
  0.02584535  0.02476181  0.02395054  0.02337296  0.02300342  0.02282632
  0.02283436  0.02302789  0.02341485  0.02401168  0.024845    0.02595472
  0.02739912  0.02747481  0.02385557  0.02380125  0.02757969  0.03160158
  0.92360905  0.95329846  0.8501567   0.72601402  0.63798942  0.57311701
 -0.24904028 -0.00252925  0.16446983 -0.15       -0.08        0.44331069
  0.7399489 ]",[1. 0.]
0,-0.15,-0.08,"[ 0.50797118  0.53587348  0.49431333  0.46218912  0.43729143  0.41813354
  0.03199948  0.02790663  0.02394311  0.02399246  0.02769805  0.02707595
  0.02570419  0.02465365  0.02387026  0.02331707  0.02296969  0.02281349
  0.02284207  0.02305659  0.02346591  0.02408747  0.02494919  0.02609273
  0.02757885  0.02735741  0.02381798  0.02377669  0.02773563  0.03176808
  0.91250422  0.93824887  0.92020744  0.7740314   0.67260302  0.59894069
 -0.24788476 -0.0028062   0.19879389 -0.15       -0.08        0.44331069
  0.7399489 ]",[1. 0.]
0,-0.15,-0.08,"[ 0.49382541  0.53358453  0.51015625  0.47439749  0.44668417  0.42526504
  0.03231511  0.02829728  0.02420768  0.02426095  0.02772514  0.02657843
  0.02523755  0.02421104  0.02344616  0.02290692  0.02256956  0.02241988
  0.02245175  0.02266647  0.02307289  0.02368837  0.02454058  0.0256708
  0.02713921  0.02733055  0.02389907  0.02386977  0.02806458  0.03214071
  0.90310052  0.92515754  0.95621054  0.82955971  0.71188625  0.6278769
 -0.2468117  -0.00310876  0.23326688 -0.15       -0.08        0.4433107
  0.7399489 ]",[1. 0.]
0,-0.15,-0.08,"[ 0.48120604  0.51697925  0.5277333   0.48790872  0.45709502  0.43322303
  0.03266612  0.0285317   0.02427413  0.02431673  0.0273898   0.02570249
  0.02439603  0.02339521  0.02264844  0.02212046  0.02178796  0.02163694
  0.0216612   0.02186173  0.0222468   0.02283281  0.02364606  0.02472581
  0.02612934  0.02736474  0.02410939  0.02408635  0.02856668  0.03271844
  0.89522168  0.91379238  0.94088581  0.89460384  0.75689643  0.6605374
 -0.24578372 -0.00342824  0.26781265 -0.15       -0.08        0.4433107
  0.7399489 ]",[1. 0.]
0,-0.15,-0.08,"[ 0.46844081  0.50026495  0.54140508  0.50477885  0.47009592  0.4432117
  0.0331298   0.02892528  0.02585248  0.02418691  0.0273273   0.02555186
  0.02417582  0.02311703  0.02231925  0.02174392  0.02136521  0.02116697
  0.02114103  0.02128632  0.02160881  0.02212208  0.02284876  0.02382313
  0.02509536  0.02673856  0.02447622  0.02444676  0.02916052  0.0334395
  0.88831849  0.90318903  0.92614968  0.95822448  0.81550038  0.70226304
 -0.24488765 -0.00377855  0.30742108 -0.15       -0.08        0.4433107
  0.7399489 ]",[1. 0.]
0,-0.15,-0.08,"[ 0.45654533  0.48452673  0.52062747  0.52621181  0.48658311  0.45591892
  0.03281632  0.02863325  0.02420416  0.02423543  0.02735569  0.02563187
  0.02429645  0.02327137  0.02250314  0.02195513  0.02160297  0.02143177
  0.02143448  0.02161121  0.02196923  0.02252372  0.02329938  0.02433326
  0.02567952  0.02741715  0.02431802  0.02428496  0.02878639  0.03289907
  0.88205797  0.89296786  0.91158246  0.93870848  0.894306    0.756964
 -0.2433978  -0.00414626  0.34879963 -0.15       -0.08        0.4433107
  0.7399489 ]",[1. 0.]
0,-0.15,-0.08,"[ 0.44638596  0.47096721  0.50269676  0.54370427  0.50537783  0.47038803
  0.03274569  0.02854231  0.02426441  0.02430911  0.02753066  0.02587267
  0.02458976  0.02360918  0.02288097  0.02237107  0.02205711  0.02192594
  0.02197218  0.02219772  0.02261188  0.02323239  0.02408734  0.02521841
  0.02668639  0.02723308  0.02408259  0.02404328  0.0281583   0.03202585
  0.87764376  0.88471918  0.89920834  0.92172473  0.95327     0.82307292
 -0.24178379 -0.00460336  0.39007611 -0.15       -0.08        0.4433107
  0.7399489 ]",[1. 0.]
0,-0.15,-0.08,"[ 0.43763613  0.45923421  0.48720105  0.52328146  0.52635433  0.48649476
  0.03227423  0.02836763  0.02428996  0.02434861  0.02783792  0.02617577
  0.02489004  0.02390818  0.0231804   0.02267278  0.02236311  0.02223842
  0.02229361  0.02253093  0.02296022  0.02359988  0.02447894  0.02564046
  0.02714715  0.02718606  0.02394637  0.02391023  0.02790788  0.03195484
  0.87542053  0.87884206  0.88948012  0.90777731  0.93452537  0.90177708
 -0.24041981 -0.00508064  0.43159958 -0.15       -0.08        0.44331071
  0.73994891]",[1. 0.]
0,-0.15,-0.08,"[ 0.43015892  0.44907434  0.47371935  0.50553305  0.54664553  0.50472888
  0.0325118   0.02833897  0.02418222  0.02423061  0.02771062  0.02605593
  0.02477595  0.02379848  0.02307394  0.02256855  0.02226021  0.02213601
  0.02219086  0.022427    0.02285421  0.02349082  0.02436571  0.02552172
  0.02702128  0.02718633  0.02390547  0.02387253  0.02797735  0.03203197
  0.87506931  0.8749072   0.88184392  0.89616458  0.91847512  0.9497671
 -0.23910559 -0.00557779  0.47313935 -0.15       -0.08        0.44331071
  0.73994891]",[1. 0.]
0,-0.15,-0.08,"[ 0.42389567  0.4404135   0.46214258  0.49027939  0.52657901  0.52499868
  0.0325919   0.02841827  0.02419863  0.02424439  0.02729244  0.02563505
  0.02435227  0.02337096  0.02264091  0.02212784  0.02180922  0.02167165
  0.02170951  0.02192433  0.02232498  0.0229286   0.0237624   0.0248669
  0.02630117  0.02728139  0.02403854  0.02400217  0.02811605  0.03220014
  0.87654874  0.87289498  0.87629771  0.88689577  0.90513012  0.93178969
 -0.23789416 -0.00610042  0.51427826 -0.15       -0.08        0.44331071
  0.73994891]",[1.  0.5]
0,-0.15,-0.08,"[ 0.41901869  0.4334811   0.45275315  0.47784489  0.5102301   0.54619843
  0.03264986  0.028485    0.02416708  0.0242056   0.02701603  0.02532352
  0.02401251  0.02300667  0.02225369  0.02171775  0.02137507  0.02121116
  0.02121929  0.02139979  0.02176009  0.02231548  0.02309075  0.02412303
  0.02546658  0.02720052  0.02425679  0.02421352  0.02856516  0.03242554
  0.87947263  0.87256059  0.87272824  0.87998243  0.89462156  0.91726622
 -0.23676403 -0.00668811  0.5529852  -0.15       -0.08        0.44331071
  0.73994891]",[1.  0.5]
0,-0.15,-0.08,"[ 0.41568359  0.4284678   0.44576624  0.46845059  0.49779028  0.53565161
  0.03257522  0.02842332  0.02415556  0.02419397  0.02729855  0.02557711
  0.02424351  0.02321978  0.02245245  0.02190494  0.0215529   0.02138142
  0.02138346  0.02155909  0.02191554  0.02246793  0.02324083  0.02427119
  0.02561293  0.02734474  0.02430208  0.02425765  0.02861385  0.03251453
  0.8830397   0.87324429  0.87059644  0.8749882   0.88659905  0.90591418
 -0.23554331 -0.00733094  0.58627648 -0.15       -0.08        0.44331071
  0.73994891]",[1.  0.5]
0,-0.15,-0.08,"[ 0.41313604  0.42437897  0.43989177  0.46042947  0.48709267  0.52149063
  0.03251218  0.02836833  0.0241732   0.02421514  0.02727665  0.02556287
  0.0242353   0.02321651  0.02245341  0.02190966  0.02156113  0.02139305
  0.02139853  0.02157779  0.02193821  0.02249506  0.02327318  0.0243098
  0.0256593   0.02740101  0.02425659  0.02421535  0.02856991  0.03254605
  0.88751929  0.87488091  0.86949983  0.87115569  0.87991596  0.89614271
 -0.234256   -0.00802332  0.6183012  -0.15       -0.08        0.44331071
  0.73994891]",[1.  0.5]
0,-0.15,-0.08,"[ 0.41128902  0.42116069  0.43510726  0.45378791  0.47816718  0.50965106
  0.03242608  0.0283547   0.02417155  0.02421469  0.02741957  0.02569023
  0.02435052  0.02332207  0.02255119  0.02200111  0.02164737  0.02147499
  0.02147689  0.02165314  0.022011    0.02256562  0.02334171  0.02437633
  0.02572365  0.02746266  0.02423543  0.02419637  0.02855057  0.03263275
  0.89266996  0.87732958  0.86938909  0.86852115  0.8746904   0.88814994
 -0.23302666 -0.00875126  0.64836065 -0.15       -0.08        0.44331071
  0.73994891]",[1.  0.5]
0,-0.15,-0.08,"[ 0.41010111  0.41875094  0.43132108  0.44839115  0.47081497  0.49983589
  0.03242184  0.02848182  0.02423296  0.02427896  0.02728888  0.02558329
  0.02426222  0.02324889  0.02249062  0.02195142  0.02160735  0.0214439
  0.02145434  0.02163911  0.0220058   0.02256998  0.02335686  0.02440417
  0.02576702  0.02745257  0.02418583  0.02415183  0.02853448  0.03269117
  0.8982145   0.88031314  0.86997907  0.86678266  0.87059349  0.88156719
 -0.23177643 -0.0094898   0.67584862 -0.15       -0.08        0.44331072
  0.73994891]",[1.  0.5]
0,-0.15,-0.08,"[ 0.40934305  0.41686682  0.42818439  0.44380662  0.4644934   0.49135249
  0.03241062  0.02855624  0.02424773  0.02429656  0.02730984  0.02560142
  0.02427814  0.02326301  0.02250329  0.02196285  0.02161774  0.02145336
  0.02146297  0.02164695  0.02201288  0.02257629  0.02336234  0.02440871
  0.02577043  0.02745817  0.02416654  0.02413216  0.02849524  0.03264706
  0.90427305  0.88387516  0.87123716  0.86582834  0.86742719  0.87609884
 -0.2305723  -0.01032297  0.70265559 -0.15       -0.08        0.44331072
  0.73994891]",[1.  0.5]
0,-0.15,-0.08,"[ 0.40903144  0.41561899  0.4259075   0.44035377  0.45964518  0.48478635
  0.03246261  0.02858567  0.02426225  0.02430974  0.02736692  0.0256386
  0.02429964  0.02327166  0.02250094  0.0219507   0.02159646  0.02142322
  0.02142385  0.02159839  0.02195401  0.02250578  0.02327824  0.0243083
  0.0256498   0.02738137  0.02418043  0.02414763  0.0285512   0.0327184
  0.91000229  0.88742108  0.87279047  0.86548984  0.86521878  0.87196625
 -0.2294782  -0.0111532   0.72584613 -0.15       -0.08        0.44331072
  0.73994891]",[1.  0.5]
0,-0.15,-0.08,"[ 0.40904671  0.41490863  0.42440777  0.43796089  0.45620241  0.4800627
  0.03260345  0.02867447  0.02425514  0.02429387  0.02744854  0.02575483
  0.0243882   0.02333773  0.02254806  0.02198128  0.02161202  0.02142462
  0.02141135  0.02157167  0.02191217  0.02244722  0.02320052  0.02420781
  0.02552135  0.02721732  0.02425759  0.02422693  0.02871432  0.03291611
  0.91485274  0.89050841  0.87428286  0.86548166  0.86374091  0.86898971
 -0.22852345 -0.01196009  0.74462359 -0.15       -0.08        0.44331072
  0.73994891]",[1.  0.5]
0,-0.15,-0.08,"[ 0.40917754  0.41440251  0.42321419  0.43599538  0.45333627  0.4761058
  0.03262386  0.02867104  0.02417799  0.02420607  0.0272818   0.02590781
  0.02449292  0.02340325  0.02258047  0.02198456  0.02158866  0.02137581
  0.02133725  0.02147138  0.02178372  0.02228736  0.02300445  0.02396861
  0.02522915  0.02685788  0.02434635  0.02431388  0.02886068  0.03310308
  0.9194862   0.89354206  0.87588037  0.86573866  0.86269553  0.86662684
 -0.22768212 -0.01286593  0.76269734 -0.15       -0.08        0.44331072
  0.73994891]",[1.  0.5]
0,-0.15,-0.08,"[ 0.40940374  0.41408087  0.42230555  0.43443226  0.45101466  0.47287159
  0.03273713  0.02873745  0.02415143  0.02416946  0.02716736  0.02609655
  0.02464402  0.02352408  0.02267615  0.02205864  0.02164351  0.02141294
  0.02135737  0.02147455  0.02176925  0.02225383  0.02294945  0.02388851
  0.02511856  0.02670888  0.02442726  0.02439581  0.0290167   0.03329416
  0.92373733  0.89637678  0.87745189  0.86613905  0.8619659   0.86476195
 -0.22693287 -0.01374849  0.77898494 -0.15       -0.08        0.44331072
  0.73994891]",[1.  0.5]
0,-0.15,-0.08,"[ 0.40966292  0.4138604   0.42157419  0.43313456  0.44906438  0.47014049
  0.03288791  0.02883345  0.02579358  0.02415722  0.02707462  0.02634155
  0.0248536   0.02370541  0.02283436  0.02219744  0.02176557  0.02152015
  0.02145098  0.02155526  0.02183723  0.02230867  0.02299011  0.02391309
  0.02512402  0.02669049  0.0245241   0.0244935   0.02917899  0.03348937
  0.92769153  0.89905921  0.87900675  0.86665482  0.86148528  0.86328651
 -0.22628444 -0.01463134  0.79422291 -0.15       -0.08        0.44331072
  0.73994891]",[1.  0.5]
0,-0.15,-0.08,"[ 0.4099507   0.41362813  0.42079076  0.43174323  0.44697604  0.46722244
  0.03298555  0.02884756  0.02581023  0.02411329  0.02700763  0.02639955
  0.02489215  0.02372832  0.02284417  0.02219583  0.02175359  0.02149833
  0.02141946  0.02151375  0.02178504  0.02224465  0.02291253  0.02381947
  0.02501085  0.02655271  0.02458661  0.0245529   0.02922939  0.03355298
  0.93228649  0.90224032  0.88094173  0.86744864  0.86119186  0.86191462
 -0.22564875 -0.01561116  0.81145873 -0.15       -0.08        0.44331072
  0.73994891]",[1.  0.5]
0,-0.15,-0.08,"[ 0.41034465  0.41352043  0.42015499  0.43052879  0.44510225  0.46456838
  0.03314453  0.02897067  0.02591578  0.02414305  0.02705257  0.02609149
  0.02461367  0.02347314  0.02260759  0.02197424  0.02154414  0.02129875
  0.02122787  0.02132862  0.02160511  0.02206888  0.02274011  0.02364984
  0.02484375  0.02638837  0.024612    0.02457949  0.02927209  0.03359504
  0.08986516  0.90547422  0.88294979  0.86834046  0.86102635  0.86070645
 -0.22499295 -0.01658051  0.82812344 -0.15       -0.08        0.44331072
  0.73994891]",[1.  0.5]
0,-0.15,-0.08,"[ 0.41085156  0.41346609  0.41951341  0.4292476   0.44309655  0.46171028
  0.03331771  0.02910353  0.0260217   0.02429562  0.02725011  0.02550714
  0.02410882  0.02303165  0.02221785  0.02162779  0.02123481  0.02102209
  0.02098084  0.02110937  0.02141296  0.02190435  0.02260509  0.02354801
  0.02478123  0.02637485  0.02458327  0.02622634  0.0293804   0.03370526
  0.08050371  0.90935675  0.88543228  0.8695561   0.86104977  0.85956189
 -0.22428046 -0.0176188   0.84666893 -0.15       -0.08        0.44331072
  0.73994891]",[1. 1.]
0,-0.15,-0.08,"[ 0.41114314  0.41344421  0.41916504  0.42854523  0.44199499  0.46014116
  0.03251865  0.02848533  0.02414688  0.02417446  0.02724509  0.02607606
  0.02464346  0.02353974  0.02270561  0.02210043  0.02169683  0.02147752
  0.02143345  0.02156281  0.02187091  0.02237066  0.02308399  0.02404428
  0.02530048  0.0269239   0.02447837  0.02443368  0.02891234  0.03284926
  0.07732359  0.91167026  0.88695013  0.87035781  0.86118127  0.85904054
 -0.22391469 -0.01893145  0.86314995 -0.15       -0.08        0.44331072
  0.73994891]",[1. 1.]
0,-0.15,-0.08,"[ 0.41146326  0.41348694  0.41892019  0.42798994  0.4410911   0.45883055
  0.03236892  0.02826415  0.02402832  0.02405921  0.02727886  0.02624956
  0.02481453  0.02370926  0.02287457  0.02226986  0.02186784  0.0216513
  0.0216113   0.02174622  0.02206157  0.0225706   0.02329568  0.02427078
  0.02554574  0.02719317  0.02426341  0.02422553  0.02859953  0.03280162
  0.07460279  0.91374718  0.88831535  0.87108439  0.861312    0.85859264
 -0.22355328 -0.02020158  0.87854007 -0.15       -0.08        0.44331072
  0.73994891]",[1. 1.]
0,-0.15,-0.08,"[ 0.41180175  0.41364117  0.41888486  0.42775141  0.44062582  0.45810209
  0.032467    0.02834037  0.02404705  0.02407989  0.02741082  0.02599796
  0.02460902  0.02354089  0.02273707  0.02215885  0.02178033  0.0215854
  0.02156602  0.0217214   0.02205793  0.02258979  0.0233405   0.02434558
  0.02565698  0.02735046  0.02430019  0.02425889  0.02860248  0.0327937
  0.07241902  0.91504575  0.88913909  0.87148245  0.86131317  0.85820857
 -0.22320009 -0.02138199  0.89092035 -0.15       -0.08        0.44331072
  0.73994891]",[1. 1.]
0,-0.15,-0.08,"[ 0.41214861  0.41383108  0.41891401  0.42760903  0.44029277  0.45754848
  0.0327156   0.0285433   0.02414025  0.02417438  0.02692167  0.0252311
  0.02392153  0.0229166   0.02216395  0.02162777  0.02128424  0.02111883
  0.02112474  0.02130222  0.02165856  0.02220888  0.02297773  0.02400189
  0.02533511  0.02705581  0.02421008  0.02416987  0.02842109  0.03247499
  0.07045661  0.08348721  0.88980865  0.87178855  0.86128072  0.85784781
 -0.22284876 -0.02253655  0.90252057 -0.15       -0.08        0.44331072
  0.73994891]",[1. 1.]
0,-0.15,-0.08,"[ 0.41221246  0.41384882  0.41888427  0.42752837  0.4401553   0.45734513
  0.03297672  0.02876937  0.02419452  0.02422057  0.02673205  0.02505724
  0.02375994  0.02276462  0.0220195   0.02148915  0.02115002  0.02098779
  0.02099579  0.02117434  0.0215308   0.02208028  0.02284732  0.02386866
  0.02519795  0.02691351  0.02415417  0.02413102  0.02870429  0.03288853
  0.06905687  0.07959727  0.89004846  0.87192091  0.8613134   0.85778424
 -0.22278506 -0.02358444  0.91227129 -0.15       -0.08        0.44331072
  0.73994892]",[1. 1.]
0,-0.15,-0.08,"[ 0.41221156  0.41386007  0.41890815  0.42756592  0.44020821  0.45741595
  0.03310926  0.02888096  0.02430529  0.02433343  0.02708824  0.02540018
  0.02409277  0.02309017  0.02234037  0.02180779  0.02146884  0.02130922
  0.02132235  0.02150879  0.0218762   0.0224402   0.023226    0.02427134
  0.02563131  0.02738631  0.02432332  0.02429114  0.02881485  0.03281551
  0.06789741  0.07472057  0.88996898  0.87186994  0.86128875  0.85778487
 -0.22278592 -0.02458613  0.92060546 -0.15       -0.08        0.44331072
  0.73994892]",[1. 1.]
0,-0.15,-0.08,"[ 0.41221067  0.41387139  0.41893219  0.42760372  0.44026147  0.45748725
  0.03336083  0.0290958   0.02443535  0.02446631  0.02685644  0.02519165
  0.02390241  0.02291422  0.02217596  0.02165267  0.02132122  0.02116763
  0.02118558  0.02137582  0.02174618  0.02231241  0.02309987  0.02414648
  0.02550755  0.02726385  0.02425344  0.02422971  0.0287331   0.03291643
  0.0667856   0.07305679  0.88988917  0.87181879  0.86126408  0.85778564
 -0.22278682 -0.02558836  0.92905825 -0.15       -0.08        0.44331072
  0.73994892]",[1. 1.]
0,-0.15,-0.08,"[ 0.41194488  0.41392377  0.41931412  0.42834097  0.44139709  0.45908665
  0.03242505  0.02855727  0.02417248  0.02420792  0.02731757  0.02594704
  0.02453843  0.023454    0.02263589  0.02204445  0.02165302  0.0214449
  0.02141149  0.02155144  0.02187047  0.02238201  0.02310856  0.02408428
  0.02535921  0.02700625  0.02429038  0.02425629  0.02872207  0.0329401
  0.06585383  0.07174708  0.88811121  0.87078054  0.86091218  0.85809647
 -0.22306727 -0.02697508  0.93465238 -0.15       -0.08        0.44331072
  0.73994892]",[1. 1.]
0,-0.15,-0.08,"[ 0.41197292  0.41414916  0.41974602  0.42899758  0.44230761  0.46029469
  0.03213567  0.02814695  0.02403822  0.02407584  0.02726856  0.02637408
  0.02492904  0.02381592  0.02297503  0.02236542  0.02195957  0.0217401
  0.02169794  0.02183138  0.02214589  0.02265465  0.02338001  0.02435594
  0.02563225  0.02728154  0.02441642  0.02436051  0.02860668  0.03255573
  0.06474147  0.07022288  0.88686798  0.869994    0.86054942  0.85814275
 -0.2230634  -0.02826019  0.94095806 -0.15       -0.08        0.44331072
  0.73994892]",[1. 1.]
0,-0.15,-0.08,"[ 0.41210936  0.41450804  0.42033894  0.42984648  0.44344707  0.46177587
  0.03225515  0.02816004  0.02402707  0.02406346  0.0273378   0.02623862
  0.02481843  0.0237253   0.02290101  0.02230563  0.02191238  0.02170449
  0.02167336  0.02181773  0.02214352  0.02266443  0.02340341  0.02439525
  0.02569087  0.02736451  0.0242229   0.02417911  0.02838866  0.03255194
  0.06373136  0.06890658  0.88541193  0.86904934  0.86007975  0.85813201
 -0.22296781 -0.02944172  0.945264   -0.15       -0.08        0.44331072
  0.73994892]",[1. 1.]
0,-0.15,-0.08,"[ 0.41227141  0.41491284  0.42099983  0.43078817  0.44470827  0.46341373
  0.03251406  0.02837935  0.02408702  0.02412157  0.02739904  0.02563878
  0.02427468  0.02322596  0.02243727  0.02187069  0.02150087  0.02131209
  0.02129657  0.02145368  0.02178986  0.02231932  0.02306548  0.0240637
  0.0253657   0.02704687  0.02423579  0.02420149  0.02862667  0.03281756
  0.06279911  0.06771957  0.88387025  0.86806076  0.85960632  0.85815771
 -0.22286676 -0.03057926  0.94877    -0.15       -0.08        0.44331072
  0.73994892]",[1. 1.]
0,-0.15,-0.08,"[ 0.41246314  0.41524552  0.42148226  0.43143585  0.44554496  0.46447418
  0.0327698   0.02858854  0.0241701   0.02420431  0.02692818  0.02524354
  0.02393865  0.02293765  0.02218848  0.02165554  0.02131519  0.02115306
  0.02116247  0.02134381  0.02170456  0.02226001  0.02303497  0.0240666
  0.02540914  0.02714175  0.02427582  0.02423416  0.02862951  0.03248483
  0.06172265  0.06629488  0.88290685  0.86741645  0.85925919  0.85809846
 -0.22271814 -0.03174641  0.95515547 -0.15       -0.08        0.44331072
  0.73994892]",[1. 1.]
0,-0.15,-0.08,"[ 0.4125924   0.41544084  0.42174816  0.43177999  0.44597893  0.46501482
  0.03312422  0.02889837  0.02423959  0.02426182  0.02677461  0.02509623
  0.02379615  0.02279865  0.02205182  0.02152014  0.02118001  0.02101705
  0.02102456  0.02120285  0.02155925  0.0221089   0.0228763   0.02389824
  0.02522836  0.02694501  0.02422501  0.02420097  0.02877848  0.03297433
  0.06070344  0.06490997  0.07898772  0.86708216  0.85906354  0.85803698
 -0.22261099 -0.0328399   0.96325752 -0.15       -0.08        0.44331072
  0.73994892]",[1. 1.]
0,-0.15,-0.08,"[ 0.41264022  0.41543241  0.42168089  0.43164866  0.4457751   0.46472574
  0.03323386  0.02899272  0.02433373  0.02435725  0.02707843  0.02538323
  0.02407016  0.02306282  0.0223088   0.02177228  0.02142944  0.0212658
  0.02127463  0.02145629  0.02181826  0.0223759   0.02315411  0.02419019
  0.02553858  0.02727876  0.024329    0.02430604  0.02894934  0.03316766
  0.05958927  0.06333363  0.07398076  0.86721032  0.8590729   0.85793011
 -0.22254408 -0.03400626  0.97572891 -0.15       -0.08        0.44331072
  0.73994892]",[1. 1.]
0,-0.15,-0.08,"[ 0.41268906  0.41542503  0.42161477  0.43151864  0.44557279  0.46443848
  0.03346172  0.02919004  0.02444298  0.02446811  0.02680001  0.02512437
  0.02382649  0.0228309   0.02208587  0.021556    0.02121778  0.02105694
  0.02106686  0.02124794  0.02160764  0.02216124  0.02293345  0.0239613
  0.02529886  0.02702504  0.02438165  0.02435494  0.02895911  0.03297073
  0.05853532  0.06185988  0.06827944  0.86734031  0.85908409  0.85782515
 -0.2224771  -0.03517313  0.98837924 -0.15       -0.08        0.44331072
  0.73994892]",[1. 1.]
0,-0.15,-0.08,"[ 0.4126566   0.41559642  0.4220005   0.43213883  0.44645939  0.46563917
  0.03250241  0.0286275   0.02416065  0.02418875  0.02722999  0.02600133
  0.02456887  0.02346507  0.02263056  0.02202461  0.02161979  0.02139877
  0.02135239  0.02147878  0.0217831   0.02227812  0.02298553  0.02393839
  0.02518522  0.02679667  0.02434898  0.02431411  0.02881514  0.03305441
  0.05760963  0.06062439  0.06646002  0.86674012  0.85891342  0.85807369
 -0.22257975 -0.03661863  0.99812123 -0.15       -0.08        0.44331072
  0.73994892]",[1. 1.]
0,-0.15,-0.08,"[ 0.41283929  0.41602455  0.42268905  0.4331145   0.44776353  0.46733259
  0.03226032  0.02824192  0.0240411   0.02406961  0.02714071  0.02663567
  0.02514473  0.02399481  0.02312349  0.02248796  0.02205928  0.02181903
  0.02175724  0.0218714   0.02216618  0.0226539   0.02335584  0.02430461
  0.02554815  0.02715623  0.02450733  0.0244591   0.02884538  0.03310867
  0.05676519  0.05958378  0.06504648  0.86585089  0.85853743  0.85819831
 -0.22249698 -0.03784843  1.00371164 -0.15       -0.08        0.44331073
  0.73994892]",[1. 1.]
0,-0.15,-0.08,"[ 0.41306984  0.4165321   0.42349141  0.4342429   0.44926598  0.46927954
  0.03234314  0.02825526  0.02397041  0.02399325  0.02708984  0.0267229
  0.0252141   0.02404986  0.02316668  0.02252097  0.02208326  0.02183469
  0.02176494  0.02187116  0.02215771  0.02263654  0.02332849  0.02426562
  0.02549505  0.02708542  0.02446306  0.02441362  0.02867411  0.03280418
  0.05597828  0.0586386   0.06380075  0.86489208  0.85815389  0.85837761
 -0.22239972 -0.03903282  1.00813221 -0.15       -0.08        0.44331073
  0.73994892]",[1. 1.]
0,-0.15,-0.08,"[ 0.4133761   0.41715074  0.42444381  0.43556576  0.45101528  0.47153725
  0.0325432   0.02842628  0.02400807  0.02402781  0.02716824  0.02641699
  0.02494604  0.02381186  0.0229531   0.02232764  0.02190707  0.02167332
  0.02161671  0.02173494  0.02203284  0.02252288  0.02322647  0.02417638
  0.02542069  0.02702947  0.02438871  0.02435375  0.02885272  0.03310612
  0.05522924  0.05776758  0.0626949   0.86385174  0.8577571   0.85861246
 -0.22226951 -0.04017212  1.01117745 -0.15       -0.08        0.44331073
  0.73994892]",[1. 1.]
0,-0.15,-0.08,"[ 0.41372366  0.41775951  0.42533314  0.43676797  0.4525792   0.47353399
  0.03273041  0.02857352  0.02409481  0.02411849  0.02737865  0.0257976
  0.0244122   0.0233464   0.0225437   0.02196532  0.02158533  0.02138754
  0.02136378  0.02151309  0.0218416   0.02236315  0.02310075  0.02408924
  0.02537958  0.02704607  0.02443287  0.02439072  0.02886033  0.03293563
  0.05439055  0.05676966  0.06140099  0.86296125  0.85739971  0.8587795
 -0.2220896  -0.04136686  1.01610541 -0.15       -0.08        0.44331073
  0.73994892]",[1. 1.]
0,-0.15,-0.08,"[ 0.41402559  0.41823661  0.4259993   0.43764591  0.45370287  0.47495263
  0.03287831  0.02894461  0.02437541  0.0244139   0.02687766  0.0251698
  0.02384653  0.02283009  0.02206716  0.02152125  0.02116801  0.02099248
  0.02098741  0.02115262  0.02149489  0.02202869  0.02277775  0.02377772
  0.02508073  0.02676281  0.02429032  0.02426019  0.02874739  0.03294723
  0.05356775  0.05576302  0.06006512  0.07565135  0.85712423  0.85885313
 -0.22191023 -0.04250831  1.02293673 -0.15       -0.08        0.44331073
  0.73994892]",[0.5 1. ]
0,-0.15,-0.08,"[ 0.41428243  0.41881382  0.42692076  0.43895169  0.45545374  0.47723756
  0.03275689  0.02875103  0.02428389  0.02431988  0.02740624  0.02566115
  0.02430899  0.02327018  0.02249017  0.02193161  0.02156958  0.02138872
  0.02138159  0.0215479   0.02189447  0.02243598  0.02319644  0.02421205
  0.02553568  0.02724443  0.02429056  0.02426005  0.02877336  0.03297928
  0.05284848  0.05488738  0.05891381  0.07172381  0.85698399  0.85935626
 -0.22190067 -0.04383278  1.02913829 -0.15       -0.08        0.44331073
  0.73994892]",[0.5 1. ]
0,-0.15,-0.08,"[ 0.41460231  0.41944973  0.42789778  0.44031112  0.45725777  0.47957695
  0.03250493  0.02835923  0.02405865  0.02409383  0.02757521  0.02600887
  0.02465941  0.0236239   0.0228484   0.022296    0.02194218  0.02177197
  0.02177838  0.02196166  0.02232937  0.02289709  0.02369015  0.02474651
  0.0261216   0.02747963  0.02413712  0.02409392  0.028162    0.03224363
  0.05100655  0.05391446  0.057636    0.06818355  0.8568646   0.85986809
 -0.22185157 -0.04526967  1.03677697 -0.15       -0.08        0.44331073
  0.73994892]",[0.5 1. ]
0,-0.15,-0.08,"[ 0.41485891  0.41993558  0.42863189  0.44132442  0.4585966   0.48130888
  0.03205928  0.02811427  0.02411125  0.02416201  0.02755175  0.02626332
  0.02489493  0.02384455  0.02305735  0.0224958   0.02213493  0.02195947
  0.0219622   0.02214325  0.02251004  0.02307813  0.02387283  0.02493211
  0.02631143  0.02750305  0.02401747  0.02398261  0.02820683  0.03232246
  0.05035406  0.05298771  0.05639632  0.06273278  0.85680575  0.86026533
 -0.22180791 -0.04662205  1.04601759 -0.15       -0.08        0.44331073
  0.73994892]",[0.5 1. ]
0,-0.15,-0.08,"[ 0.41511596  0.42042614  0.42937582  0.44235385  0.4599596   0.48307553
  0.03237202  0.02824977  0.02402483  0.0240617   0.02750728  0.02615578
  0.02478192  0.02372668  0.02293476  0.02236827  0.02200196  0.02182032
  0.02181586  0.0219884   0.02234504  0.02290086  0.02368056  0.02472129
  0.02607731  0.02754752  0.02421899  0.02416582  0.02828662  0.03212078
  0.04976766  0.05216522  0.05530337  0.06112333  0.85679492  0.86071823
 -0.22178202 -0.04791302  1.05478144 -0.15       -0.08        0.44331073
  0.73994892]",[0.5 1. ]
0,-0.15,-0.08,"[ 0.41542627  0.42099787  0.43023202  0.44353147  0.46151376  0.48508645
  0.03241367  0.0282861   0.02410844  0.02414924  0.02744777  0.02570358
  0.02435218  0.02331412  0.02253496  0.02197742  0.02161665  0.02143734
  0.02143213  0.02160079  0.02195025  0.02249531  0.02326018  0.02428126
  0.02561179  0.02732939  0.0241325   0.02409518  0.02839071  0.0325385
  0.0492402   0.05145849  0.0543873   0.05981379  0.85681301  0.86125375
 -0.22174716 -0.04910115  1.0618151  -0.15       -0.08        0.44331073
  0.73994892]",[0.5 1. ]
0,-0.15,-0.08,"[ 0.41578801  0.42159333  0.43108303  0.44467246  0.46299567  0.48698325
  0.03282193  0.02863811  0.02422499  0.02426226  0.02712715  0.02541613
  0.0240906   0.02307304  0.02231031  0.02176603  0.021416    0.0212454
  0.02124721  0.02142151  0.02177546  0.02232407  0.02309176  0.02411521
  0.02544799  0.02716823  0.0242328   0.02419742  0.02861778  0.03279364
  0.04864805  0.05067367  0.05337576  0.05838441  0.8567903   0.86168989
 -0.2216457  -0.05033762  1.07003331 -0.15       -0.08        0.44331073
  0.73994892]",[0.5 1. ]
0,-0.15,-0.08,"[ 0.41641685  0.42274847  0.43281418  0.44705816  0.4661525   0.49108099
  0.0322849   0.02818244  0.02402573  0.02406468  0.02739136  0.02592581
  0.02453559  0.0234662   0.02266097  0.02208105  0.02170043  0.02150291
  0.02148034  0.0216318   0.0219635   0.02248943  0.02323281  0.02422875
  0.02552866  0.02720743  0.02422566  0.02417759  0.02828298  0.03240225
  0.04812201  0.05005082  0.05262977  0.05740781  0.85708653  0.8630226
 -0.22165529 -0.05175374  1.07377803 -0.15       -0.08        0.44331073
  0.73994892]",[0.5 1. ]
0,-0.15,-0.08,"[ 0.4172268   0.42413703  0.43484004  0.44981261  0.46977021  0.4957579
  0.03238202  0.02834796  0.02404498  0.02407918  0.02732129  0.02589683
  0.0244908   0.02340835  0.02259173  0.02200133  0.02161058  0.02140277
  0.02136934  0.02150892  0.02182723  0.02233765  0.02306266  0.02403632
  0.02530857  0.02695215  0.02421889  0.02417834  0.02851507  0.03270256
  0.04761752  0.0494919   0.05199392  0.05662277  0.85753874  0.86460574
 -0.22162456 -0.05308118  1.07534186 -0.15       -0.08        0.44331073
  0.73994892]",[0.5 1. ]
0,-0.15,-0.08,"[ 0.4181227   0.42555984  0.43684727  0.45249225  0.47325132  0.50022792
  0.03219564  0.028099    0.02394813  0.02398981  0.02746845  0.02587294
  0.02450425  0.02345242  0.02266213  0.02209547  0.02172712  0.02154144
  0.0215308   0.02169475  0.02204004  0.02258124  0.02334236  0.02435956
  0.02568567  0.02739777  0.02419703  0.02414084  0.02822948  0.03206287
  0.0470205   0.04880047  0.05117994  0.0555813   0.85800464  0.8660911
 -0.22150515 -0.05448383  1.07914455 -0.15       -0.08        0.44331073
  0.73994892]",[0.5 1. ]
0,-0.15,-0.08,"[ 0.41925293  0.42731718  0.43930414  0.45575841  0.4774873   0.50566697
  0.03226963  0.02836168  0.02423861  0.02429919  0.02712159  0.02545654
  0.02416744  0.02318023  0.02244413  0.02192444  0.02159822  0.02145176
  0.02147903  0.02168117  0.0220665   0.02265145  0.02346231  0.02453827
  0.02593653  0.02734876  0.02392282  0.02388718  0.02808869  0.03217129
  0.04649515  0.04824956  0.05058306  0.05488875  0.8587516   0.86804364
 -0.22138038 -0.05573866  1.07907374 -0.15       -0.08        0.44331073
  0.73994892]",[0.5 1. ]
0,-0.15,-0.08,"[ 0.42055283  0.42935008  0.4421593   0.45957031  0.48245237  0.51207136
  0.03240417  0.02826218  0.02406322  0.02410501  0.02763226  0.02592367
  0.0246006   0.02358671  0.02282962  0.02229354  0.02195476  0.02179901
  0.0218199   0.02201828  0.02240232  0.02298837  0.0238027   0.02488456
  0.02629121  0.02739098  0.02407731  0.02403353  0.02816518  0.03205627
  0.04608346  0.0478381   0.05015742  0.05442458  0.85999027  0.87068706
 -0.22136508 -0.05702448  1.0777331  -0.15       -0.08        0.44331073
  0.73994892]",[0.5 1. ]
0,-0.15,-0.08,"[ 0.42192521  0.43144014  0.44506016  0.46342096  0.48745547  0.51852256
  0.03228193  0.0281684   0.02412083  0.02416765  0.0275865   0.02600388
  0.02465747  0.02362448  0.02285113  0.02230068  0.02194868  0.02178026
  0.0217885   0.02197372  0.02234357  0.02291372  0.02370963  0.02476943
  0.02614878  0.02746837  0.02406451  0.02402495  0.02818351  0.03229291
  0.04570697  0.04745629  0.04975685  0.05397937  0.86143916  0.87350144
 -0.22135654 -0.05827557  1.07683789 -0.15       -0.08        0.44331073
  0.73994892]",[0.5 1. ]
0,-0.15,-0.08,"[ 0.42343512  0.43368985  0.44815141  0.4675046   0.49275116  0.52535142
  0.03283613  0.02865468  0.0242081   0.02424041  0.0273932   0.02565479
  0.02430789  0.02327341  0.02249711  0.0219419   0.02158301  0.02140525
  0.02140129  0.02157098  0.0219213   0.02246705  0.0232325   0.02425412
  0.02558519  0.02730344  0.02423303  0.02420184  0.02866212  0.03284915
  0.04537177  0.04712745  0.04942308  0.05362541  0.86316498  0.87662508
 -0.22135587 -0.05947721  1.07531479 -0.15       -0.08        0.44331073
  0.73994892]",[0.5 1. ]
0,-0.15,-0.08,"[ 0.42505774  0.43600317  0.45125649  0.47155004  0.4979528   0.51592185
  0.03286186  0.02865512  0.02427539  0.02431401  0.02712689  0.02547365
  0.02419395  0.02321465  0.02248554  0.02197236  0.02165252  0.02151258
  0.0215468   0.02175659  0.02215059  0.02274564  0.02356855  0.02465923
  0.02607588  0.02729789  0.02414456  0.02411327  0.02836829  0.0324476
  0.04492827  0.04666482  0.04892508  0.05305332  0.8648299   0.87957751
 -0.22122694 -0.0606823   1.07505002 -0.15       -0.08        0.44331073
  0.73994892]",[0.5 1. ]
0,-0.15,-0.08,"[ 0.42680141  0.43847866  0.45457579  0.47587736  0.5035269   0.50397396
  0.03299864  0.02893892  0.02449274  0.02454201  0.02712987  0.02549469
  0.02422941  0.02326221  0.02254381  0.0220406   0.0217305   0.02160051
  0.0216453   0.02186671  0.02227388  0.02288424  0.02372541  0.02483839
  0.02628296  0.02722947  0.02403169  0.02401852  0.02856947  0.03270796
  0.04454494  0.04626048  0.04848567  0.0525428   0.06655059  0.88295621
 -0.22115449 -0.06193028  1.07511647 -0.15       -0.08        0.44331073
  0.73994892]",[0.5 1. ]
0,-0.15,-0.08,"[ 0.42917802  0.44184483  0.45909083  0.48177431  0.51114522  0.4893031
  0.032743    0.0285575   0.02415848  0.02419108  0.02758139  0.02587751
  0.02455812  0.02354713  0.02279235  0.0222581   0.02192076  0.02176614
  0.02178787  0.02198685  0.02237127  0.02295751  0.02377185  0.02485355
  0.02625989  0.02738197  0.02422165  0.02418096  0.0284761   0.03231215
  0.04421545  0.04593369  0.04815059  0.05218259  0.06596849  0.88793299
 -0.22117345 -0.0634274   1.07379288 -0.15       -0.08        0.44331073
  0.73994892]",[0.5 1. ]
0,-0.15,-0.08,"[ 0.43177726  0.44546467  0.46390566  0.48803848  0.51922985  0.47555128
  0.03227089  0.02833839  0.02416101  0.02420722  0.02746507  0.02572375
  0.02437461  0.02333848  0.02256109  0.02200529  0.0216463   0.02146892
  0.02146584  0.02163695  0.02198928  0.02253774  0.0233067   0.02433283
  0.02566967  0.02739534  0.02411985  0.02408134  0.02833973  0.03247867
  0.04391032  0.04562826  0.04783459  0.05183867  0.06537165  0.89336135
 -0.22118937 -0.06493007  1.07273714 -0.15       -0.08        0.44331073
  0.73994892]",[0.5 1. ]
0,-0.15,-0.08,"[ 0.4352701   0.45022937  0.47017376  0.4961469   0.51063913  0.46078036
  0.03260665  0.02845575  0.02409178  0.02412499  0.02734566  0.02560626
  0.02425854  0.02322323  0.02244599  0.02188963  0.02152933  0.02134982
  0.0213437   0.02151072  0.02185775  0.02239947  0.02315993  0.02417532
  0.02549855  0.02720676  0.02420608  0.02416721  0.02850818  0.03267453
  0.04360196  0.04540805  0.04769458  0.05182009  0.8782993   0.90041002
 -0.22113425 -0.0663111   1.06581736 -0.15       -0.08        0.44331073
  0.73994892]",[0.5 1. ]
0,-0.15,-0.08,"[ 0.43908551  0.4553392   0.47682921  0.5047131   0.49340694  0.4474581
  0.03243849  0.02829361  0.02416154  0.02420909  0.02719331  0.02551477
  0.02421503  0.02321918  0.02247581  0.02194981  0.02161794  0.02146622
  0.02148842  0.02168544  0.02206541  0.02264451  0.02344871  0.02451679
  0.02590535  0.02737863  0.02407229  0.024032    0.02813153  0.03222591
  0.04324642  0.04514136  0.04750535  0.05174784  0.88342252  0.90784419
 -0.22099343 -0.06763578  1.05879536 -0.15       -0.08        0.44331073
  0.73994892]",[0.5 1. ]
0,-0.15,-0.08,"[ 0.4433408   0.46099745  0.48417885  0.51417408  0.4768683   0.43458144
  0.03268546  0.02849905  0.02424827  0.02429801  0.02706585  0.02540784
  0.02412425  0.02314148  0.02240902  0.02189235  0.02156871  0.02142449
  0.02145377  0.02165775  0.02204483  0.02263154  0.02344425  0.0245223
  0.02592305  0.02733397  0.02397201  0.02394343  0.02826232  0.03236685
  0.04294893  0.04493303  0.04737525  0.05173955  0.88942522  0.91632993
 -0.22089837 -0.06902775  1.05208533 -0.15       -0.08        0.44331073
  0.73994892]",[0.5 1. ]
0,-0.15,-0.08,"[ 0.44897837  0.46845622  0.49385728  0.50878043  0.45833889  0.42007406
  0.03214944  0.02804997  0.02396322  0.02401004  0.02751623  0.02578675
  0.02444702  0.02341887  0.0226487   0.02209984  0.02174791  0.02157803
  0.02158321  0.02176366  0.02212681  0.02268805  0.02347242  0.02451742
  0.02587787  0.0274878   0.02412261  0.02406619  0.02808703  0.03189915
  0.04274552  0.04486986  0.04744236  0.05202248  0.89785892  0.92796178
 -0.22089234 -0.07064106  1.04286268 -0.15       -0.08        0.44331073
  0.73994892]",[0.5 1. ]
0,-0.15,-0.08,"[ 0.45553981  0.4770519   0.50496362  0.48659827  0.44130368  0.40671923
  0.03212925  0.02829794  0.02417623  0.02423275  0.0275456   0.02582808
  0.02449783  0.02347767  0.02271465  0.02217257  0.0218274   0.02166457
  0.02167739  0.02186639  0.02223935  0.0228121   0.02361026  0.02467215
  0.02605369  0.02744011  0.02397606  0.02393801  0.02811989  0.03221658
  0.0426091   0.04499158  0.04780806  0.0528106   0.90777233  0.94139841
 -0.22085542 -0.07192828  1.02780391 -0.15       -0.08        0.44331073
  0.73994892]",[0.5 1. ]
0,-0.15,-0.08,"[ 0.46320056  0.4870324   0.5178451   0.46554618  0.42500297  0.39387284
  0.03254336  0.02839221  0.02408366  0.02411854  0.02757759  0.02594621
  0.02460059  0.02356805  0.02279484  0.02224416  0.02189156  0.02172212
  0.0217289   0.02191216  0.02227944  0.02284632  0.0236381   0.02469267
  0.0260654   0.02747726  0.02417693  0.02413564  0.02838229  0.03237225
  0.0425511   0.04524755  0.04835996  0.05389587  0.91965588  0.95725264
 -0.22086215 -0.0732474   1.01141024 -0.15       -0.08        0.44331073
  0.73994892]",[0.5 1. ]
0,-0.15,-0.08,"[ 0.47145454  0.49773559  0.49500032  0.44702835  0.41054654  0.38241665
  0.03259664  0.02847554  0.02419938  0.02423679  0.02735642  0.02562107
  0.02427656  0.02324393  0.0224691   0.02191501  0.02155698  0.02137983
  0.02137627  0.02154616  0.02189649  0.02244207  0.02320716  0.02422822
  0.02555851  0.02727574  0.02422508  0.0241894   0.02850435  0.03266759
  0.0441736   0.04600953  0.04938252  0.05541912  0.9326428   0.96148685
 -0.2208817  -0.07456694  1.00207122 -0.14942179 -0.0796093   0.44381022
  0.73933382]",[0.5 1. ]
0,-0.15,-0.08,"[ 0.48191292  0.51123232  0.4705859   0.42820575  0.39575142  0.37064399
  0.03289846  0.02871233  0.0242252   0.02425543  0.02740316  0.02565582
  0.02430189  0.0232616   0.02248028  0.0219205   0.02155727  0.02137518
  0.02136673  0.02153158  0.0218765   0.02241606  0.02317422  0.02418702
  0.02550714  0.02721142  0.02426751  0.02423761  0.02874259  0.03294492
  0.04484049  0.0468719   0.05057069  0.06138077  0.94902434  0.9017684
 -0.2208305  -0.07605111  0.99096417 -0.14876201 -0.07916867  0.44437671
  0.73862966]",[0.5 1. ]
0,-0.15,-0.08,"[ 0.49526501  0.49494555  0.4462224   0.40923191  0.38073555  0.35864909
  0.03232718  0.02821033  0.02402863  0.02406816  0.02750669  0.02615913
  0.02478499  0.02372953  0.02293743  0.02237079  0.02200438  0.02182264
  0.02181811  0.0219906   0.0223472   0.022903    0.02368269  0.02472341
  0.02607944  0.02754811  0.02419182  0.02414297  0.02822351  0.03215713
  0.04559922  0.04787962  0.05200194  0.92920807  0.96991373  0.84446933
 -0.22071112 -0.07775459  0.97764566 -0.14806817 -0.07871816  0.44497795
  0.73789219]",[0.5 1. ]
0,-0.15,-0.08,"[ 0.50983357  0.46802184  0.42549491  0.39295296  0.36778581  0.34828374
  0.03200357  0.0281508   0.02409407  0.02414559  0.02751057  0.02641172
  0.0250252   0.02396028  0.02316116  0.02258963  0.02222023  0.02203729
  0.02203329  0.02220807  0.0225688   0.02313075  0.02391891  0.02497081
  0.02634133  0.02754423  0.02399963  0.02395999  0.02810864  0.03221444
  0.04640711  0.04896881  0.05358313  0.94663373  0.91547675  0.79727646
 -0.220574   -0.07938474  0.96385396 -0.14741556 -0.07830535  0.44554604
  0.73719989]",[0.5 1. ]
0,-0.15,-0.08,"[ 0.49453296  0.44514012  0.40770231  0.37888718  0.35655759  0.33929324
  0.03218969  0.02809105  0.02393277  0.02397081  0.02750138  0.0263736
  0.02498674  0.02392142  0.02312178  0.02254956  0.02217924  0.02199511
  0.0219896   0.0221625   0.02252089  0.02307995  0.0238645   0.02491191
  0.02627675  0.02755343  0.02415654  0.02410494  0.02817076  0.0320668
  0.04729803  0.05017528  0.05535963  0.96573353  0.86020267  0.75783801
 -0.2204251  -0.08094111  0.95001669 -0.14676678 -0.07789497  0.4461114
  0.73651181]",[0.5 1. ]
0,-0.15,-0.08,"[ 0.46887008  0.42543514  0.39225577  0.36661547  0.346742    0.33144371
  0.03211595  0.02816154  0.02409774  0.02414601  0.02748976  0.02599322
  0.02462359  0.02357136  0.02278127  0.0222155   0.02184879  0.02166561
  0.0216584   0.02182687  0.02217795  0.02272648  0.02349682  0.0245256
  0.02586639  0.02756506  0.0241023   0.02405845  0.02819165  0.03231135
  0.0482781   0.05151344  0.05736699  0.93761803  0.81402159  0.72436788
 -0.2202689  -0.08243261  0.93604107 -0.14612183 -0.077487    0.44667403
  0.73582794]",[0.5 1. ]
0,-0.15,-0.08,"[ 0.44532887  0.40717331  0.37784214  0.35511991  0.33753905  0.32410321
  0.03258661  0.02844054  0.02407893  0.02411145  0.02737548  0.02562777
  0.02427354  0.02323291  0.02245117  0.02189084  0.02152691  0.02134391
  0.02133432  0.02149775  0.02184091  0.02237831  0.02313377  0.0241432
  0.02545908  0.02715793  0.0241957   0.02415791  0.02850679  0.03267554
  0.04935735  0.05302435  0.06340263  0.87907619  0.77241953  0.69382528
 -0.22007273 -0.08397943  0.92083287 -0.14548069 -0.07708145  0.44723391
  0.73514828]",[0.5 1. ]
0,-0.15,-0.08,"[ 0.42336425  0.39004248  0.36430245  0.34435028  0.32898135  0.3173718
  0.03266656  0.02849896  0.02427786  0.02432469  0.02682399  0.02519477
  0.02393379  0.02296914  0.02225145  0.02174704  0.02143374  0.02129838
  0.02133543  0.02154638  0.02193996  0.02253299  0.0233522   0.02443741
  0.02584664  0.02727941  0.02409674  0.02406182  0.02826519  0.032324
  0.05067335  0.05500147  0.95127196  0.82464017  0.73296984  0.66445603
 -0.2198069  -0.08532122  0.8992136  -0.14484337 -0.07667831  0.44779104
  0.73447281]",[0.5 1. ]
0,-0.15,-0.08,"[ 0.40254573  0.37363052  0.3512293   0.33389859  0.3206581   0.31083485
  0.03285668  0.02864171  0.02431417  0.02436312  0.02678193  0.02515683
  0.02389908  0.02293699  0.02222135  0.02171859  0.02140662  0.02127233
  0.02131023  0.02152185  0.02191593  0.02250934  0.02332882  0.02441423
  0.02582363  0.02727575  0.02394947  0.02392611  0.02832574  0.03243379
  0.05221044  0.05731052  0.8827156   0.77592893  0.69719864  0.63763439
 -0.2195691  -0.08700652  0.87882495 -0.14420987 -0.07627759  0.44834542
  0.73380154]",[0.5 1. ]
0,-0.15,-0.08,"[ 0.38298469  0.35808303  0.33878304  0.32393184  0.31274027  0.30466729
  0.03224123  0.02813112  0.02398704  0.02403144  0.02740652  0.02568036
  0.02434315  0.02331674  0.02254759  0.02199902  0.02164666  0.02147559
  0.02147878  0.02165637  0.02201565  0.02257185  0.02334976  0.02438655
  0.02573654  0.02747896  0.02415827  0.02410509  0.02821602  0.03206938
  0.0540524   0.06012925  0.82227049  0.73217333  0.66469375  0.61312279
 -0.21934287 -0.08894226  0.85802561 -0.14358017 -0.07587927  0.44889702
  0.73313445]",[0.5 1. ]
0,-0.15,-0.08,"[ 0.36661379  0.34506222  0.32840108  0.31569954  0.30631838  0.299823
  0.03216421  0.02833709  0.02417534  0.02422924  0.02756758  0.0258386
  0.0244993   0.02347168  0.02270221  0.02215431  0.02180364  0.02163538
  0.02164262  0.02182565  0.022192    0.02275722  0.02354651  0.02459769
  0.02596594  0.02747452  0.02402482  0.02398539  0.02816711  0.03227441
  0.05636362  0.06958668  0.77222722  0.69528519  0.63695005  0.59204377
 -0.21913996 -0.09052563  0.83312975 -0.14295427 -0.07548336  0.44944585
  0.73247154]",[0.5 1. ]
0,-0.15,-0.08,"[ 0.35215471  0.33352894  0.31921549  0.30846138  0.30075079  0.29573933
  0.03258697  0.02843254  0.02409396  0.02412691  0.02755487  0.02594096
  0.02459005  0.02355313  0.02277608  0.02222186  0.02186585  0.02169297
  0.02169612  0.02187542  0.02223825  0.02279999  0.02358566  0.02463281
  0.02599631  0.02749993  0.02418863  0.02415021  0.02844522  0.03256667
  0.0591284   0.81786359  0.72974249  0.66358683  0.61295392  0.57379234
 -0.21894687 -0.09214644  0.80795912 -0.14233217 -0.07508985  0.44999188
  0.73181279]",[0.5 1. ]
0,-0.15,-0.08,"[ 0.33955744  0.32347288  0.31123578  0.30223553  0.29605787  0.29243504
  0.03263735  0.02852316  0.02421987  0.02425675  0.02726769  0.02554055
  0.02420243  0.02317485  0.02240401  0.02185308  0.02149752  0.02132228
  0.02132014  0.02149102  0.02184193  0.02238774  0.02315272  0.02417335
  0.0255029   0.02721914  0.02425217  0.02421574  0.02851339  0.03266786
  0.06240485  0.76941453  0.69395739  0.6366468   0.59248655  0.55825839
 -0.21874725 -0.09377407  0.78293412 -0.14171386 -0.07469874  0.45053513
  0.73115822]",[0.5 1. ]
0,-0.15,-0.08,"[ 0.32801009  0.31425511  0.30395611  0.29662319  0.29193084  0.28968064
  0.03292535  0.02873873  0.0242247   0.02425291  0.02743992  0.02568268
  0.024321    0.0232744   0.02248774  0.02192326  0.02155574  0.02136955
  0.02135703  0.02151767  0.02185807  0.0223926   0.02314495  0.02415083
  0.02546243  0.02715587  0.02426763  0.02423975  0.02877742  0.03298781
  0.07156759  0.72720665  0.66243583  0.61278972  0.57436829  0.54460673
 -0.218428   -0.09555334  0.75800168 -0.14109934 -0.07431003  0.45107557
  0.73050779]",[0.5 1. ]
0,-0.15,-0.08,"[ 0.31717087  0.30564867  0.29724362  0.2915732   0.28839359  0.28757298
  0.03237777  0.02825758  0.02402597  0.02406209  0.02747057  0.02623832
  0.02485108  0.02378505  0.02298416  0.02241001  0.02203694  0.02184913
  0.02183884  0.02200566  0.02235642  0.02290597  0.02367866  0.02471121
  0.02605728  0.0275843   0.02424156  0.02419271  0.02833597  0.03223057
  0.76126376  0.68868879  0.63340319  0.59073708  0.55766282  0.53215316
 -0.21792708 -0.09744185  0.73759565 -0.14018164 -0.07322905  0.45180225
  0.72948633]",[0.5 1. ]
0,-0.15,-0.08,"[ 0.30796568  0.29840786  0.29170337  0.2875579   0.28579744  0.28634989
  0.0320409   0.02819186  0.02411236  0.02416411  0.02751309  0.02631983
  0.02493878  0.02387811  0.02308224  0.02251313  0.02214542  0.02196353
  0.02195996  0.02213459  0.02249457  0.02305516  0.02384126  0.02489034
  0.02625713  0.0275417   0.02401403  0.0239741   0.02813195  0.03224085
  0.71852338  0.65665326  0.60910873  0.57228079  0.54378091  0.52198837
 -0.21741304 -0.09927062  0.71814829 -0.13919525 -0.07198173  0.45257336
  0.72838145]",[0.5 1. ]
0,-0.15,-0.08,"[ 0.30043059  0.29255535  0.2873368   0.28455205  0.28408611  0.28591998
  0.03227063  0.02816137  0.02395747  0.02399368  0.02750478  0.02622531
  0.02484714  0.02378856  0.02299406  0.02242564  0.02205795  0.02187542
  0.02187052  0.02204306  0.02240014  0.02295685  0.02373794  0.02478059
  0.02613918  0.02755003  0.02416698  0.02411826  0.02824262  0.03220578
  0.68444494  0.63090846  0.58954184  0.55747829  0.53279098  0.51416162
 -0.21696754 -0.10100462  0.69939543 -0.13822035 -0.07073779  0.45333795
  0.72729011]",[0.5 1. ]
0,-0.15,-0.08,"[ 0.29412362  0.28774516  0.28387456  0.28234984  0.28310867  0.28618196
  0.03223541  0.02827852  0.02413538  0.02418125  0.02749235  0.02577344
  0.02441611  0.02337337  0.02259047  0.02202995  0.0216668   0.0214856
  0.02147892  0.02164647  0.02199513  0.02253966  0.02330423  0.02432523
  0.02565581  0.02737353  0.02414675  0.02410403  0.02827877  0.0324109
  0.65625509  0.60951384  0.57329707  0.54528693  0.52390804  0.50807871
 -0.21655629 -0.10267192  0.68002375 -0.13728362 -0.06955794  0.45407892
  0.72624468]",[0.5 1. ]
0,-0.15,-0.08,"[ 0.28871658  0.28368892  0.28105755  0.28071392  0.28264402  0.28692702
  0.03264826  0.02849943  0.02408868  0.02411819  0.02740178  0.02563858
  0.02427219  0.02322157  0.02243125  0.02186318  0.02149194  0.02130175
  0.02128476  0.02144028  0.0217747   0.02230213  0.0230459   0.02404124
  0.02533966  0.02701628  0.02423594  0.02419952  0.02860172  0.03279012
  0.63291765  0.59180405  0.55993933  0.53542135  0.51694798  0.50362652
 -0.21606182 -0.10441322  0.66204348 -0.13639065 -0.06845345  0.45479184
  0.72525151]",[0.5 1. ]
0,-0.15,-0.08,"[ 0.28423441  0.28056396  0.27920645  0.28010641  0.28330052  0.28892139
  0.03270336  0.02851702  0.02427839  0.02432378  0.02686061  0.02522727
  0.02396305  0.02299581  0.02227602  0.02176988  0.02145514  0.02131856
  0.02135456  0.0215646   0.02195736  0.02254961  0.02336806  0.02445246
  0.02586074  0.02728592  0.02411943  0.02408447  0.0283096   0.03233547
  0.61070816  0.57486816  0.54716281  0.52604583  0.51045541  0.49966975
 -0.21551587 -0.10579504  0.6362258  -0.13552331 -0.06739146  0.45548908
  0.7242892 ]",[0.5 1. ]
0,-0.15,-0.08,"[ 0.28022418  0.27784032  0.2777138   0.27983948  0.28430466  0.29129803
  0.03290078  0.02867982  0.024334    0.02438279  0.02680086  0.0251748
  0.02391631  0.02295366  0.02223763  0.02173462  0.02142253  0.02128825
  0.02132628  0.02153816  0.02193266  0.02252664  0.0233469   0.0244333
  0.02584398  0.02727432  0.02396318  0.02394001  0.02835051  0.03246243
  0.59211259  0.56082236  0.53677812  0.51871552  0.50576854  0.49735906
 -0.21487557 -0.10749627  0.61385839 -0.13466043 -0.06633494  0.45618576
  0.72333316]",[0.5 1. ]
0,-0.15,-0.08,"[ 0.27668604  0.2755811   0.27670394  0.28010039  0.28591187  0.29439008
  0.03229185  0.02817548  0.02398978  0.02403187  0.02734233  0.02561942
  0.02428471  0.02326018  0.02249236  0.02194466  0.02159271  0.02142162
  0.02142437  0.02160106  0.02195896  0.02251323  0.02328857  0.02432203
  0.02566773  0.02740464  0.02416073  0.02410946  0.02825148  0.0321529
  0.57581663  0.54866748  0.52802309  0.51285538  0.50246735  0.49640923
 -0.21406381 -0.10940901  0.5921174  -0.13380082 -0.06528241  0.4568828
  0.72238204]",[0.5 1. ]
0,-0.15,-0.08,"[ 0.2743345   0.27436355  0.27662002  0.28119671  0.28828757  0.29820841
  0.03215593  0.02830026  0.02418136  0.02423689  0.02739453  0.02569384
  0.02437676  0.02336709  0.02261255  0.02207741  0.02173799  0.02157997
  0.02159686  0.02178935  0.02216537  0.0227409   0.02354172  0.02460634
  0.025991    0.02741411  0.02399152  0.02395202  0.02811159  0.03220496
  0.56281341  0.53905729  0.52125226  0.50854945  0.50038399  0.49641024
 -0.21338867 -0.11091753  0.56956613 -0.13294567 -0.06423536  0.45757917
  0.72143715]",[0.5 1. ]
0,-0.15,-0.08,"[ 0.27255843  0.27368934  0.27706978  0.28284051  0.2912516   0.30269006
  0.03257597  0.02841736  0.0241203   0.02415758  0.0275819   0.02586008
  0.02452647  0.02350362  0.02273842  0.02219453  0.02184785  0.02168373
  0.02169544  0.02188345  0.0222555   0.02282739  0.02362468  0.02468562
  0.02606607  0.02744617  0.02412644  0.02408972  0.02836096  0.03249165
  0.55180232  0.53108665  0.51587333  0.50546369  0.49940725  0.497452
 -0.21271986 -0.11243191  0.54712093 -0.13209378 -0.06319228  0.4582758
  0.72049715]",[0.5 1. ]
0,-0.15,-0.08,"[ 0.27148882  0.27371581  0.27823837  0.28524813  0.29505725  0.30813429
  0.03256356  0.02840266  0.02421258  0.02425539  0.02761491  0.02591102
  0.02459166  0.02358082  0.02282632  0.02229254  0.02195588  0.02180216
  0.02182509  0.02202558  0.02241192  0.02300054  0.02381786  0.02490329
  0.02631437  0.02737482  0.02410141  0.02406704  0.02826558  0.03237908
  0.5422298   0.52430734  0.51151844  0.50329431  0.49928681  0.49933118
 -0.21205598 -0.11378633  0.52277662 -0.13124637 -0.06215469  0.45897164
  0.71956338]",[0.5 1. ]
0,-0.15,-0.08,"[ 0.27095404  0.2743243   0.28006277  0.28841823  0.29977543  0.31470137
  0.0329368   0.02873663  0.02432661  0.02436633  0.0275097   0.02580875
  0.02449161  0.02348226  0.02272857  0.0221949   0.02185766  0.02170264
  0.02172348  0.02192102  0.02230341  0.02288692  0.0236977   0.02477484
  0.02617535  0.02738618  0.02411396  0.02409166  0.02855615  0.03270931
  0.53383208  0.51858851  0.50816922  0.50212355  0.5002      0.50232009
 -0.21131137 -0.11517924  0.49717062 -0.13040345 -0.06112261  0.45966662
  0.71863584]",[0.5 1. ]
0,-0.15,-0.08,"[ 0.27103034  0.27564993  0.28274571  0.29263483  0.30579207  0.32291041
  0.03249973  0.02836302  0.02405179  0.024084    0.02748349  0.02620434
  0.02482219  0.02376025  0.02296275  0.02239147  0.02202093  0.02183539
  0.02182722  0.0219961   0.02234895  0.02290069  0.02367582  0.02471119
  0.02606067  0.02757134  0.02427055  0.02422366  0.02844517  0.03232725
  0.52638777  0.5138218   0.5058194   0.50204261  0.50233634  0.50671256
 -0.21037186 -0.11665364  0.46960745 -0.12956503 -0.06009604  0.46036067
  0.71771451]",[0.5 1. ]
0,-0.15,-0.08,"[ 0.27183964  0.27770886  0.28619221  0.29768247  0.31275743  0.33225851
  0.03227322  0.02843286  0.0241786   0.02422323  0.02744004  0.02604597
  0.0246615   0.02359719  0.02279689  0.02222215  0.02184725  0.02165627
  0.02164132  0.02180181  0.02214433  0.02268332  0.02344266  0.02445835
  0.02578303  0.02749345  0.02415128  0.02411469  0.02843471  0.0325954
  0.52050558  0.51038187  0.50462993  0.503011    0.50545907  0.51207417
 -0.20947513 -0.11797067  0.44165232 -0.12872984 -0.05907341  0.4610548
  0.71679798]",[0.5 1. ]
0,-0.15,-0.08,"[ 0.27329313  0.28040784  0.29030272  0.30345407  0.32055693  0.34262619
  0.03261853  0.02871169  0.02430313  0.02434802  0.02711867  0.02540348
  0.02407466  0.02305433  0.02228914  0.02174254  0.02139021  0.02121722
  0.02121646  0.02138789  0.02173857  0.02228335  0.02304646  0.02406431
  0.02539009  0.0271014   0.024165    0.02413385  0.02857135  0.03274265
  0.51602814  0.50812882  0.50446815  0.50489588  0.50942946  0.51825568
 -0.20864896 -0.11913197  0.4138145  -0.12789915 -0.0580563   0.4617479
  0.71588765]",[0.5 0.5]
0,-0.15,-0.08,"[ 0.27515712  0.2834888   0.29478837  0.3096225   0.32881641  0.35358227
  0.03268322  0.02876327  0.02432385  0.02436806  0.02704224  0.02533439
  0.02401129  0.02299548  0.02223388  0.02169015  0.0213401   0.02116889
  0.0211695   0.02134195  0.02169333  0.02223852  0.02300179  0.02401958
  0.02534513  0.02705608  0.02417457  0.02414466  0.02860934  0.03278525
  0.51290406  0.50700314  0.50525823  0.50759815  0.51411848  0.52509124
 -0.20777259 -0.12022825  0.38855783 -0.12707169 -0.05704315  0.46244097
  0.71498211]",[0.5 0.5]
0,-0.15,-0.08,"[ 0.27748136  0.28704839  0.29979868  0.31640021  0.33782761  0.36552483
  0.03268315  0.02876344  0.02432384  0.02436804  0.02704212  0.02533419
  0.02401102  0.02299516  0.02223352  0.02168974  0.02133964  0.02116839
  0.02116895  0.02134135  0.02169266  0.02223778  0.02300096  0.02401865
  0.02534406  0.02705485  0.02417457  0.02414471  0.02861048  0.03278659
  0.51076054  0.50673253  0.50681621  0.51101499  0.51950159  0.53263572
 -0.20686476 -0.12124406  0.36422999 -0.12624748 -0.05603397  0.46313397
  0.71408136]",[0.5 0.5]
0,-0.15,-0.08,"[ 0.28059162  0.29153289  0.30592514  0.32456108  0.3486036   0.37979563
  0.03265183  0.02860534  0.02422393  0.02426286  0.02736295  0.02562561
  0.02427953  0.02324563  0.02246971  0.02191466  0.02155574  0.02137774
  0.02137333  0.02154233  0.02189168  0.02243618  0.02320001  0.02421956
  0.02554799  0.02726284  0.02416332  0.02412812  0.0284732   0.03263253
  0.50928732  0.50717767  0.50916804  0.51533964  0.52594929  0.5414561
 -0.2058488  -0.12215817  0.33790608 -0.12542647 -0.0550287   0.4638269
  0.71318534]",[1.  0.5]
0,-0.15,-0.08,"[ 0.28426141  0.29663473  0.31276705  0.33359538  0.36050536  0.39560238
  0.03270803  0.02855844  0.02420315  0.02424144  0.02749892  0.02576045
  0.02441359  0.02337946  0.02260398  0.02205012  0.02169324  0.02151822
  0.02151787  0.02169217  0.02204828  0.02260129  0.0233758   0.02440878
  0.02575422  0.02749089  0.02414357  0.02410653  0.02838691  0.03253103
  0.50862053  0.50835181  0.51220517  0.52033886  0.53309647  0.55104358
 -0.20485373 -0.12294635  0.31167022 -0.12460873 -0.05402745  0.46451963
  0.71229412]",[1.  0.5]
0,-0.15,-0.08,"[ 0.28868801  0.30265923  0.32076546  0.34412289  0.37440035  0.41417609
  0.03264391  0.02848734  0.02413795  0.02417412  0.02740028  0.02566025
  0.02431208  0.02327656  0.02249939  0.02194342  0.02158384  0.02140543
  0.02140084  0.02156988  0.02191949  0.02246449  0.02322906  0.02424964
  0.02557943  0.02729606  0.02416364  0.02412164  0.02830107  0.03243519
  0.50876817  0.51039541  0.5162026   0.52643074  0.54152054  0.5621607
 -0.20376691 -0.12372709  0.28454854 -0.12379428 -0.05303022  0.46521213
  0.71140771]",[1.  0.5]
0,-0.15,-0.08,"[ 0.29338391  0.30895366  0.32906651  0.35503801  0.38885953  0.43366255
  0.03283089  0.02864851  0.02417869  0.02420948  0.02711793  0.02540102
  0.02407083  0.02304937  0.02228318  0.02173566  0.02138244  0.02120854
  0.02120681  0.02137718  0.02172667  0.02227005  0.0230315   0.02404734
  0.02537062  0.02707873  0.02422995  0.02419013  0.02844932  0.03256249
  0.50963449  0.51301669  0.52066417  0.53289862  0.55025883  0.57356171
 -0.20280775 -0.12440685  0.25911919 -0.12298301 -0.05203689  0.46590443
  0.71052599]",[1.  0.5]
0,-0.15,-0.08,"[ 0.29827369  0.31541282  0.33752492  0.36614131  0.40361024  0.45369144
  0.03313215  0.02889865  0.02430093  0.02432897  0.02688734  0.02521838
  0.02392588  0.02293507  0.02219465  0.02166956  0.02133655  0.02118159
  0.0211983   0.02138738  0.02175661  0.02232169  0.02310792  0.02415312
  0.02551249  0.02726664  0.02425148  0.02421977  0.02861165  0.03268428
  0.51091046  0.51589115  0.52524046  0.53935764  0.55887869  0.58475074
 -0.20192334 -0.12488744  0.23552977 -0.12217492 -0.05104745  0.4665965
  0.70964894]",[1.  0.5]
0,-0.15,-0.08,"[ 0.30377681  0.3226091   0.3469084   0.37846172  0.42004967  0.47621342
  0.03329606  0.02902566  0.02437796  0.02440767  0.02660316  0.02499382
  0.02374838  0.02279601  0.02208805  0.02159135  0.02128409  0.02115338
  0.02119387  0.0214072   0.02180219  0.02239574  0.02321465  0.02429879
  0.02570626  0.02724819  0.02421383  0.02418751  0.02862739  0.03263975
  0.51262366  0.51920943  0.53029178  0.5463524   0.56813338  0.5967271
 -0.20093688 -0.12523022  0.21197877 -0.12137017 -0.05006209  0.46728817
  0.70877671]",[1.  0.5]
0,-0.15,-0.08,"[ 0.30931556  0.32982352  0.35631655  0.39085923  0.43671188  0.49930693
  0.03347597  0.02917199  0.02446417  0.02449333  0.02648236  0.02490934
  0.02369277  0.02276426  0.02207682  0.02159848  0.02130836  0.02119431
  0.02125167  0.02148278  0.02189721  0.02251277  0.02335744  0.02447268
  0.02591892  0.02713266  0.02421502  0.02419448  0.02872186  0.03268572
  0.5146444   0.5227192   0.53543111  0.55334295  0.57730367  0.60855489
 -0.19998259 -0.12549813  0.19072672 -0.12056859 -0.04908062  0.46797954
  0.70790913]",[1.  0.5]
0,-0.15,-0.08,"[ 0.31480382  0.33694951  0.36561322  0.40315487  0.45335626  0.5226447
  0.03367859  0.02934044  0.02455804  0.02458617  0.02648412  0.02493275
  0.0237336   0.02281979  0.02214544  0.02167934  0.02140122  0.02129945
  0.0213699   0.02161542  0.02204622  0.02268087  0.02354835  0.02469154
  0.02617287  0.0270419   0.02423799  0.0259093   0.02884493  0.03277145
  0.51681629  0.52626121  0.54049049  0.56014593  0.5861826   0.61999289
 -0.19904973 -0.12567561  0.1717347  -0.11977017 -0.04810302  0.46867056
  0.70704617]",[1.  0.5]
0,-0.15,-0.08,"[ 0.32107059  0.34506871  0.37621785  0.41724135  0.47257693  0.54993899
  0.03370681  0.02936021  0.02461185  0.02464392  0.02630912  0.02478479
  0.02360709  0.02271079  0.02205111  0.02159766  0.02133076  0.0212393
  0.02131954  0.02157475  0.02201555  0.02266099  0.02354069  0.02469833
  0.02619755  0.02697331  0.02422668  0.0259124   0.02891936  0.03279328
  0.51941933  0.53032423  0.54618874  0.56774378  0.59606638  0.63272499
 -0.19797595 -0.12578135  0.15204523 -0.11897513 -0.04712956  0.46936103
  0.70618806]",[1.  0.5]
0,-0.15,-0.08,"[ 0.32690217  0.35261014  0.38608046  0.43040004  0.49067733  0.57598054
  0.0337474   0.02939312  0.02466538  0.02469893  0.02632712  0.02481268
  0.023643    0.02275359  0.02210015  0.02165267  0.02139176  0.02130657
  0.02139362  0.02165647  0.02210605  0.02276185  0.02365402  0.02482703
  0.02634563  0.02692684  0.02420592  0.02593899  0.02898031  0.03285002
  0.52188034  0.53405603  0.55135868  0.57460128  0.60497499  0.64421538
 -0.19695207 -0.12578065  0.13562756 -0.11818325 -0.04615997  0.47005108
  0.70533455]",[1.  0.5]
0,-0.15,-0.08,"[ 0.33345935  0.36108761  0.39719452  0.44530845  0.51137024  0.60617767
  0.03364508  0.02933809  0.02467289  0.02471179  0.02615043  0.02465271
  0.02349619  0.02261726  0.02197224  0.02153155  0.02127612  0.02119533
  0.02128589  0.02155149  0.02200319  0.02266059  0.02355397  0.02472794
  0.0262475   0.02690275  0.02413974  0.02588134  0.02891527  0.03284437
  0.5246877   0.53821433  0.55706067  0.58213182  0.6147489   0.65684042
 -0.19579675 -0.12570267  0.11869437 -0.11739478 -0.04519455  0.47074047
  0.70448589]",[1.  0.5]
0,-0.15,-0.08,"[ 0.33922585  0.36853022  0.40696274  0.45846553  0.52977634  0.63339598
  0.03354593  0.02935927  0.02467697  0.02471849  0.02618717  0.02468732
  0.02352916  0.02264897  0.02200303  0.0215617   0.0213059   0.02122498
  0.02131564  0.02158159  0.02203391  0.02269221  0.02358681  0.0247624
  0.02628404  0.02690447  0.0241077   0.02584738  0.02887934  0.03289522
  0.52707838  0.54171925  0.56184965  0.58845465  0.62296962  0.66749485
 -0.19470414 -0.12552108  0.10554954 -0.11660946 -0.04423299  0.47142938
  0.7036418 ]",[1.  0.5]
0,-0.15,-0.08,"[ 0.344135    0.37484822  0.41525181  0.46965578  0.54551878  0.65691942
  0.03347554  0.02939882  0.02468323  0.02472526  0.02633437  0.0248211
  0.02365238  0.02276381  0.02211117  0.02166448  0.0214044   0.02132011
  0.02140817  0.02167218  0.02212313  0.02278055  0.0236747   0.02485016
  0.02637187  0.0269248   0.02409904  0.02584642  0.02888096  0.03296934
  0.5289771   0.54450687  0.56566826  0.59351279  0.62957188  0.67276712
 -0.1936687  -0.12525058  0.0958016  -0.11582758 -0.04327564  0.47211751
  0.70280258]",[1.  0.5]
0,-0.15,-0.08,"[ 0.34975076  0.3821048   0.42482401  0.48267291  0.56401705  0.68496878
  0.03340314  0.02943904  0.0246435   0.02468584  0.02625711  0.02472081
  0.02353336  0.0226286   0.0219611   0.0215      0.02122524  0.02112536
  0.02119627  0.02144088  0.02186932  0.0225001   0.02336202  0.02449771
  0.02596923  0.02703626  0.02411464  0.02586338  0.02891065  0.03307376
  0.53126609  0.5477986   0.57013091  0.59939252  0.63722846  0.6615799
 -0.1925129  -0.12498322  0.08524538 -0.11504915 -0.04232252  0.47280482
  0.70196824]",[1.  0.5]
0,-0.15,-0.08,"[ 0.3554663   0.3895214   0.43466357  0.49615888  0.58339331  0.71482975
  0.03337583  0.02943579  0.02457559  0.02461332  0.02612327  0.02453469
  0.02330512  0.02236439  0.02166431  0.02117203  0.02086588  0.02073302
  0.02076799  0.02097222  0.02135414  0.02193008  0.02272599  0.02378053
  0.02515004  0.0269169   0.02421601  0.02598296  0.02906444  0.03327916
  0.53370018  0.55123787  0.57475212  0.60545382  0.64510776  0.65135478
 -0.19131344 -0.12474796  0.07554538 -0.1142742  -0.04137366  0.47349124
  0.70113878]",[1.  0.5]
0,-0.15,-0.08,"[ 0.35971836  0.39498961  0.44187414  0.50601078  0.5975552   0.73678138
  0.03328428  0.02931443  0.02449587  0.02452967  0.02625267  0.02460027
  0.02332022  0.02233774  0.02160159  0.02107669  0.02073973  0.02057643
  0.02058008  0.02075084  0.02109573  0.02162937  0.02237553  0.0233699
  0.02466459  0.02633561  0.02430708  0.02604476  0.0291507   0.03340308
  0.53516176  0.55337063  0.57767719  0.60934869  0.65023343  0.64538489
 -0.19018216 -0.12436058  0.07013881 -0.11350238 -0.04042863  0.47417705
  0.70031382]",[1.  0.5]
0,-0.15,-0.08,"[ 0.36388581  0.40032233  0.44888402  0.51557812  0.61133014  0.75825698
  0.03323045  0.02921832  0.02611523  0.02444556  0.0263839   0.02467664
  0.0233535   0.02233572  0.02156935  0.02101744  0.02065522  0.02046727
  0.02044585  0.02059008  0.02090587  0.02140654  0.02211419  0.02306227
  0.02429969  0.02589776  0.0244144   0.02608353  0.02919374  0.03347185
  0.53638617  0.55520569  0.58023542  0.61279526  0.65481212  0.6403154
 -0.18906611 -0.12385838  0.06501048 -0.11273406 -0.03948789  0.47486188
  0.69949376]",[1.  0.5]
0,-0.15,-0.08,"[ 0.36781221  0.40527008  0.45530392  0.5242474   0.62371378  0.77748776
  0.03311578  0.02903167  0.02432356  0.02434913  0.02673979  0.0250026
  0.0236562   0.02262022  0.02183964  0.02127672  0.02090619  0.02071225
  0.0206869   0.02082912  0.02114472  0.02164701  0.02235814  0.02331164
  0.02455662  0.02616463  0.0243887   0.02436029  0.02902109  0.03327591
  0.53704819  0.55635282  0.58195732  0.61522464  0.65814629  0.63664797
 -0.18796519 -0.12310653  0.06026105 -0.11196887 -0.03855097  0.47554603
  0.69867817]",[1.  0.5]
0,-0.15,-0.08,"[ 0.3719901   0.41052564  0.46211856  0.53345584  0.63690248  0.79809274
  0.03290555  0.02876441  0.02419956  0.02422655  0.027053    0.02528713
  0.02391844  0.02286495  0.02207054  0.02149676  0.02111777  0.02091741
  0.0208874   0.02102654  0.02134051  0.02184253  0.02255472  0.02351058
  0.02475922  0.02637216  0.02433744  0.02430038  0.02876838  0.03298839
  0.53765215  0.55744755  0.58363505  0.61762214  0.66146742  0.63314772
 -0.18679093 -0.12225341  0.05534478 -0.1112068  -0.03761788  0.47622946
  0.69786705]",[1.  0.5]
0,-0.15,-0.08,"[ 0.37592932  0.41544026  0.46844662  0.54195916  0.64903713  0.81704343
  0.03264114  0.02850102  0.02409329  0.02412386  0.02735846  0.02562711
  0.0242453   0.02318198  0.02238063  0.02180251  0.02142164  0.02122178
  0.02119468  0.02133924  0.02166139  0.02217469  0.02290178  0.02387692
  0.0251503   0.02679504  0.02425416  0.02421056  0.02846859  0.03264144
  0.53794365  0.5581493   0.5848245   0.61941489  0.66403685  0.63047978
 -0.18564443 -0.12129746  0.0509019  -0.11044828 -0.03668913  0.47691176
  0.69706083]",[1.  0.5]
0,-0.15,-0.08,"[ 0.37873905  0.41888359  0.47280546  0.54772238  0.65713804  0.82952727
  0.03261615  0.02847744  0.02407453  0.02410327  0.02737005  0.0257712
  0.02438441  0.0233174   0.02251352  0.02193394  0.02155262  0.02135333
  0.02132783  0.02147508  0.02180114  0.02231973  0.02305373  0.02403776
  0.02532252  0.02698187  0.02425815  0.02421348  0.02842299  0.03258759
  0.53777301  0.55820671  0.58515196  0.62007622  0.66512906  0.62940577
 -0.18464974 -0.12040711  0.04869221 -0.10969287 -0.0357642   0.47759328
  0.69625905]",[1.  0.5]
0,-0.15,-0.08,"[ 0.38127285  0.42193522  0.47660161  0.55265367  0.66394633  0.83983251
  0.03266188  0.02850843  0.02408492  0.02411505  0.02713225  0.02539398
  0.02404699  0.02301164  0.02223339  0.02167486  0.02131108  0.02112661
  0.02111384  0.02127225  0.02160835  0.02213633  0.02287958  0.02387338
  0.02516927  0.02684246  0.02424099  0.02419567  0.02841044  0.03248662
  0.53730083  0.55788716  0.58501167  0.62015687  0.66549539  0.62901569
 -0.18365663 -0.11942915  0.04705616 -0.10894104 -0.03484364  0.47827357
  0.69546218]",[1.  0.5]
0,-0.15,-0.08,"[ 0.38495605  0.4265396   0.48255067  0.56069241  0.67552177  0.85818752
  0.03304837  0.02882954  0.02429075  0.02432521  0.02654767  0.02488827
  0.02360297  0.02261706  0.0218793   0.02135466  0.02101987  0.02086078
  0.02087086  0.02105052  0.02140715  0.02195589  0.02272126  0.02373996
  0.02506558  0.02677633  0.02413659  0.02411236  0.02867727  0.03285598
  0.53754135  0.55849272  0.58605348  0.62174135  0.66778273  0.62661273
 -0.18276139 -0.11853161  0.04212216 -0.10819232 -0.03392689  0.47895303
  0.69466972]",[1. 1.]
0,-0.15,-0.08,"[ 0.39167001  0.43520168  0.49409547  0.57679434  0.69950558  0.85524937
  0.03261674  0.02847269  0.02406418  0.02409282  0.02726464  0.02550767
  0.02414607  0.02309902  0.02231118  0.02174461  0.02137393  0.02118337
  0.02116508  0.02131832  0.02164938  0.02217221  0.02290994  0.02389748
  0.02518592  0.0268497   0.02433226  0.02428198  0.02862911  0.0324809
  0.53938023  0.56120335  0.58981594  0.62682077  0.67457462  0.62051581
 -0.18146143 -0.11768645  0.03285342 -0.1074472  -0.03301455  0.47963115
  0.69388218]",[1. 1.]
0,-0.15,-0.08,"[ 0.39913739  0.4449151   0.5071662   0.59524331  0.72742927  0.85017346
  0.03245462  0.02839891  0.02403627  0.02406381  0.02725261  0.02603508
  0.02460508  0.02350338  0.02267081  0.0220668   0.02166403  0.02144528
  0.02140149  0.02153088  0.02183875  0.02233801  0.02305056  0.02400975
  0.02526448  0.02688599  0.02427235  0.02422914  0.02853862  0.03273378
  0.54167269  0.5644816   0.59429107  0.63280347  0.67110589  0.6138605
 -0.18023693 -0.11689296  0.02211532 -0.10670571 -0.03210666  0.48030789
  0.69309958]",[1. 1.]
0,-0.15,-0.08,"[ 0.40834373  0.4569874   0.52357321  0.61870346  0.76359169  0.84474358
  0.0322789   0.02841516  0.0240984   0.02413341  0.02728133  0.02608724
  0.02466156  0.02356352  0.02273433  0.02213366  0.0217344   0.02151949
  0.02148004  0.02161443  0.02192819  0.02243448  0.02315554  0.02412518
  0.02539297  0.0270311   0.02434746  0.02430428  0.02866062  0.03287625
  0.54473031  0.56876109  0.60006429  0.64047092  0.66030581  0.60584358
 -0.17910887 -0.11605623  0.00759993 -0.10596786 -0.03120322  0.4809832
  0.6923219 ]",[1. 1.]
0,-0.15,-0.08,"[ 0.4196811   0.47198215  0.54417974  0.64861925  0.81074609  0.83882781
  0.03202243  0.02808999  0.02402629  0.02406758  0.02728539  0.02638342
  0.02494173  0.02383138  0.0229929   0.02238553  0.02198186  0.02176461
  0.02172482  0.02186087  0.02217832  0.02269052  0.02341995  0.02440082
  0.02568327  0.02734034  0.02430276  0.02424865  0.02835321  0.03230579
  0.54870353  0.57423188  0.60738044  0.65014585  0.64824903  0.5968612
 -0.17785404 -0.11516343 -0.00946465 -0.10523309 -0.03030356  0.48165754
  0.69154857]",[1. 1.]
0,-0.15,-0.08,"[ 0.43192968  0.4883156   0.56688313  0.68212582  0.85457418  0.8333122
  0.03209199  0.02801886  0.02398468  0.02402529  0.02731777  0.02617074
  0.02474873  0.02365392  0.02282788  0.02223053  0.02183497  0.02162431
  0.02158983  0.02173015  0.022051    0.02256588  0.02329745  0.02428007
  0.02556412  0.027223    0.02416361  0.02412004  0.02835164  0.03251336
  0.55307751  0.58019452  0.61531728  0.66062817  0.63670134  0.58823169
 -0.17664181 -0.11427774 -0.02707175 -0.10450142 -0.02940768  0.4823309
  0.69077957]",[1. 1.]
0,-0.15,-0.08,"[ 0.44559735  0.50671599  0.59279766  0.72110617  0.84748008  0.82814262
  0.03234259  0.02822811  0.02405535  0.02409547  0.02734198  0.02559017
  0.02423269  0.02318927  0.02240494  0.02184204  0.0214754   0.02128944
  0.02127651  0.02143609  0.02177472  0.0223067   0.0230556   0.02405697
  0.02536274  0.02704867  0.02423926  0.02419628  0.02850398  0.03267552
  0.55806622  0.58692934  0.62424103  0.67239993  0.62517668  0.57957421
 -0.17552872 -0.11339475 -0.04631926 -0.10377343 -0.02851632  0.48300269
  0.69001552]",[1. 1.]
0,-0.15,-0.08,"[ 0.46116317  0.52789677  0.62307713  0.76766961  0.84047734  0.82312309
  0.03254449  0.02839879  0.02408935  0.02412728  0.02683224  0.02513256
  0.0238157   0.02280444  0.02204583  0.02150363  0.02115369  0.02098118
  0.020979    0.02114707  0.02149229  0.02202929  0.02278193  0.02378611
  0.02509425  0.02678284  0.02421035  0.02416519  0.02837985  0.03240037
  0.56383017  0.59464825  0.63443348  0.6693007   0.61378271  0.57101492
 -0.17433093 -0.1124986  -0.06640379 -0.10304851 -0.02762872  0.48367342
  0.68925576]",[1. 1.]
0,-0.15,-0.08,"[ 0.47948913  0.55317543  0.65989977  0.82588826  0.83357024  0.81832269
  0.0328755   0.02868267  0.02416471  0.02419478  0.02656022  0.02489211
  0.02359992  0.02260833  0.02186565  0.02133653  0.02099749  0.02083417
  0.02083987  0.02101482  0.02136621  0.02190895  0.02266725  0.02367739
  0.02499237  0.02668952  0.02414479  0.02411848  0.0286477   0.03282539
  0.57080728  0.60390475  0.64660321  0.65363529  0.60201399  0.5621443
 -0.17315706 -0.11163588 -0.08867672 -0.10232668 -0.02674489  0.48434309
  0.68850029]",[1. 1.]
0,-0.15,-0.08,"[ 0.50253103  0.58550963  0.70814022  0.84688692  0.82665789  0.81377187
  0.03322284  0.02897214  0.0243438   0.0243716   0.02676997  0.02512253
  0.02384698  0.02286993  0.02214104  0.02162592  0.02130183  0.02115513
  0.0211798   0.02137683  0.02175437  0.02232849  0.02312497  0.02418228
  0.02555653  0.02732968  0.02429694  0.02426937  0.02884403  0.03283733
  0.57982906  0.61576836  0.66214071  0.63658756  0.58910915  0.55235995
 -0.1720906  -0.11082219 -0.11542046 -0.10160857 -0.02586562  0.48501104
  0.68774978]",[1. 1.]
0,-0.15,-0.08,"[ 0.52822431  0.62220194  0.76434183  0.83825624  0.82054713  0.80995717
  0.03369743  0.02936939  0.02458207  0.02461214  0.02639574  0.02480529
  0.02357464  0.02263394  0.02193527  0.02144594  0.0211445   0.02101829
  0.02106216  0.02127788  0.02167438  0.02226864  0.02308754  0.024171
  0.02557722  0.02721665  0.02421904  0.02589081  0.02884627  0.03302943
  0.58968455  0.62869674  0.67780424  0.62102281  0.57730833  0.54343101
 -0.17101675 -0.11000308 -0.14212299 -0.10089352 -0.02499011  0.48567786
  0.68700352]",[1. 1.]
0,-0.15,-0.08,"[ 0.56197038  0.67149059  0.84245666  0.82884075  0.81396242  0.8059837
  0.03301041  0.02881131  0.0241772   0.0241947   0.02742792  0.02567337
  0.02431378  0.02326888  0.02248365  0.02192042  0.02155402  0.02136888
  0.02135739  0.02151908  0.02186059  0.02239634  0.02315008  0.02415761
  0.02547123  0.02716724  0.02427885  0.02425425  0.02884216  0.03306051
  0.60237961  0.64531115  0.65662775  0.60514032  0.56536123  0.5345276
 -0.16932037 -0.10910602 -0.16972895 -0.10018224 -0.0241192   0.48634288
  0.68626222]",[1. 1.]
0,-0.15,-0.08,"[ 0.5987697   0.72659887  0.84063441  0.82108007  0.80877855  0.80321172
  0.03273629  0.02858922  0.02404577  0.0240619   0.0272669   0.02608119
  0.02465361  0.02355399  0.02272343  0.02212148  0.02172098  0.02150479
  0.02146397  0.02159685  0.0219089   0.02241319  0.02313188  0.02409864
  0.02536285  0.02699643  0.02435431  0.02431903  0.02877735  0.03300556
  0.61546728  0.66247561  0.63847837  0.59147261  0.5550762   0.52689579
 -0.16780899 -0.10814044 -0.19707098 -0.09947401 -0.02325203  0.48700672
  0.68552515]",[1.  0.5]
0,-0.15,-0.08,"[ 0.63861874  0.78792765  0.8317121   0.81472593  0.80476954  0.80142828
  0.03266244  0.02852689  0.02402593  0.02404485  0.02723377  0.02599593
  0.02456478  0.02346203  0.02262839  0.0220232   0.02161907  0.02139869
  0.02135294  0.02147996  0.02178495  0.0222807   0.02298894  0.02394279
  0.02519083  0.0268038   0.02438166  0.02434202  0.02872945  0.03295292
  0.62875355  0.67904085  0.62297662  0.57977608  0.54629171  0.52042524
 -0.16643245 -0.1070968  -0.22374721 -0.09876957 -0.0223895   0.48766866
  0.68479304]",[1.  0.5]
0,-0.15,-0.08,"[ 0.68171973  0.84641911  0.82427661  0.80961544  0.80180958  0.80053671
  0.03284161  0.02866948  0.02416356  0.02418798  0.02712697  0.02537128
  0.02401059  0.02296391  0.02217576  0.02160812  0.02123552  0.0210421
  0.02101989  0.02116797  0.02149243  0.02200693  0.0227342   0.0237086
  0.0249804   0.02662287  0.02436164  0.02432621  0.0287519   0.03296328
  0.64223928  0.66119912  0.60953189  0.56960791  0.5386628   0.51483834
 -0.16524565 -0.10601501 -0.25012303 -0.09806904 -0.02153176  0.48832855
  0.68406603]",[1.  0.5]
0,-0.15,-0.08,"[ 0.72551823  0.8380212   0.81809042  0.80541977  0.79947435  0.80001007
  0.03274954  0.02858644  0.02417037  0.02420054  0.0268654   0.02513427
  0.02379271  0.02276107  0.02198483  0.02142661  0.02106142  0.02087371
  0.02085575  0.02100682  0.0213331   0.02184836  0.02257539  0.0235486
  0.02481833  0.02645795  0.02434824  0.02430907  0.02871814  0.03282092
  0.6547726   0.6471538   0.59899038  0.56170862  0.53283454  0.5106946
 -0.16391947 -0.10482877 -0.27260767 -0.09737157 -0.02067776  0.48898718
  0.6833432 ]",[1.  0.5]
0,-0.15,-0.08,"[ 0.77212468  0.83074304  0.81280447  0.80194454  0.79770898  0.79992462
  0.03264741  0.02850588  0.02418779  0.0242243   0.02672928  0.0250264
  0.02370695  0.02269322  0.02193198  0.02138675  0.02103322  0.02085637
  0.02084894  0.02101062  0.02134805  0.0218755   0.02261638  0.02360592
  0.02489564  0.02656064  0.02430445  0.02426302  0.02864021  0.03262492
  0.66714832  0.63508749  0.58993845  0.55495433  0.52789953  0.50725429
 -0.1626355  -0.10358678 -0.29396163 -0.09667792 -0.01982844  0.48964377
  0.68262534]",[1.  0.5]
0,-0.15,-0.08,"[ 0.8195341   0.82461297  0.80840724  0.79913636  0.79641527  0.80013299
  0.03258945  0.02850972  0.02421193  0.02425192  0.0267795   0.02508727
  0.02377626  0.02276968  0.02201492  0.02147596  0.02112881  0.02095876
  0.02095883  0.02112903  0.02147633  0.02201547  0.02277042  0.02377723
  0.02508854  0.02678113  0.02428251  0.02424018  0.0286135   0.03251606
  0.67881639  0.62512477  0.58248568  0.54943315  0.52392207  0.50455705
 -0.16140092 -0.10234835 -0.31315584 -0.09598731 -0.01898285  0.49029905
  0.68191163]",[1.  0.5]
0,-0.15,-0.08,"[ 0.84256437  0.82011949  0.8051538   0.79702671  0.79540215  0.80021395
  0.03250097  0.02848994  0.02421341  0.02425551  0.02703743  0.02533043
  0.024008    0.02299274  0.02223159  0.02168825  0.02133854  0.02116765
  0.02116856  0.02134131  0.02169299  0.02223851  0.02300216  0.02402039
  0.02534646  0.0270581   0.02428062  0.02423719  0.02858286  0.03245965
  0.67163661  0.61864223  0.57771034  0.54598188  0.52153759  0.50306513
 -0.16021141 -0.10107335 -0.32718863 -0.09530057 -0.01814199  0.4909522
  0.6812029 ]",[1.  0.5]
0,-0.15,-0.08,"[ 0.83679852  0.81576126  0.80205514  0.79509785  0.79460288  0.80055007
  0.03243209  0.02855509  0.02423605  0.02428163  0.02707631  0.02536906
  0.02404645  0.02303116  0.02227018  0.02172721  0.02137812  0.02120813
  0.02121024  0.02138454  0.02173821  0.02228622  0.02305299  0.02407515
  0.0254062   0.02712422  0.02428877  0.02424304  0.02859869  0.03245338
  0.66291701  0.61218197  0.57294573  0.54254115  0.51917034  0.50160166
 -0.15903546 -0.0997484  -0.34213665 -0.09461685 -0.01730484  0.491604
  0.68049829]",[1.  0.5]
0,-0.15,-0.08,"[ 0.83140486  0.81173178  0.79925459  0.79344682  0.79407011  0.80114983
  0.03276986  0.0285905   0.02420538  0.02424207  0.02721785  0.02550677
  0.02418127  0.02316402  0.02240199  0.02185889  0.02151059  0.02134236
  0.02134728  0.02152556  0.02188452  0.02243939  0.0232149   0.02424816
  0.02559334  0.0273295   0.02427516  0.02423101  0.02856032  0.03245377
  0.65458554  0.60599074  0.56837239  0.53923943  0.51690628  0.50021675
 -0.15793334 -0.09841118 -0.35760063 -0.09393703 -0.01647244  0.49225358
  0.67979867]",[1.  0.5]
0,-0.15,-0.08,"[ 0.82721486  0.80857174  0.79702616  0.79209335  0.7935713   0.8015202
  0.032782    0.02860352  0.02418848  0.02422169  0.02729183  0.02557005
  0.02423618  0.0232122   0.02244463  0.02189685  0.0215445   0.02137267
  0.02137429  0.02154942  0.02190528  0.02245693  0.02322894  0.02425818
  0.02559852  0.02732855  0.02428122  0.02424049  0.02860573  0.03257898
  0.64877538  0.60172832  0.56528693  0.53708472  0.51551622  0.49947939
 -0.15686728 -0.0970668  -0.36971254 -0.09326052 -0.01564412  0.49290147
  0.67910343]",[1.  0.5]
0,-0.15,-0.08,"[ 0.82378177  0.80595439  0.79514873  0.79091269  0.79307308  0.80171793
  0.03273988  0.02856236  0.02415597  0.02418986  0.02706692  0.02537134
  0.02405795  0.0230503   0.02229597  0.02175908  0.02141581  0.02125166
  0.02125987  0.02144078  0.02180184  0.02235837  0.02313521  0.02416958
  0.02551582  0.02725325  0.02421488  0.02417683  0.0285363   0.03260804
  0.64452741  0.59866128  0.56312209  0.53563693  0.51466084  0.49913301
 -0.15583375 -0.09558615 -0.38049251 -0.09258704 -0.01481949  0.49354791
  0.67841227]",[1.  0.5]
0,-0.15,-0.08,"[ 0.82181153  0.80436397  0.793901    0.78998556  0.79245764  0.80141804
  0.03275362  0.02857181  0.02415682  0.02418974  0.02708466  0.02539559
  0.02408738  0.0230841   0.02233368  0.02180051  0.02146097  0.02130071
  0.02131316  0.02149882  0.02186533  0.02242827  0.0232128   0.02425658
  0.02561459  0.02736709  0.02418304  0.02414904  0.02853365  0.03268841
  0.64317079  0.59779685  0.56263453  0.53545054  0.51472556  0.49941632
 -0.15494956 -0.0941101  -0.3872149  -0.09191664 -0.01399864  0.49419284
  0.67772523]",[1.  0.5]
0,-0.15,-0.08,"[ 0.82086067  0.80348544  0.79308361  0.78922079  0.79173914  0.80074135
  0.03283098  0.0286372   0.02417327  0.02420363  0.02717812  0.02548968
  0.02418207  0.02317959  0.02243033  0.02189878  0.02156142  0.02140402
  0.02142012  0.02161036  0.02198259  0.02255263  0.02334599  0.02440083
  0.02577283  0.02741497  0.02415443  0.02412739  0.02857313  0.03273137
  0.64379614  0.59843922  0.56328945  0.53611673  0.51540372  0.50010848
 -0.15419003 -0.09262569 -0.39125466 -0.09124925 -0.01318148  0.49483629
  0.67704224]",[1.  0.5]
0,-0.15,-0.08,"[ 0.81982219  0.8025451   0.79222808  0.78844045  0.79102744  0.80009456
  0.03298737  0.02877302  0.02422902  0.02425838  0.0267449   0.02508581
  0.02380097  0.02281608  0.02208018  0.02155841  0.02122771  0.02107411
  0.02109131  0.02128001  0.02164799  0.0222109   0.02299394  0.02403479
  0.02538845  0.0271352   0.02417003  0.02414826  0.02871713  0.03289562
  0.64425823  0.59895814  0.56385154  0.53671451  0.51603366  0.50076975
 -0.15341668 -0.09113115 -0.39560455 -0.09058498 -0.01236814  0.49547813
  0.67636339]",[1.  0.5]
0,-0.15,-0.08,"[ 0.81865297  0.80152026  0.79133068  0.78765909  0.79035549  0.79952988
  0.03312307  0.0288976   0.02426633  0.02429195  0.02646438  0.02480557
  0.02352065  0.02253479  0.02179668  0.02127123  0.0209351   0.02077409
  0.02078158  0.02095788  0.02131024  0.02185361  0.02261224  0.02362247
  0.02493736  0.02663434  0.02422222  0.02582876  0.02890688  0.03312068
  0.64438955  0.59922082  0.5642147   0.53715908  0.51654814  0.50134784
 -0.15264476 -0.08962302 -0.40066565 -0.08992373 -0.01155848  0.49611845
  0.67568856]",[1.  0.5]
0,-0.15,-0.08,"[ 0.81866862  0.80131307  0.79091389  0.78703674  0.78952318  0.79847461
  0.03325515  0.02901786  0.02596973  0.02433436  0.02634065  0.02467535
  0.02338518  0.02239457  0.02165171  0.02112116  0.02077928  0.02061161
  0.02061124  0.02077816  0.02111923  0.0216489   0.02239074  0.02338015
  0.02466884  0.02633225  0.02431125  0.02600011  0.02910289  0.03335148
  0.6469263   0.6013173   0.56597249  0.5386482   0.5178179   0.50243337
 -0.15200321 -0.08806888 -0.40310558 -0.08906358 -0.01058754  0.49695518
  0.67481347]",[1.  0.5]
0,-0.15,-0.08,"[ 0.81851564  0.80099442  0.79043838  0.78640627  0.78873327  0.79751426
  0.03331705  0.02907736  0.02612256  0.02435626  0.02617582  0.02450471
  0.02320982  0.02221479  0.02146731  0.02093154  0.02058355  0.02040858
  0.02039941  0.02055568  0.0208838   0.02139764  0.02212     0.0230852
  0.02434341  0.02596782  0.02437868  0.02611021  0.02923089  0.03350518
  0.64908157  0.60312011  0.56750434  0.5399655   0.51896066  0.50343038
 -0.15135368 -0.08643805 -0.40725635 -0.08800777 -0.00946376  0.49798619
  0.67374211]",[1.  0.5]
0,-0.15,-0.08,"[ 0.81847813  0.8007713   0.79004063  0.78583718  0.78798906  0.79658401
  0.03335941  0.02911384  0.02625548  0.02440541  0.02618839  0.02451743
  0.02322267  0.02222779  0.02148049  0.02094496  0.02059729  0.02042272
  0.02041406  0.02057096  0.02089987  0.02141469  0.02213826  0.02310497
  0.0243651   0.02599194  0.02441428  0.02616052  0.02927515  0.03355533
  0.6513082   0.60496645  0.56905862  0.54128854  0.52009537  0.50440741
 -0.15075913 -0.08476603 -0.41194955 -0.08693616 -0.00833106  0.49903548
  0.67265669]",[1.  0.5]
0,-0.15,-0.08,"[ 0.81812671  0.80031509  0.78948353  0.78517863  0.78722431  0.79570395
  0.03327778  0.02912543  0.02624218  0.02439343  0.0260947   0.02441573
  0.02311461  0.02211418  0.02136162  0.02082072  0.02046725  0.02028618
  0.02027007  0.02041824  0.02073679  0.02123915  0.02194755  0.02289554
  0.02413218  0.02572903  0.02445529  0.0262508   0.02925644  0.03353935
  0.65308477  0.60648167  0.57037306  0.54244453  0.52112331  0.50532954
 -0.15008298 -0.08298797 -0.41765098 -0.08588669 -0.00721786  0.5000656
  0.67159546]",[1.  0.5]
0,-0.15,-0.08,"[ 0.817937    0.79998638  0.78902306  0.78458782  0.78649918  0.79483506
  0.0332044   0.02914797  0.02622196  0.02441229  0.02614163  0.02446363
  0.0231633   0.02216367  0.02141201  0.0208722   0.0205201   0.02034073
  0.02032671  0.02047747  0.0207992   0.02130547  0.02201872  0.02297273
  0.02421698  0.02582355  0.02445157  0.02628819  0.02918655  0.03345731
  0.65502464  0.6081104   0.57176304  0.5436459   0.52217169  0.50625064
 -0.14946733 -0.08118423 -0.42367803 -0.08482198 -0.00609572  0.50111338
  0.67052072]",[1.  0.5]
0,-0.15,-0.08,"[ 0.81785475  0.79973675  0.78861594  0.78402612  0.78577944  0.79394735
  0.03314475  0.02917578  0.02619133  0.0244375   0.02627683  0.02460233
  0.02330486  0.02230799  0.02155938  0.02102314  0.02067536  0.02050128
  0.02049373  0.0206524   0.02098382  0.021502    0.02222992  0.02320222
  0.02446949  0.02610551  0.02442429  0.02621395  0.02907847  0.03332853
  0.65714827  0.60987662  0.57325529  0.5449217   0.52327167  0.50720389
 -0.14887276 -0.07935635 -0.42976744 -0.0837455  -0.004967    0.50217541
  0.66943605]",[1.  0.5]
0,-0.15,-0.08,"[ 0.81756643  0.79932374  0.7880841   0.78337598  0.78500667  0.79304258
  0.03341972  0.02917156  0.02606782  0.02438817  0.02634325  0.02465415
  0.02334524  0.0223391   0.0215827   0.02103969  0.0206858   0.02050598
  0.02049284  0.02064584  0.02097126  0.02148284  0.02220323  0.02316662
  0.02442296  0.0260451   0.02443847  0.02615594  0.02905819  0.0331927
  0.65909559  0.61152394  0.57467263  0.54615771  0.52436108  0.50817192
 -0.14819458 -0.07746278 -0.43620034 -0.08267275 -0.00384218  0.50323635
  0.66835699]",[1.  0.5]
0,-0.15,-0.08,"[ 0.81735766  0.79897994  0.78761242  0.78277787  0.78427835  0.79217496
  0.03296672  0.02877664  0.02417703  0.02419893  0.02691414  0.02518073
  0.02383741  0.02280446  0.02202731  0.02146853  0.0211031   0.02091549
  0.02089796  0.0210498   0.02137723  0.02189408  0.02262321  0.02359911
  0.0248723   0.02651637  0.0243917   0.02435517  0.02885191  0.0329292
  0.66105421  0.61316986  0.57607905  0.54737531  0.52542584  0.50910985
 -0.14756409 -0.07554149 -0.44312056 -0.08160372 -0.00272125  0.50429616
  0.66728354]",[1.  0.5]
0,-0.15,-0.08,"[ 0.81726292  0.79875093  0.78725714  0.7822987   0.78367251  0.79143453
  0.03292972  0.02873651  0.02421804  0.0242455   0.02687694  0.02516955
  0.02384666  0.02283053  0.02206787  0.0215222   0.02116919  0.02099388
  0.02098906  0.02115451  0.02149706  0.02203118  0.02278062  0.02378104
  0.02508462  0.02676741  0.02435267  0.02431656  0.02878922  0.03277977
  0.66283546  0.61465397  0.57733582  0.54845283  0.52635809  0.50992119
 -0.14705081 -0.07366665 -0.45069492 -0.08053928 -0.00160514  0.50535393
  0.66621656]",[1.  0.5]
0,-0.15,-0.08,"[ 8.17414705e-01  7.98671765e-01  7.86963228e-01  7.81796647e-01
  7.82960283e-01  7.90501528e-01  3.28242703e-02  2.86383575e-02
  2.42363973e-02  2.42719307e-02  2.65550657e-02  2.48876521e-02
  2.35960206e-02  2.26048634e-02  2.18625457e-02  2.13337370e-02
  2.09949526e-02  2.08318639e-02  2.08377697e-02  2.10129105e-02
  2.13644926e-02  2.19074273e-02  2.26659280e-02  2.36763000e-02
  2.49915583e-02  2.66890654e-02  2.43145085e-02  2.42751564e-02
  2.87661202e-02  3.26441024e-02  6.65424813e-01  6.16772918e-01
  5.79095447e-01  5.49929046e-01  5.27603992e-01  5.10974415e-01
 -1.46486421e-01 -7.17091615e-02 -4.57313122e-01 -7.94794310e-02
 -4.93848438e-04  5.06409607e-01  6.65156040e-01]",[1.  0.5]
0,-0.15,-0.08,"[ 8.18553573e-01  7.99274617e-01  7.87074138e-01  7.81437607e-01
  7.82133737e-01  7.89190875e-01  3.27177787e-02  2.85603846e-02
  2.42457659e-02  2.42854212e-02  2.66919563e-02  2.50259776e-02
  2.37356238e-02  2.27459658e-02  2.20056168e-02  2.14794315e-02
  2.11440863e-02  2.09854162e-02  2.09969052e-02  2.11790213e-02
  2.15392630e-02  2.20929289e-02  2.28647603e-02  2.38917992e-02
  2.52281172e-02  2.69526413e-02  2.42348784e-02  2.42043468e-02
  2.87098888e-02  3.28909037e-02  6.65119077e-01  6.20625183e-01
  5.82190770e-01  5.52427557e-01  5.29616259e-01  5.12577457e-01
 -1.45963171e-01 -6.98147117e-02 -4.60173699e-01 -7.84241962e-02
  6.12608016e-04  5.07463122e-01  6.64101980e-01]",[1.  0.5]
0,-0.15,-0.08,"[ 0.81978216  0.7999485   0.78724054  0.78112081  0.78133784  0.78790045
  0.03257112  0.02847962  0.02424679  0.02429141  0.02697884  0.02531013
  0.02401793  0.02302767  0.02228818  0.02176448  0.02143344  0.0212811
  0.0213012   0.02149456  0.02186916  0.02244093  0.0232355   0.02429116
  0.02566377  0.02738857  0.02405257  0.0240279   0.02847719  0.03261998
  0.65757542  0.62462975  0.58540371  0.55501789  0.53170052  0.51423677
 -0.14544208 -0.06791809 -0.46292911 -0.07737265  0.0017152   0.50851536
  0.66305344]",[1.  0.5]
0,-0.15,-0.08,"[ 0.82123494  0.80076916  0.78748481  0.78081813  0.78049471  0.78650139
  0.03254975  0.02851149  0.02423887  0.02428162  0.02709857  0.02540355
  0.02409064  0.02308348  0.02232974  0.02179358  0.02145122  0.02128821
  0.02129784  0.0214805   0.02184372  0.02240291  0.02318304  0.02422152
  0.02557296  0.02731705  0.02411151  0.02408368  0.02852226  0.03267926
  0.64971869  0.62922641  0.5890871   0.55798496  0.53408683  0.51613667
 -0.14486509 -0.0661225  -0.46374409 -0.07631443  0.0028181   0.50957665
  0.6620001 ]",[1.  0.5]
0,-0.15,-0.08,"[ 0.82240425  0.80139475  0.7876154   0.78047964  0.77969328  0.7852243
  0.03253895  0.02855409  0.02422472  0.02426311  0.02717923  0.02544746
  0.02410562  0.02307468  0.02230049  0.02174597  0.02138637  0.02120643
  0.02119875  0.02136301  0.02170597  0.02224213  0.02299527  0.02400122
  0.02531234  0.02700497  0.02421005  0.02417803  0.02862119  0.03280444
  0.64276237  0.63339429  0.59244457  0.56070856  0.53629816  0.51792053
 -0.14425467 -0.0643401  -0.46545118 -0.07523292  0.00392914  0.5106636
  0.66092537]",[1.  0.5]
0,-0.15,-0.08,"[ 0.82368425  0.8021073   0.78781302  0.78019095  0.77892632  0.78396762
  0.03245041  0.02858545  0.02420982  0.02425068  0.02714325  0.02539723
  0.02404415  0.02300381  0.02222124  0.02165882  0.02129136  0.02110323
  0.02108669  0.02124107  0.02157269  0.02209555  0.02283279  0.02381933
  0.02510623  0.02676796  0.02429022  0.02424745  0.02853245  0.03262276
  0.63558087  0.63774848  0.59594499  0.56354289  0.5385954   0.51977055
 -0.14364907 -0.06241613 -0.46812187 -0.07413379  0.00504594  0.5117706
  0.65983499]",[1.  0.5]
0,-0.15,-0.08,"[ 0.82549274  0.80322     0.78829773  0.78008604  0.77824505  0.78269972
  0.03243392  0.02856581  0.02421052  0.02425141  0.02727502  0.02552231
  0.02416406  0.02311981  0.02233446  0.02177022  0.02140187  0.02121373
  0.02119806  0.02135421  0.0216886   0.02221534  0.02295775  0.023951
  0.02524654  0.02691939  0.02438657  0.02433942  0.02873474  0.0326923
  0.62773483  0.64284867  0.60000834  0.56679956  0.54120294  0.52183831
 -0.14311352 -0.06055173 -0.46970119 -0.07298341  0.00618232  0.51293138
  0.65869551]",[1.  0.5]
0,-0.15,-0.08,"[ 0.82749118  0.80448549  0.78890437  0.78007672  0.77763622  0.78148336
  0.03246911  0.02859137  0.02426233  0.02430973  0.02717697  0.02545995
  0.02412972  0.02310842  0.02234264  0.02179584  0.0214437   0.0212713
  0.02127155  0.02144446  0.02179713  0.02234452  0.02311097  0.02413308
  0.0254643   0.02718258  0.02420082  0.02416647  0.0285637   0.03273301
  0.61973052  0.64821883  0.60427502  0.57021053  0.54392737  0.52399341
 -0.14259999 -0.05859612 -0.47196891 -0.07179684  0.00733082  0.51413091
  0.65752201]",[1.  0.5]
0,-0.15,-0.08,"[ 0.83051728  0.80650512  0.79002451  0.78036116  0.77711259  0.78014619
  0.03271646  0.02854849  0.0241594   0.02419313  0.02695853  0.02525202
  0.02392989  0.02291464  0.02215313  0.021609    0.021258    0.02108529
  0.02108374  0.02125329  0.02160093  0.02214136  0.02289862  0.02390883
  0.02522476  0.02692338  0.02430654  0.02426928  0.028731    0.0328712
  0.61035993  0.65537626  0.60991784  0.57468347  0.54746482  0.52675722
 -0.14211431 -0.05677741 -0.47063575 -0.0705668   0.00849214  0.51537657
  0.65630734]",[1. 0.]
0,-0.15,-0.08,"[ 0.83732399  0.8113194   0.79307443  0.78178806  0.77698648  0.77847306
  0.03277937  0.02857456  0.02426327  0.02430717  0.02716117  0.02551694
  0.02424447  0.02327135  0.02254787  0.02204013  0.02172582  0.02159174
  0.02163242  0.0218495   0.02225195  0.022857    0.02369195  0.02479744
  0.0262327   0.02726182  0.02410754  0.02406758  0.02822472  0.03208687
  0.59510016  0.65093489  0.62047291  0.58293724  0.55388916  0.53167619
 -0.1417726  -0.05468943 -0.464141   -0.06888266  0.00975344  0.5170799
  0.65464269]",[1. 0.]
0,-0.15,-0.08,"[ 0.84078828  0.81695578  0.79677124  0.78371794  0.77724248  0.77707846
  0.03231782  0.02840504  0.02429849  0.02435645  0.02752695  0.02588317
  0.02461163  0.0236406   0.02292082  0.02241875  0.02211242  0.02198901
  0.02204346  0.022278    0.02270233  0.02333467  0.0242037   0.02535197
  0.0268415   0.02718448  0.02395091  0.02391561  0.02795276  0.03200563
  0.5801069   0.63190948  0.63255142  0.59238505  0.56126431  0.53736077
 -0.14137821 -0.05272686 -0.4546483  -0.06720783  0.01100316  0.51877663
  0.65298968]",[1. 0.]
0,-0.15,-0.08,"[ 0.80103347  0.82326023  0.80103709  0.78614541  0.77794657  0.77610118
  0.03259904  0.02841123  0.02421539  0.02426311  0.02745214  0.02582257
  0.0245623   0.0236005   0.02288853  0.02239327  0.02209311  0.02197547
  0.02203557  0.02227583  0.02270623  0.02334525  0.02422194  0.02537937
  0.02688024  0.02714913  0.02389238  0.02386237  0.02802476  0.03208225
  0.56587737  0.61392515  0.64572095  0.60267756  0.56931134  0.54359294
 -0.14097152 -0.05080832 -0.44403827 -0.0655664   0.01223648  0.5204425
  0.65137223]",[1. 0.]
0,-0.15,-0.08,"[ 0.76375548  0.83046753  0.80603729  0.78917572  0.77914987  0.77554143
  0.03280062  0.02859105  0.02430328  0.02434975  0.02736171  0.02570733
  0.02442705  0.02344809  0.02272045  0.02221005  0.02189448  0.02176051
  0.02180264  0.02202259  0.02242946  0.02304064  0.02388375  0.02499983
  0.02644872  0.02725462  0.02395628  0.02392882  0.02821961  0.032313
  0.55214558  0.59661233  0.6546007   0.61423028  0.57835449  0.55062694
 -0.14052601 -0.04897162 -0.43117403 -0.06395788  0.01345705  0.52207795
  0.64978982]",[1. 0.]
0,-0.15,-0.08,"[ 0.7291621   0.83864771  0.8118343   0.79286826  0.78091208  0.77546194
  0.03243007  0.02841091  0.02419669  0.02424068  0.02726566  0.02555016
  0.02422123  0.02320128  0.0224371   0.0218923   0.02154267  0.02137341
  0.02137757  0.02155532  0.02191396  0.0224687   0.02324428  0.02427776
  0.02562333  0.02736001  0.02410055  0.02407032  0.02846512  0.03261751
  0.53892781  0.57999682  0.63336161  0.62714287  0.58846634  0.5585188
 -0.14004354 -0.04715958 -0.41677384 -0.06235424  0.01467391  0.5237111
  0.64821465]",[1. 0.]
0,-0.15,-0.08,"[ 0.70138597  0.84103775  0.81758356  0.79666322  0.78293323  0.775809
  0.03297182  0.02877958  0.02415876  0.02417823  0.02712885  0.02538751
  0.0240381   0.02300074  0.02222072  0.02166055  0.02129516  0.02110904
  0.02109451  0.02125098  0.02158488  0.0221103   0.0228505   0.02384059
  0.02513186  0.02679916  0.0242971   0.02427248  0.0289043   0.0331349
  0.52766337  0.56590436  0.6154638   0.63966683  0.59827492  0.56619588
 -0.13957135 -0.04544916 -0.40409027 -0.06075548  0.01588707  0.5253419
  0.64664669]",[1. 0.]
0,-0.15,-0.08,"[ 0.67544639  0.80141313  0.82411351  0.80112432  0.78553595  0.77667662
  0.03296487  0.02898871  0.02429627  0.02431431  0.02725157  0.02596084
  0.02453773  0.02344147  0.02261325  0.02201275  0.02161283  0.02139637
  0.02135444  0.02148532  0.02179437  0.02229457  0.02300786  0.02396765
  0.02522293  0.02684505  0.02455508  0.02452648  0.0292573   0.03356397
  0.51693802  0.55250334  0.59849879  0.65330859  0.60893337  0.57453459
 -0.13914909 -0.04380737 -0.3904524  -0.0591616   0.01709653  0.52697032
  0.64508593]",[1. 0.]
0,-0.15,-0.08,"[ 0.64471253  0.75537755  0.83393418  0.80808251  0.78995444  0.77875437
  0.03279424  0.028622    0.02420708  0.02423267  0.02745332  0.02641967
  0.02501926  0.02394291  0.02313392  0.02255347  0.02217561  0.02198429
  0.02197163  0.02213712  0.02248755  0.02303773  0.02381203  0.0248472
  0.02619697  0.0276016   0.02433973  0.02431465  0.02886845  0.03309233
  0.50375394  0.53607003  0.57778742  0.63206415  0.62392207  0.58622337
 -0.13880912 -0.04167027 -0.37323699 -0.05757258  0.0183023   0.52859631
  0.64353236]",[1. 0.]
0,-0.15,-0.08,"[ 0.61762732  0.71556091  0.84486181  0.81599848  0.79523339  0.781636
  0.03293386  0.02872506  0.0242511   0.02427893  0.02765654  0.02627718
  0.02493299  0.02390272  0.02313308  0.02258765  0.02224229  0.02208246
  0.02210159  0.02230046  0.02268726  0.02327845  0.02410051  0.02519302
  0.02661374  0.02739865  0.0242336   0.02420619  0.02863227  0.03266671
  0.49157938  0.52093822  0.55881164  0.60790199  0.6403321   0.59902112
 -0.1384558  -0.03951579 -0.35596158 -0.05598842  0.01950438  0.53021984
  0.64198596]",[1. 0.]
0,-0.15,-0.08,"[ 0.59165085  0.67804578  0.80154355  0.82568372  0.80193755  0.78566794
  0.0325926   0.02861653  0.02439547  0.02445144  0.02771494  0.02605256
  0.02476643  0.0237838   0.02305471  0.02254511  0.02223268  0.02210433
  0.02215481  0.02238618  0.022808    0.02343836  0.02430581  0.02545274
  0.02694094  0.02720778  0.02407508  0.02404124  0.02822693  0.03206883
  0.47955179  0.50600269  0.54014468  0.58427202  0.64187858  0.61423612
 -0.13805119 -0.03725565 -0.33651725 -0.0544091   0.02070279  0.53184086
  0.64044672]",[1. 0.]
0,-0.15,-0.08,"[ 0.57090991  0.64849195  0.75753389  0.83523677  0.80867328  0.78991121
  0.03254972  0.02847421  0.0242958   0.02434947  0.02762964  0.02595994
  0.02466784  0.02367988  0.02294563  0.02243073  0.02211255  0.02197775
  0.02202081  0.02224348  0.02265496  0.02327287  0.02412512  0.02525321
  0.02671765  0.02725459  0.02403242  0.0239971   0.02818289  0.03205125
  0.46950698  0.49355148  0.52464379  0.56476984  0.61692052  0.62960512
 -0.13743706 -0.03516688 -0.31780392 -0.05283463  0.02189752  0.53345936
  0.63891464]",[1.  0.5]
0,-0.15,-0.08,"[ 0.553714    0.62425454  0.7220544   0.84479439  0.81551299  0.79437502
  0.03255991  0.02840609  0.02415666  0.02419963  0.02752014  0.02579315
  0.02445539  0.02342889  0.02266019  0.02211271  0.02176214  0.02159366
  0.02160035  0.02178247  0.02214753  0.022711    0.02349803  0.02454629
  0.0259108   0.02747762  0.02413076  0.02409223  0.02835229  0.0324856
  0.46092038  0.48291067  0.51142838  0.54821659  0.59587702  0.64523054
 -0.13669175 -0.03323673 -0.29948076 -0.05126498  0.02308859  0.53507528
  0.63738968]",[1.  0.5]
0,-0.15,-0.08,"[ 0.54213548  0.60797947  0.69842913  0.82832973  0.82107063  0.79808574
  0.03279065  0.02862766  0.02416589  0.02419432  0.02739352  0.02581517
  0.02443213  0.02336834  0.02256743  0.0219908   0.02161257  0.02141665
  0.02139497  0.02154663  0.02187787  0.02240264  0.02314412  0.02413736
  0.02543363  0.02710768  0.02432079  0.02428587  0.02875256  0.03296713
  0.45463294  0.47515795  0.50185554  0.53630691  0.58085841  0.63909414
 -0.13600196 -0.03158239 -0.28624332 -0.04970015  0.02427601  0.5366886
  0.63587185]",[1.  0.5]
0,-0.15,-0.08,"[ 0.53066987  0.59193983  0.675352    0.79356517  0.82766221  0.80262593
  0.03304037  0.02884848  0.02420251  0.02422199  0.02717508  0.02541013
  0.02404223  0.02298972  0.02219672  0.02162491  0.02124861  0.02105178
  0.02102629  0.02117112  0.0214922   0.02200305  0.02272622  0.0236958
  0.02496174  0.0265968   0.0243431   0.02431648  0.02896917  0.03321788
  0.44819891  0.46722912  0.49208467  0.52419093  0.56565137  0.61965124
 -0.13533979 -0.0297621  -0.27281415 -0.04814014  0.02545976  0.53829927
  0.63436112]",[1.  0.5]
0,-0.15,-0.08,"[ 0.520782    0.57812114  0.65558019  0.76411111  0.83439443  0.80734406
  0.03332901  0.02909367  0.02599912  0.02430561  0.02655775  0.0248497
  0.02352604  0.02250833  0.02174282  0.02119268  0.0208333   0.02064938
  0.02063336  0.02078457  0.02110924  0.02162105  0.02234265  0.02330823
  0.02456778  0.02619418  0.02437613  0.02599435  0.02908526  0.03334293
  0.4422822   0.45995939  0.48316055  0.51317794  0.55191021  0.60221093
 -0.13465751 -0.02789805 -0.2607515  -0.04658493  0.02663988  0.53990728
  0.63285749]",[1.  0.5]
0,-0.15,-0.08,"[ 0.51214677  0.56606782  0.63842412  0.73880913  0.84118329  0.8121542
  0.03361848  0.02933793  0.02621153  0.02441969  0.02611877  0.02446003
  0.02317485  0.0221877   0.02144683  0.02091681  0.02057401  0.02040389
  0.02039946  0.02056054  0.02089375  0.02141318  0.02214192  0.02311467
  0.02438214  0.02601832  0.02444706  0.02628669  0.02916185  0.03337667
  0.43686926  0.45331744  0.47502689  0.50317533  0.53948708  0.5865371
 -0.133909   -0.02604968 -0.24925881 -0.04503452  0.02781635  0.54151258
  0.63136094]",[1.  0.5]
0,-0.15,-0.08,"[ 0.50421511  0.55500316  0.62274426  0.71588584  0.84838964  0.8173203
  0.03384308  0.02951887  0.0263627   0.02451417  0.02558049  0.02399118
  0.02276034  0.02181671  0.02111142  0.02061106  0.02029347  0.02014526
  0.02016034  0.02033932  0.02068958  0.02122602  0.02197263  0.02296532
  0.02425649  0.02592265  0.02446567  0.0263673   0.02937253  0.03332502
  0.43168639  0.44696232  0.46725915  0.4936507   0.52770512  0.57175064
 -0.13311411 -0.02414771 -0.23801574 -0.04348889  0.0289892   0.54311514
  0.62987146]",[1.  0.5]
0,-0.15,-0.08,"[ 0.49728617  0.54534049  0.6091043   0.69610025  0.81978773  0.82239603
  0.03385355  0.02952298  0.02636288  0.02452314  0.02566097  0.02407957
  0.02285511  0.02191707  0.02121708  0.02072211  0.02041029  0.02026848
  0.02029087  0.02047838  0.02083873  0.02138727  0.02214861  0.02315952
  0.02447358  0.02616911  0.02448395  0.02632832  0.02945485  0.03368534
  0.4270019   0.44121768  0.46024585  0.48507076  0.51712737  0.55853604
 -0.13218356 -0.0223171  -0.22669921 -0.04194804  0.03015841  0.54471494
  0.62838903]",[1.  0.5]
0,-0.15,-0.08,"[ 0.4911662   0.53679005  0.59705713  0.67872429  0.79367572  0.82749499
  0.03372129  0.02940342  0.02625319  0.02449032  0.02609333  0.0244971
  0.0232614   0.02231541  0.02161056  0.02111366  0.02080283  0.02066498
  0.02069447  0.02089251  0.02126725  0.02183469  0.02262036  0.02366231
  0.02501602  0.02676258  0.02429505  0.02612699  0.02922803  0.03347011
  0.42267024  0.43590966  0.453777    0.47717782  0.50743105  0.54647786
 -0.13117994 -0.02050545 -0.21573932 -0.04041196  0.03132401  0.54631193
  0.62691364]",[1.  0.5]
0,-0.15,-0.08,"[ 0.48543065  0.52877758  0.58580397  0.66259707  0.76969335  0.83296259
  0.03370917  0.02938904  0.02624399  0.02451984  0.02595588  0.0243798
  0.02315996  0.02222681  0.0215326   0.02104474  0.0207418   0.02061105
  0.02064714  0.02085153  0.02123268  0.02180686  0.02259997  0.02365057
  0.02501482  0.02677488  0.02424139  0.02609107  0.0291848   0.03341615
  0.41853403  0.43083243  0.4475883   0.46963447  0.49818383  0.53501536
 -0.13017253 -0.01869098 -0.20478052 -0.03888065  0.03248599  0.54790609
  0.62544528]",[1.  0.5]
0,-0.15,-0.08,"[ 0.48012848  0.52139487  0.57549107  0.64793269  0.74812912  0.83851645
  0.03373688  0.0294223   0.02636852  0.02452491  0.02584023  0.02424924
  0.02301737  0.02207374  0.02136971  0.02087206  0.02055883  0.0204168
  0.02044018  0.02062989  0.02099377  0.02154732  0.02231539  0.02333507
  0.02466044  0.02637055  0.02432028  0.02619832  0.02931192  0.03357218
  0.41477912  0.4261992   0.44192479  0.46272362  0.48971452  0.52453411
 -0.12909671 -0.01700053 -0.19305518 -0.03735408  0.03364437  0.5494974
  0.62398393]",[1.  0.5]
0,-0.15,-0.08,"[ 0.4752337   0.51453721  0.56589498  0.63431537  0.72822587  0.84440135
  0.03369133  0.02938629  0.02648979  0.0245259   0.02548969  0.02391141
  0.0226892   0.02175249  0.02105284  0.02055715  0.0202435   0.02009867
  0.02011672  0.02029837  0.02065112  0.02118998  0.02193909  0.02293452
  0.02422892  0.02589918  0.0244135   0.02636552  0.0292339   0.03342956
  0.41108192  0.42164445  0.43637014  0.45596564  0.4814625   0.51436641
 -0.12794342 -0.01520847 -0.18171395 -0.03583227  0.03479915  0.55108582
  0.62252958]",[1.  0.5]
0,-0.15,-0.08,"[ 0.47072353  0.50820886  0.55705407  0.62182587  0.71011197  0.83545555
  0.03348457  0.0292438   0.02637203  0.02447784  0.02559117  0.02398993
  0.02274966  0.0217982   0.0210861   0.02057949  0.02025593  0.02010172
  0.02011054  0.02028274  0.02062541  0.0211531   0.02188937  0.02286951
  0.02414506  0.02579123  0.02452766  0.02631954  0.0294536   0.03341709
  0.407628    0.41737619  0.43115853  0.44962593  0.473731    0.50486221
 -0.12671664 -0.01345668 -0.17007762 -0.03431519  0.03595033  0.55267132
  0.62108222]",[1.  0.5]
0,-0.15,-0.08,"[ 0.46688362  0.50277431  0.54943466  0.61106495  0.69456702  0.81207558
  0.03329275  0.02911352  0.02622699  0.02443691  0.02595034  0.0243213
  0.0230594   0.02209108  0.0213659   0.02084935  0.02051848  0.02035932
  0.02036531  0.02053671  0.02088056  0.02141144  0.02215305  0.02314087
  0.02442674  0.02608632  0.02443172  0.02616132  0.02927926  0.03354762
  0.40447805  0.41348938  0.42642293  0.44388097  0.46674792  0.49631191
 -0.12548538 -0.01174749 -0.15935503 -0.03280283  0.03709792  0.55425388
  0.61964183]",[1.  0.5]
0,-0.15,-0.08,"[ 0.46346073  0.49787368  0.54252546  0.60129373  0.68048514  0.79103471
  0.03307149  0.02899644  0.02440598  0.02444192  0.0261667   0.02455073
  0.02329944  0.02234065  0.02162489  0.02111832  0.02079857  0.02065216
  0.02067307  0.02086217  0.02122724  0.02178384  0.02255691  0.02358375
  0.02491873  0.02664128  0.02419486  0.02586298  0.02893795  0.03314567
  0.40143068  0.40973815  0.42186511  0.43836895  0.4600717   0.48817048
 -0.12425244 -0.00998175 -0.14948119 -0.0312952   0.03824193  0.55583347
  0.6182084 ]",[1.  0.5]
0,-0.15,-0.08,"[ 0.46025855  0.49330625  0.53611729  0.59228702  0.66760844  0.77199969
  0.03297335  0.02902898  0.02440453  0.02444169  0.02622728  0.02459854
  0.02333717  0.02237018  0.0216475   0.02113489  0.02080967  0.02065811
  0.020674    0.02085797  0.02121761  0.02176821  0.02253442  0.02355309
  0.02487801  0.02658769  0.02420144  0.02583223  0.02890657  0.03311415
  0.39870455  0.40635375  0.41773131  0.43335396  0.45398781  0.48074905
 -0.12300157 -0.00836865 -0.13887939 -0.02979229  0.03938237  0.55741006
  0.61678191]",[1.  0.5]
0,-0.15,-0.08,"[ 0.45866271  0.49085238  0.53251242  0.58706499  0.6599908   0.76059677
  0.03299895  0.02909166  0.02439676  0.02443109  0.0264142   0.02474909
  0.02345914  0.02246895  0.0217268   0.02119733  0.02085698  0.02069134
  0.02069362  0.02086391  0.02120919  0.02174412  0.02249251  0.02349012
  0.02478919  0.02646591  0.02427769  0.0258874   0.02897541  0.03320345
  0.39653426  0.40373957  0.41461157  0.42964024  0.44955508  0.4754197
 -0.12170928 -0.00689219 -0.13202643 -0.02829407  0.04051923  0.55898363
  0.61536235]",[1.  0.5]
0,-0.15,-0.08,"[ 0.45740936  0.4888288   0.52946031  0.58257453  0.65338081  0.75066013
  0.03292547  0.02905371  0.02435067  0.02438498  0.02641758  0.02471974
  0.02340401  0.02239245  0.02163166  0.02108504  0.02072816  0.02054582
  0.02053052  0.02068163  0.02100536  0.02151538  0.02223424  0.02319602
  0.02445054  0.02607041  0.02434664  0.02431767  0.02894597  0.03318244
  0.39440482  0.40119883  0.41160309  0.42608323  0.44533567  0.4703767
 -0.12029349 -0.00536669 -0.12574985 -0.02680056  0.04165253  0.56055415
  0.61394972]",[1.  0.5]
0,-0.15,-0.08,"[ 0.45816865  0.48943466  0.52985903  0.58267593  0.65302827  0.749566
  0.03306748  0.02887332  0.02580775  0.02415897  0.0267859   0.02503962
  0.02368612  0.02264442  0.02185907  0.02129205  0.02091787  0.02072055
  0.02069197  0.02083096  0.0211432   0.02164185  0.02234888  0.02329757
  0.0245367   0.02613729  0.02439852  0.0243648   0.02891193  0.0331521
  0.39281899  0.39947321  0.40971236  0.42399376  0.44300235  0.46773804
 -0.1188441  -0.00396485 -0.12521775 -0.02531173  0.04278227  0.56212159
  0.61254398]",[1.  0.5]
0,-0.15,-0.08,"[ 0.45926682  0.49047326  0.53081509  0.58350708  0.65365586  0.74983809
  0.03314479  0.02893721  0.02586234  0.02419591  0.02665899  0.02492967
  0.02358939  0.02255823  0.02178148  0.02122161  0.0208535   0.02066145
  0.02063756  0.02078084  0.02109718  0.02159989  0.02231117  0.02326458
  0.02450925  0.02611679  0.02442356  0.02439051  0.02895512  0.03317605
  0.39127788  0.39783265  0.40795132  0.42208522  0.44091101  0.46541672
 -0.11745268 -0.00254649 -0.12613138 -0.02382758  0.04390847  0.56368594
  0.61114513]",[1.  0.5]
0,-0.15,-0.08,"[ 0.46092515  0.49222503  0.53268688  0.58553321  0.65588217  0.75232802
  0.03341513  0.02915576  0.02604549  0.02435511  0.02605325  0.02441019
  0.02313731  0.02216017  0.02142776  0.02090515  0.02056909  0.02040535
  0.02040721  0.02057474  0.02091483  0.0214419   0.0221794   0.02316258
  0.0244429   0.02609545  0.02433813  0.02603574  0.02914147  0.03339379
  0.38979535  0.39631485  0.40638377  0.42045114  0.43919022  0.46358422
 -0.11611149 -0.00109335 -0.12926964 -0.02234811  0.04503111  0.56524716
  0.60975317]",[1. 1.]
0,-0.15,-0.08,"[ 4.63762798e-01  4.95536249e-01  5.36622016e-01  5.90319316e-01
  6.61879635e-01  7.60147280e-01  3.35701777e-02  2.92738379e-02
  2.44845156e-02  2.45122710e-02  2.61994122e-02  2.45862300e-02
  2.33371818e-02  2.23803901e-02  2.16665386e-02  2.11619348e-02
  2.08443065e-02  2.07002739e-02  2.07239300e-02  2.09162382e-02
  2.12851293e-02  2.18463176e-02  2.26249950e-02  2.36587604e-02
  2.50024605e-02  2.67362086e-02  2.43990439e-02  2.43704997e-02
  2.91206702e-02  3.30096719e-02  3.88697927e-01  3.95349605e-01
  4.05555044e-01  4.19770627e-01  4.38679273e-01  4.63277746e-01
 -1.14762387e-01  2.15397177e-04 -1.35525055e-01 -2.08733396e-02
  4.61501828e-02  5.66805194e-01  6.08368098e-01]",[1. 1.]
0,-0.15,-0.08,"[ 0.46888712  0.50181632  0.54443456  0.60024496  0.67485882  0.77780711
  0.03281976  0.02864731  0.0241661   0.02419442  0.02733707  0.02558393
  0.02422539  0.02318109  0.02239597  0.02183231  0.0214649   0.02127815
  0.02126434  0.02142292  0.02176041  0.02229105  0.02303834  0.02403772
  0.02534103  0.02702381  0.02422375  0.02418886  0.02858795  0.0327703
  0.3881075   0.39517113  0.40582468  0.4205484   0.44005719  0.46539336
 -0.11291063  0.0014537  -0.14643456 -0.01940327  0.04726569  0.56836001
  0.60698992]",[1. 1.]
0,-0.15,-0.08,"[ 0.47532262  0.50980631  0.55449854  0.61319106  0.69201061  0.80148679
  0.03237342  0.02842359  0.02411975  0.02415556  0.02736981  0.02620617
  0.02479581  0.02371066  0.0228931   0.02230362  0.02191577  0.02171301
  0.02168697  0.02183661  0.02216804  0.02269524  0.02344146  0.0244419
  0.02574809  0.02743513  0.02428263  0.02424228  0.02857857  0.03277093
  0.38786549  0.39548607  0.40675268  0.42217884  0.44252461  0.46889713
 -0.11126368  0.00263404 -0.16140905 -0.01793786  0.04837767  0.56991164
  0.60561857]",[1. 1.]
0,-0.15,-0.08,"[ 0.48288303  0.51925465  0.56648427  0.62873394  0.7128011   0.83053823
  0.03196379  0.028095    0.02403855  0.02408134  0.02729173  0.02664826
  0.0251934   0.02407295  0.02322697  0.02261433  0.02220738  0.02198873
  0.02194934  0.02208762  0.02240921  0.02292764  0.02366567  0.02465794
  0.02595517  0.0276313   0.02428444  0.02423017  0.02829225  0.03227095
  0.38788992  0.39616945  0.40816815  0.42444044  0.44580241  0.47344253
 -0.10956746  0.00381479 -0.17865453 -0.01647708  0.04948612  0.57146005
  0.60425405]",[1. 1.]
0,-0.15,-0.08,"[ 0.49150234  0.53009063  0.58032491  0.64682994  0.73725504  0.83234424
  0.03209924  0.02804288  0.02401361  0.02405317  0.02732268  0.02655658
  0.02511488  0.02400496  0.02316764  0.0225623   0.02216167  0.02194866
  0.02191446  0.02205769  0.02238422  0.02290777  0.02365139  0.02465002
  0.0259549   0.02764063  0.02417054  0.02412964  0.0283776   0.03254258
  0.38822431  0.39725186  0.41008965  0.4273405   0.44988772  0.47901833
 -0.10799852  0.00496671 -0.198181   -0.01502105  0.05059098  0.57300511
  0.60289643]",[1. 1.]
0,-0.15,-0.08,"[ 0.50075231  0.54176215  0.59530891  0.66655688  0.76416677  0.82244042
  0.0323533   0.02824453  0.02404378  0.02407886  0.02735873  0.02609729
  0.0246901   0.02360725  0.02279117  0.02220243  0.02181455  0.021611
  0.02158338  0.02173058  0.02205861  0.0225813   0.0233217   0.02431469
  0.02561138  0.02728624  0.02432461  0.02428116  0.0286148   0.03281464
  0.38875911  0.39856765  0.41228939  0.43058001  0.45439723  0.48513834
 -0.10644558  0.00611197 -0.21818909 -0.01356964  0.05169233  0.57454691
  0.6015456 ]",[1. 1.]
0,-0.15,-0.08,"[ 0.51211582  0.55620591  0.61401234  0.6914408   0.79857237  0.81166069
  0.0326634   0.02850875  0.02411685  0.02414768  0.02738005  0.02562515
  0.02426525  0.02321996  0.02243416  0.02187014  0.02150266  0.02131611
  0.02130282  0.02146223  0.0218009   0.02233313  0.02308249  0.02408453
  0.02539123  0.02707838  0.02429443  0.02425337  0.028545    0.03262181
  0.38983682  0.40060187  0.41541802  0.43500916  0.46043019  0.49322435
 -0.10489288  0.0072494  -0.24192391 -0.012123    0.05279006  0.57608528
  0.60020169]",[1. 1.]
0,-0.15,-0.08,"[ 0.52556946  0.57341055  0.6364712   0.72164404  0.83529802  0.80053799
  0.03288284  0.02869138  0.02417614  0.02420537  0.02680709  0.02511702
  0.02380772  0.02280267  0.02204937  0.02151191  0.0211664   0.0209982
  0.02100041  0.0211731   0.02152339  0.02206612  0.02282546  0.02383768
  0.02515579  0.0268571   0.02416898  0.02414406  0.0287062   0.03289499
  0.39143037  0.40330046  0.41939531  0.44052244  0.46785779  0.5031289
 -0.10325845  0.00841371 -0.26834268 -0.01068114  0.05388416  0.57762016
  0.5988647 ]",[1. 1.]
0,-0.15,-0.08,"[ 0.54092671  0.59320043  0.66256337  0.75719922  0.82146741  0.78972714
  0.03309003  0.02886155  0.02426939  0.02429613  0.02691595  0.02524738
  0.02395522  0.02296479  0.02222484  0.02170034  0.02136811  0.02121413
  0.02123208  0.02142269  0.0217938   0.02236122  0.02315035  0.02419918
  0.02556314  0.02732317  0.02430225  0.02427079  0.02880135  0.03280232
  0.39364633  0.4067525   0.42429527  0.44718218  0.47673621  0.51491226
 -0.10171241  0.00950137 -0.29641208 -0.00924408  0.05497463  0.57915153
  0.59753463]",[1. 1.]
0,-0.15,-0.08,"[ 0.55730607  0.61445165  0.69085338  0.7962743   0.80881049  0.77988298
  0.03339321  0.02912576  0.02441179  0.02443629  0.02694206  0.02526958
  0.02397435  0.02298144  0.02223944  0.02171321  0.02137946  0.02122411
  0.02124079  0.02143018  0.02180007  0.0223662   0.0231539   0.02420109
  0.02556305  0.02732053  0.02427606  0.02425425  0.02880157  0.03299561
  0.3962292   0.41061035  0.42966443  0.45440963  0.48633423  0.5276529
 -0.1001577   0.01053836 -0.32364057 -0.0078116   0.0560616   0.58067956
  0.59621129]",[1. 1.]
0,-0.15,-0.08,"[ 0.57646712  0.63951602  0.72460051  0.8312539   0.79643581  0.77037047
  0.03374481  0.02941261  0.02461616  0.02464743  0.02670161  0.02508508
  0.02383405  0.02287732  0.02216602  0.0216668   0.02135775  0.02122588
  0.0212658   0.02147914  0.0218747   0.02246941  0.02329013  0.02437677
  0.02578757  0.02724615  0.02423627  0.02599275  0.02907269  0.03328465
  0.39950307  0.41533191  0.43612308  0.46303002  0.49774643  0.54281529
 -0.09867801  0.01159156 -0.35358488 -0.00638372  0.0571451   0.58220423
  0.59489467]",[1. 1.]
0,-0.15,-0.08,"[ 0.60180746  0.67305773  0.7704814   0.81353661  0.78258306  0.7597918
  0.03282183  0.0289105   0.02438893  0.02442639  0.02755641  0.02591502
  0.02456565  0.02352992  0.02275378  0.02220024  0.0218447   0.0216721
  0.02167537  0.02185462  0.02221723  0.02277857  0.02356366  0.02461
  0.02597243  0.0274984   0.02436499  0.02433048  0.02881609  0.03272274
  0.40432918  0.42203405  0.44510832  0.47489636  0.51338734  0.5636062
 -0.09665495  0.01263688 -0.38757416 -0.00496066  0.05822494  0.58372526
  0.59358498]",[1. 1.]
0,-0.15,-0.08,"[ 0.63026667  0.71117962  0.82353471  0.79751167  0.77014557  0.75043689
  0.03237562  0.02835001  0.02411468  0.02414777  0.02729773  0.02624919
  0.02481917  0.02371801  0.02288686  0.02228534  0.02188633  0.02167278
  0.02163588  0.02177412  0.02209316  0.02260641  0.02333643  0.0243175
  0.02559983  0.02725662  0.02429753  0.0242589   0.0286137   0.03281441
  0.40984772  0.42957147  0.45513938  0.48812228  0.53086723  0.5869968
 -0.09461903  0.01370309 -0.42168805 -0.00354218  0.0593013   0.58524289
  0.59228198]",[1. 1.]
0,-0.15,-0.08,"[ 0.66373629  0.75667033  0.81512306  0.7828993   0.75900509  0.74232596
  0.03246373  0.02834177  0.0240871   0.02411882  0.02734472  0.02611867
  0.02470728  0.02362105  0.02280216  0.02221098  0.02182094  0.02161538
  0.02158584  0.02173111  0.02205714  0.02257765  0.02331558  0.02430568
  0.02559886  0.02726926  0.0243319   0.02429508  0.02872505  0.03294169
  0.4164321   0.43843954  0.46687156  0.50358254  0.55137777  0.61466477
 -0.09287632  0.01479659 -0.45888559 -0.00212855  0.06037398  0.5867568
  0.59098591]",[1. 1.]
0,-0.15,-0.08,"[ 7.04570302e-01  8.13178010e-01  7.97382997e-01  7.69204819e-01
  7.48773115e-01  7.35164701e-01  3.25888675e-02  2.84372856e-02
  2.41328244e-02  2.41687728e-02  2.73489629e-02  2.56172543e-02
  2.42756007e-02  2.32453298e-02  2.24725183e-02  2.19202492e-02
  2.15639291e-02  2.13884606e-02  2.13866274e-02  2.15583549e-02
  2.19107026e-02  2.24585869e-02  2.32263752e-02  2.42506818e-02
  2.55850016e-02  2.73073691e-02  2.42703559e-02  2.42267536e-02
  2.85209347e-02  3.24224761e-02  4.24484789e-01  4.49169999e-01
  4.81015513e-01  5.22246900e-01  5.76284389e-01  6.48620174e-01
 -9.11739654e-02  1.59378154e-02 -4.99299702e-01 -7.19784975e-04
  6.14429736e-02  5.88266954e-01  5.89696791e-01]",[1. 1.]
0,-0.15,-0.08,"[ 7.47550030e-01  8.16051130e-01  7.82841787e-01  7.58094724e-01
  7.40644820e-01  7.29723276e-01  3.28817464e-02  2.86864952e-02
  2.41974861e-02  2.42277826e-02  2.70275169e-02  2.53354931e-02
  2.40248799e-02  2.30194168e-02  2.22668098e-02  2.17312851e-02
  2.13890824e-02  2.12257377e-02  2.12345412e-02  2.14158514e-02
  2.17771312e-02  2.23337130e-02  2.31104433e-02  2.41445494e-02
  2.54903824e-02  2.72272660e-02  2.41572252e-02  2.41310157e-02
  2.86332286e-02  3.28069848e-02  4.32747220e-01  4.60127288e-01
  4.95464704e-01  5.41403099e-01  6.02073574e-01  6.46963144e-01
 -8.95593261e-02  1.70376885e-02 -5.36187343e-01  6.84100881e-04
  6.25082612e-02  5.89773303e-01  5.88414610e-01]",[1. 1.]
0,-0.15,-0.08,"[ 0.79620687  0.79966742  0.77017807  0.74859925  0.73394489  0.72558306
  0.03330096  0.0290393   0.02435932  0.0243831   0.02707003  0.02540833
  0.02412182  0.02313662  0.02240203  0.02188342  0.02155793  0.02141184
  0.02143918  0.02164104  0.02202577  0.02260977  0.02341926  0.02449341
  0.02588929  0.02733724  0.0242899   0.02426991  0.02891177  0.03305111
  0.44196782  0.47229151  0.51150449  0.5627598   0.63107804  0.63410353
 -0.08814396  0.01806455 -0.5728313   0.00208345  0.0635701   0.59127619
  0.58713905]",[1. 1.]
0,-0.15,-0.08,"[ 0.82094312  0.78590172  0.75959474  0.74076291  0.72856633  0.72248769
  0.03343177  0.02913613  0.02444591  0.02447302  0.02695156  0.02534474
  0.02410186  0.02315289  0.02244972  0.0219596   0.02166109  0.02154171
  0.02159657  0.0218279   0.02224528  0.02286664  0.02372017  0.02484771
  0.0263102   0.02715544  0.02418413  0.02417412  0.02885094  0.03297819
  0.45103604  0.48431572  0.52748302  0.5842628   0.65845234  0.62379212
 -0.08665017  0.01926498 -0.60752123  0.00347826  0.06462851  0.5927756
  0.5858701 ]",[1.  0.5]
0,-0.15,-0.08,"[ 0.80538552  0.77374848  0.75031578  0.73399666  0.72407806  0.72014481
  0.03351815  0.02920333  0.02450398  0.0245338   0.02670468  0.02513247
  0.02391694  0.02299013  0.02230537  0.0218309   0.02154606  0.02143894
  0.02150518  0.02174747  0.02217586  0.0228088   0.02367515  0.02481762
  0.02629841  0.02707748  0.0241069   0.02578271  0.02882385  0.03297937
  0.460564    0.49696413  0.54437077  0.60717982  0.6467622   0.61511003
 -0.08505525  0.02047711 -0.64044393  0.00486816  0.06568318  0.59427109
  0.5846081 ]",[1.  0.5]
0,-0.15,-0.08,"[ 0.79205453  0.76337556  0.74246991  0.72838699  0.72052159  0.71854776
  0.03366791  0.0293391   0.02618341  0.02455442  0.02641886  0.02485083
  0.02363816  0.02271269  0.02202763  0.02155113  0.02126237  0.02114928
  0.02120722  0.02143858  0.02185292  0.02246806  0.02331196  0.02442607
  0.02587077  0.027122    0.02415875  0.02594278  0.02900763  0.03319673
  0.47024185  0.5098281   0.56162952  0.63080135  0.63706839  0.60800532
 -0.0834728   0.02161619 -0.67038021  0.00625354  0.06673443  0.59576307
  0.58335268]",[1.  0.5]
0,-0.15,-0.08,"[ 0.78002593  0.75406578  0.73550909  0.72352929  0.71761874  0.71753432
  0.03370939  0.02938342  0.02626189  0.02455385  0.02599915  0.0244366
  0.02322764  0.02230377  0.02161798  0.02113822  0.02084347  0.02072136
  0.02076691  0.02098197  0.02137543  0.02196415  0.02277478  0.0238469
  0.02523818  0.02703301  0.02419515  0.02605109  0.02913513  0.03335203
  0.48038961  0.52338103  0.57995201  0.65615746  0.62858999  0.60188855
 -0.0818523   0.02284084 -0.70010558  0.00763398  0.06778193  0.59725106
  0.58210421]",[1.  0.5]
0,-0.15,-0.08,"[ 0.77110225  0.74714373  0.73033217  0.71992941  0.71549871  0.71685863
  0.03368221  0.02937113  0.02635526  0.02453164  0.02589852  0.02431395
  0.02308728  0.02214819  0.02144845  0.02095513  0.02064648  0.02050953
  0.02053866  0.02073506  0.02110682  0.02166982  0.02244939  0.02348326
  0.02482649  0.02655953  0.02428541  0.0261191   0.02922062  0.0334637
  0.4883518   0.53415753  0.59472954  0.65564917  0.62296744  0.5979751
 -0.08029594  0.02413214 -0.72395523  0.00900948  0.06882567  0.59873503
  0.58086268]",[1.  0.5]
0,-0.15,-0.08,"[ 0.76436696  0.74188706  0.72637287  0.71715006  0.71383382  0.71628871
  0.03361237  0.02932117  0.02641683  0.02450145  0.02595472  0.02433787
  0.02308562  0.02212535  0.02140726  0.02089727  0.02057281  0.02042016
  0.02043306  0.02061204  0.02096447  0.02150533  0.02225878  0.02326104
  0.02456492  0.02624753  0.02437349  0.02619636  0.02928561  0.0335509
  0.49425398  0.54230147  0.6061019   0.65049696  0.61931644  0.59556418
 -0.07881673  0.02550635 -0.74353328  0.01038001  0.06986565  0.60021493
  0.57962811]",[1.  0.5]
0,-0.15,-0.08,"[ 0.75858952  0.73737147  0.72297062  0.71476614  0.71241738  0.71582856
  0.03350796  0.02930887  0.02641253  0.0245022   0.02571733  0.02410658
  0.02285891  0.0219017   0.02118514  0.02067518  0.02034918  0.02019336
  0.02020132  0.02037339  0.02071664  0.02124565  0.02198403  0.02296715
  0.02424668  0.02589801  0.0244007   0.02628251  0.02924306  0.03350602
  0.49926168  0.54934235  0.61610392  0.64638282  0.61646426  0.59376193
 -0.07739188  0.02701863 -0.76248447  0.01174605  0.07090222  0.60169126
  0.57840004]",[1.  0.5]
0,-0.15,-0.08,"[ 0.75460561  0.73419723  0.72051205  0.71296303  0.71123764  0.71526559
  0.03346007  0.02937226  0.02642208  0.02450701  0.02575316  0.02412875
  0.02287032  0.02190427  0.02118014  0.02066341  0.02033108  0.02016909
  0.02017078  0.02033622  0.02067222  0.021193    0.02192177  0.02289332
  0.02415852  0.02579155  0.02444304  0.0263822   0.0292636   0.03353423
  0.50185931  0.55323548  0.62190853  0.64423587  0.61509543  0.59304531
 -0.07612224  0.02855171 -0.7770737   0.01310762  0.07193539  0.60316401
  0.57717848]",[1.  0.5]
0,-0.15,-0.08,"[ 0.75063261  0.73107358  0.71814318  0.71128959  0.71022987  0.71492086
  0.03342396  0.02947202  0.02643332  0.02452588  0.02586261  0.02422147
  0.02294994  0.02197334  0.0212405   0.02071637  0.02037761  0.02020985
  0.02020619  0.02036648  0.02069731  0.02121267  0.02193548  0.02290016
  0.02415705  0.02577953  0.02449214  0.02643999  0.02932723  0.03354849
  0.50489867  0.5577308   0.62856397  0.6418112   0.61349978  0.59214676
 -0.07494445  0.03009808 -0.79292236  0.01446419  0.07296478  0.60463259
  0.57596386]",[1.  0.5]
0,-0.15,-0.08,"[ 0.74645676  0.72782751  0.71572778  0.70964398  0.70932567  0.71475989
  0.03339668  0.02944521  0.02631106  0.02452712  0.02587003  0.02421773
  0.02293742  0.02195357  0.02121442  0.02068454  0.02034027  0.02016698
  0.02015754  0.02031158  0.0206354   0.02114271  0.021856    0.02280915
  0.02405172  0.02565592  0.02449501  0.02636359  0.0292982   0.03340248
  0.50851867  0.56305443  0.63643239  0.63906115  0.61166456  0.59108382
 -0.07376007  0.03177399 -0.81117572  0.01581629  0.07399077  0.60609756
  0.57475571]",[1.  0.5]
0,-0.15,-0.08,"[ 0.74281039  0.72500237  0.71363949  0.70824164  0.70858714  0.09134249
  0.03353543  0.02927441  0.02616102  0.02441558  0.02616597  0.02448403
  0.02318063  0.02217852  0.02142482  0.02088328  0.02052965  0.02034892
  0.02033362  0.02048314  0.02080361  0.02130856  0.02202034  0.02297267
  0.02421487  0.02581885  0.02450606  0.0262819   0.02928133  0.03326567
  0.51166529  0.56776934  0.64351148  0.63670067  0.61010882  0.59021065
 -0.07268904  0.03344445 -0.82871241  0.01716337  0.07501296  0.60755828
  0.57355451]",[1.  0.5]
0,-0.15,-0.08,"[ 0.73938031  0.72236618  0.71171891  0.70699054  0.70798727  0.0861426
  0.0331556   0.02894305  0.02586505  0.02421181  0.02677047  0.02504416
  0.02370631  0.02267747  0.02190324  0.02134632  0.02098177  0.02079406
  0.02077548  0.02092526  0.02124954  0.021762    0.02248531  0.02345368
  0.02471717  0.02634877  0.02445831  0.02442229  0.02907486  0.03302066
  0.51476811  0.57246274  0.65062218  0.63441274  0.6086      0.58936534
 -0.07168761  0.03516606 -0.84685644  0.01850542  0.07603132  0.60901474
  0.57236026]",[1.  0.5]
0,-0.15,-0.08,"[ 0.73616469  0.71989877  0.70992849  0.70583594  0.70745366  0.08124232
  0.03297977  0.02878867  0.02416293  0.02418387  0.02680866  0.0250809
  0.02374194  0.0227123   0.02193754  0.02138035  0.02101578  0.02082833
  0.02081026  0.02096083  0.02128624  0.0218002   0.02252544  0.02349629
  0.02476294  0.02639861  0.02444509  0.02440437  0.02904687  0.0329225
  0.51770413  0.57696109  0.65751486  0.63234377  0.60726095  0.58865075
 -0.07070144  0.03690867 -0.86481294  0.01984243  0.07704586  0.61046689
  0.57117296]",[1.  0.5]
0,-0.15,-0.08,"[ 0.7344396   0.71848291  0.70879025  0.70495597  0.70682325  0.08019612
  0.03293325  0.02874299  0.0241825   0.02420795  0.02686516  0.02514835
  0.02381804  0.02279572  0.0220276   0.02147684  0.02111883  0.02093839
  0.02092808  0.02108747  0.02142313  0.02194922  0.02268908  0.02367785
  0.02496691  0.02663116  0.02443161  0.02439015  0.02897435  0.03288982
  0.51737679  0.57710353  0.65841282  0.63201437  0.60720405  0.58882989
 -0.06987018  0.03864809 -0.87753203  0.021175    0.07805703  0.61191538
  0.56999205]",[1.  0.5]
0,-0.15,-0.08,"[ 0.732946    0.7172436   0.70777899  0.70415652  0.70622813  0.07931371
  0.03293246  0.02873076  0.02425737  0.02429022  0.02662179  0.02495609
  0.02366588  0.02267612  0.02193534  0.02140835  0.02107176  0.02091135
  0.02092053  0.02109968  0.02145617  0.02200512  0.02277106  0.0237907
  0.02511764  0.02683013  0.02436858  0.02433023  0.02887548  0.03280933
  0.51657384  0.57662774  0.6584806   0.63184747  0.60725605  0.58907231
 -0.06910237  0.04043524 -0.89021685  0.02250314  0.07906485  0.61336019
  0.56881751]",[1.  0.5]
0,-0.15,-0.08,"[ 0.73265705  0.7168371   0.70725998  0.70352508  0.70547968  0.07902121
  0.0329538   0.02873958  0.02431194  0.02434838  0.02673628  0.02509456
  0.02382351  0.02285012  0.02212428  0.02161179  0.02129004  0.02114548
  0.02117219  0.02137125  0.02175087  0.02232725  0.02312627  0.02418656
  0.02556447  0.02734152  0.02414974  0.02413131  0.02872859  0.03290133
  0.5128414   0.57222827  0.65311761  0.63314296  0.60838242  0.59005763
 -0.06845417  0.04223187 -0.8983543   0.02382621  0.08006881  0.61480059
  0.56764993]",[1.  0.5]
0,-0.15,-0.08,"[ 0.73253009  0.71652702  0.7067771   0.70287211  0.7046523   0.07885003
  0.03298565  0.02876844  0.02434668  0.02438277  0.02678941  0.02514237
  0.02386716  0.02289046  0.02216198  0.02164736  0.02132388  0.02117793
  0.02120352  0.02140169  0.02178063  0.02235647  0.02315508  0.02421504
  0.02559265  0.02734832  0.02415476  0.02413922  0.02878156  0.03296347
  0.50866376  0.56722192  0.64690287  0.6347707   0.60976755  0.59123937
 -0.06777177  0.04399456 -0.90509107  0.02514486  0.08106942  0.61623729
  0.56648868]",[1.  0.5]
0,-0.15,-0.08,"[ 0.73189167  0.71585338  0.70606586  0.70211916  0.70385184  0.07842085
  0.03288621  0.02882683  0.02434051  0.02437681  0.02666374  0.024999
  0.0237096   0.02272065  0.02198078  0.02145487  0.02111961  0.02096084
  0.02097202  0.02115363  0.02151314  0.0220658   0.02283633  0.02386168
  0.02519585  0.02691759  0.0241883   0.02416971  0.02883567  0.0330366
  0.50553652  0.56364439  0.6426919   0.63585325  0.61075997  0.59215876
 -0.06701019  0.04582075 -0.91409569  0.02645841  0.08206616  0.61766952
  0.56533438]",[1.  0.5]
0,-0.15,-0.08,"[ 0.73104239  0.71504544  0.70529058  0.70136931  0.09225215  0.07794581
  0.03315199  0.02897488  0.02433887  0.02437016  0.02661907  0.02492463
  0.02361173  0.02260311  0.02184581  0.02130357  0.02095221  0.02077682
  0.02077018  0.02093202  0.021269    0.02179536  0.02253447  0.0235215
  0.02480784  0.02646845  0.0242603   0.02423641  0.02889542  0.03311845
  0.50295311  0.56080558  0.63951519  0.63658124  0.61148123  0.59287792
 -0.06626442  0.0476784  -0.92447959  0.02776685  0.08305902  0.61909725
  0.56418701]",[1.  0.5]
0,-0.15,-0.08,"[ 0.73043973  0.71443117  0.70466111  0.70072033  0.0896442   0.07762537
  0.03286397  0.02868746  0.02412152  0.0241433   0.02720624  0.02545344
  0.02409508  0.02305054  0.02226462  0.02169947  0.02132979  0.02113984
  0.02112181  0.02127496  0.02160557  0.02212759  0.0228641   0.02384997
  0.02513619  0.02679711  0.02426781  0.02423811  0.02877649  0.03298998
  0.4999451   0.55740649  0.63557368  0.63742923  0.61227173  0.59362266
 -0.06561103  0.04956079 -0.93468522  0.02907016  0.08404799  0.62052045
  0.56304658]",[1.  0.5]
0,-0.15,-0.08,"[ 0.73001037  0.7139738   0.70417437  0.70020159  0.08796789  0.07751798
  0.03292141  0.02873311  0.02416929  0.02419315  0.02716785  0.02543051
  0.02408428  0.02304966  0.02227221  0.02171462  0.02135199  0.02116891
  0.02115784  0.02131834  0.02165699  0.02218811  0.02293523  0.02393384
  0.0252358   0.02691675  0.02426861  0.02423987  0.02878008  0.03298897
  0.49690239  0.55394647  0.63153048  0.6381943   0.61297021  0.594267
 -0.06508544  0.05139968 -0.94467224  0.03036909  0.08503363  0.6219399
  0.56191242]",[1.  0.5]
0,-0.15,-0.08,"[ 0.72947778  0.71344877  0.70365263  0.69967896  0.08457929  0.07742249
  0.03296756  0.02877947  0.0242293   0.02425622  0.02730781  0.02554938
  0.02418668  0.02313884  0.0223505   0.02178372  0.02141312  0.02122293
  0.02120532  0.02135958  0.02169202  0.02221668  0.02295677  0.02394731
  0.02523957  0.02690826  0.02425423  0.02422777  0.02881038  0.03302901
  0.49411455  0.55083118  0.62796814  0.63879985  0.61354781  0.59482335
 -0.06456205  0.05324909 -0.95517799  0.03166364  0.08601596  0.62335559
  0.56078451]",[1. 0.]
0,-0.15,-0.08,"[ 0.72881823  0.71285166  0.70310934  0.69918322  0.08402921  0.0773946
  0.03277953  0.02876669  0.02428834  0.02432135  0.02696767  0.02524734
  0.02391434  0.02289009  0.02212077  0.02156949  0.02121165  0.02103207
  0.02102335  0.02118514  0.02152408  0.02205449  0.02279992  0.0237958
  0.02509391  0.0267698   0.02431541  0.02429103  0.02894273  0.03317462
  0.4917929   0.54832888  0.62523983  0.63911794  0.61390009  0.59520709
 -0.06407506  0.0550651  -0.9661783   0.03295304  0.08699437  0.62476666
  0.55966353]",[1. 0.]
0,-0.15,-0.08,"[ 0.72793341  0.71211766  0.70251047  0.69870977  0.08350465  0.0774076
  0.03312303  0.02890199  0.02423523  0.02425585  0.02697994  0.02527582
  0.0239556   0.022942    0.02218204  0.02163945  0.02129009  0.02111918
  0.02111967  0.0212916   0.02164202  0.02218579  0.02294711  0.02396233
  0.02528453  0.02699117  0.02435752  0.02433177  0.02898455  0.03321504
  0.49016939  0.54675451  0.62378678  0.6390011   0.6139161   0.59533846
 -0.06362382  0.05685929 -0.9782313   0.03423807  0.08796947  0.62617395
  0.55854877]",[1. 0.]
0,-0.15,-0.08,"[ 0.7289171   0.71260741  0.70254429  0.69830548  0.08333618  0.07751603
  0.03260416  0.02850156  0.0242889   0.02434046  0.02753969  0.02586714
  0.02457263  0.02358233  0.02284557  0.02232778  0.02200619  0.0218673
  0.02190541  0.02212208  0.02252626  0.02313522  0.02397643  0.02509076
  0.0265378   0.02728305  0.02407801  0.02403976  0.02823437  0.03206099
  0.48315374  0.53810083  0.6127157   0.64180542  0.61614737  0.59708453
 -0.06312764  0.05906881 -0.98503388  0.03551792  0.08894064  0.62757655
  0.55744093]",[1. 0.]
0,-0.15,-0.08,"[ 0.73103172  0.71388218  0.70304962  0.69807739  0.08389636  0.07801842
  0.03212662  0.02800858  0.02412646  0.02418448  0.02784346  0.02653004
  0.0252214   0.02422165  0.02347997  0.02296175  0.02264428  0.02251428
  0.02256641  0.02280281  0.02323325  0.0238762   0.02476077  0.02593022
  0.02744755  0.02721363  0.02390955  0.02386609  0.0276792   0.03168859
  0.47418966  0.52679576  0.5979455   0.64617244  0.61955749  0.59968559
 -0.0626717   0.06108408 -0.98543164  0.03679258  0.08990787  0.62897444
  0.55634   ]",[1. 0.]
0,-0.15,-0.08,"[ 0.73349749  0.7154242   0.70375007  0.69798031  0.08462142  0.0786101
  0.03213746  0.02800792  0.02408009  0.02413547  0.02788203  0.02675998
  0.02545089  0.02445159  0.02371149  0.02319616  0.02288307  0.02275913
  0.02281925  0.02306591  0.0235093   0.02416848  0.02507339  0.02626842
  0.02781825  0.02717567  0.02377933  0.02373679  0.02757606  0.03157247
  0.46509819  0.51533439  0.5829993   0.65101088  0.62333432  0.60256871
 -0.06222233  0.06305895 -0.98441808  0.03806204  0.09087115  0.63036757
  0.55524598]",[1. 0.]
0,-0.15,-0.08,"[ 0.73673487  0.71753515  0.70484155  0.69811234  0.08577316  0.07942688
  0.03189033  0.02803902  0.02419162  0.02425893  0.02782843  0.02675217
  0.02542966  0.02441909  0.02366907  0.02314453  0.02282251  0.0226895
  0.02274006  0.02297626  0.02340785  0.02405334  0.02494196  0.02611709
  0.027642    0.02722846  0.02378449  0.02374456  0.02767324  0.03168616
  0.45534488  0.50298767  0.56686264  0.65536474  0.62792057  0.60606309
 -0.06178875  0.06491669 -0.97980985  0.03932716  0.09183114  0.63175689
  0.5541581 ]",[1. 0.]
0,-0.15,-0.08,"[ 0.73971728  0.71947448  0.70584172  0.69823322  0.08683234  0.08016502
  0.03208242  0.02815484  0.0241456   0.02420124  0.0276691   0.02646567
  0.02511652  0.02408275  0.02331098  0.02276474  0.02241989  0.0222619
  0.02228428  0.02248795  0.0228813   0.02348108  0.02431418  0.02542078
  0.02685947  0.02738616  0.02394845  0.02390394  0.0278637   0.03191937
  0.44666137  0.49206491  0.55269705  0.63621359  0.63243226  0.60954647
 -0.06125678  0.06670383 -0.97554423  0.04058796  0.09278785  0.63314239
  0.55307635]",[1.  0.5]
0,-0.15,-0.08,"[ 0.74236477  0.72120974  0.70675975  0.69839     0.08788259  0.08092279
  0.03262922  0.02849092  0.02418169  0.0242223   0.02748844  0.02575519
  0.02441245  0.0233817   0.02260913  0.0220579   0.02170349  0.02153091
  0.02153305  0.02171     0.02206904  0.0226254   0.02340383  0.02444154
  0.02579284  0.02750615  0.0241731   0.02412941  0.02825257  0.03231075
  0.43923674  0.4827921   0.54076956  0.62024762  0.63651658  0.61272097
 -0.06074654  0.06838609 -0.97220003  0.04184352  0.09374059  0.63452305
  0.5520015 ]",[1.  0.5]
0,-0.15,-0.08,"[ 0.7441918   0.72235931  0.7073038   0.69837112  0.08849471  0.08144127
  0.03277318  0.02860618  0.02417967  0.02421122  0.02745114  0.02580507
  0.02443635  0.0233843   0.0225935   0.02202598  0.02165636  0.02146894
  0.02145601  0.02161704  0.02195864  0.02249523  0.02325059  0.02426057
  0.02557756  0.02727797  0.02430708  0.02426953  0.02868641  0.03288456
  0.43323104  0.47541272  0.53143485  0.60797276  0.63983904  0.61534902
 -0.06017325  0.07011352 -0.97214327  0.04309477  0.09469005  0.63589987
  0.55093274]",[1.  0.5]
0,-0.15,-0.08,"[ 0.74615966  0.72362974  0.70795346  0.69844623  0.08888314  0.08184829
  0.03269052  0.02852618  0.0241639   0.02419907  0.02752231  0.02579171
  0.02444071  0.02340326  0.02262504  0.02206888  0.02171     0.02153321
  0.02153124  0.02170399  0.02205858  0.02261001  0.02338281  0.02441384
  0.02575692  0.0274906   0.02411748  0.02408752  0.02848813  0.03264812
  0.42701088  0.46782367  0.52190869  0.59555588  0.64324594  0.6180397
 -0.05963121  0.07205553 -0.97392547  0.04434171  0.09563625  0.63727285
  0.54987005]",[1.  0.5]
0,-0.15,-0.08,"[ 0.74805683  0.72485207  0.70857703  0.69851733  0.08927459  0.08225076
  0.03274112  0.02856693  0.02414954  0.02418316  0.02704593  0.02534221
  0.02402236  0.02300928  0.02225008  0.02170858  0.02136071  0.02119175
  0.02119475  0.02136983  0.02172419  0.02227285  0.02304027  0.0240631
  0.02539493  0.02711393  0.02409837  0.02406747  0.028479    0.03263414
  0.42113087  0.46067419  0.51297127  0.58396663  0.64664393  0.62073646
 -0.05906003  0.07395051 -0.97552454  0.04558339  0.09657845  0.63864091
  0.54881425]",[1.  0.5]
0,-0.15,-0.08,"[ 0.74949273  0.72574575  0.70899042  0.6984882   0.08972153  0.08269669
  0.03302394  0.02881303  0.02421787  0.02424441  0.0265809   0.02490843
  0.02361282  0.02261844  0.02187342  0.02134227  0.02100139  0.02083635
  0.02084036  0.02101361  0.0213632   0.02190396  0.02266     0.02366745
  0.02497914  0.02667209  0.0241936   0.02416601  0.02870075  0.03288757
  0.41625548  0.45479037  0.50567463  0.57458881  0.64955614  0.6230723
 -0.0584813   0.07565666 -0.97701858  0.04681979  0.09751665  0.64000401
  0.54776531]",[1.  0.5]
0,-0.15,-0.08,"[ 0.75145732  0.72701819  0.70965236  0.69859021  0.09025774  0.08315339
  0.03318287  0.02895074  0.02424989  0.02427169  0.02648225  0.0248187
  0.02353006  0.02254115  0.02180046  0.02127273  0.02093451  0.0207715
  0.020777    0.02095123  0.02130137  0.02184226  0.02259802  0.02360482
  0.02491547  0.02660705  0.02437069  0.02433534  0.02895468  0.03284104
  0.41076853  0.4481239   0.49735819  0.56384639  0.65318216  0.62596604
 -0.05784659  0.07740494 -0.97700852  0.04805089  0.09845083  0.64136214
  0.54672325]",[1.  0.5]
0,-0.15,-0.08,"[ 0.75631369  0.73042988  0.71180047  0.69959031  0.09153433  0.08392986
  0.03292792  0.0288857   0.02438769  0.02442986  0.02693877  0.02526145
  0.02396238  0.02296625  0.0222214   0.02169253  0.02135619  0.02119819
  0.02121204  0.02139832  0.02176468  0.0223267   0.02310951  0.02415072
  0.02550522  0.02725315  0.024216    0.02418416  0.02852302  0.03267861
  0.40211222  0.43739227  0.48372768  0.54596004  0.63241279  0.63130149
 -0.05720234  0.07936318 -0.9702147   0.04927772  0.09938176  0.64271639
  0.54568718]",[1. 0.]
0,-0.15,-0.08,"[ 0.76181732  0.73435853  0.71436183  0.70091908  0.09609016  0.08483511
  0.03281308  0.02862264  0.02425976  0.02429667  0.02696626  0.02529282
  0.02399686  0.02300341  0.02226106  0.02173464  0.02140088  0.02124568
  0.02126268  0.02145257  0.02182317  0.02239024  0.02317917  0.02422793
  0.0255919   0.02735196  0.02415155  0.0241238   0.02855674  0.03271453
  0.39354862  0.42679175  0.47030515  0.52843634  0.60855544  0.63718839
 -0.05656252  0.08128708 -0.96209169  0.05049924  0.10030866  0.64406561
  0.54465796]",[1. 0.]
0,-0.15,-0.08,"[ 0.76796268  0.73879909  0.7173337   0.70257745  0.0994852   0.08588089
  0.03302936  0.02881693  0.02423836  0.02426504  0.02695827  0.02526406
  0.02395165  0.02294448  0.02219003  0.02165241  0.02130772  0.02114139
  0.02114657  0.02132348  0.02167939  0.02222941  0.02299805  0.02402209
  0.02535523  0.02707584  0.02418141  0.02415629  0.02869961  0.03288545
  0.38518281  0.41644907  0.45724638  0.5114705   0.58563525  0.64367413
 -0.05590315  0.08314857 -0.95247577  0.05171543  0.10123153  0.64540976
  0.54363559]",[1. 0.]
0,-0.15,-0.08,"[ 0.77420778  0.74334229  0.72042153  0.70437356  0.10429855  0.08700718
  0.03274883  0.0288637   0.02431506  0.02434822  0.02743083  0.02569442
  0.02432726  0.02327617  0.0224857   0.02191782  0.02154713  0.02135788
  0.02134226  0.02149963  0.02183647  0.02236698  0.02311465  0.0241149
  0.02541957  0.02710418  0.02431541  0.02429218  0.02893766  0.03317382
  0.377521    0.40700488  0.44537387  0.49614043  0.56510456  0.65033775
 -0.05520988  0.08490474 -0.94247225  0.05292629  0.10215034  0.64674882
  0.54262006]",[1. 0.]
0,-0.15,-0.08,"[ 0.78083331  0.74820451  0.72378702  0.70642082  0.6953357   0.08821529
  0.03310689  0.02890992  0.02584199  0.02420759  0.02728694  0.02558389
  0.02418974  0.02311618  0.02230583  0.02171932  0.02133019  0.02112184
  0.02108564  0.02122012  0.0215308   0.02203072  0.02274187  0.02369763
  0.02494691  0.02656099  0.02453184  0.02450512  0.0292764   0.03358079
  0.37019188  0.39800298  0.43411129  0.48169033  0.54591903  0.63581843
 -0.05451661  0.08666372 -0.93245865  0.0541329   0.10306593  0.64808398
  0.54161044]",[1. 0.]
0,-0.15,-0.08,"[ 0.78813414  0.75361327  0.72760197  0.70884313  0.69649406  0.08962319
  0.0332396   0.02905611  0.02599386  0.02420208  0.02705125  0.02584272
  0.02437946  0.02325018  0.02239321  0.02176618  0.02134045  0.02109767
  0.02102774  0.02112783  0.02140201  0.02186173  0.02252699  0.02342857
  0.02461174  0.02614244  0.02477218  0.02473549  0.02957396  0.03395615
  0.36307559  0.38927386  0.42321942  0.46777689  0.52756808  0.61052025
 -0.05384064  0.08838368 -0.92149468  0.05533415  0.10397746  0.64941399
  0.54060765]",[1. 0.]
0,-0.15,-0.08,"[ 0.79949267  0.76218232  0.73384412  0.71307306  0.69891784  0.09150442
  0.0326683   0.02859986  0.02418833  0.0242133   0.02726525  0.0259029
  0.02448538  0.02339353  0.02256886  0.02197122  0.02157364  0.02135911
  0.02131875  0.02145094  0.02176107  0.02226217  0.02297625  0.02393677
  0.02519278  0.02681577  0.02457641  0.02453165  0.0291033   0.03314117
  0.35390454  0.37802992  0.40922098  0.44997075  0.50424251  0.57869988
 -0.05326993  0.09058929 -0.90749221  0.05653117  0.10488577  0.65074009
  0.53961072]",[1. 0.]
0,-0.15,-0.08,"[ 0.81229256  0.771905    0.7410271   0.71808376  0.70200083  0.09366088
  0.03271499  0.02854666  0.02411781  0.02414796  0.0272879   0.02556226
  0.02422534  0.02319881  0.02242898  0.02187911  0.02152471  0.02135077
  0.02135014  0.0215228   0.02187583  0.0224242   0.0231923   0.02421678
  0.02555119  0.02727362  0.02426938  0.02422756  0.02851449  0.03244455
  0.34499972  0.36715068  0.39574618  0.43295252  0.48216578  0.54898891
 -0.05270214  0.09285924 -0.89298744  0.05772395  0.10579088  0.65206226
  0.53861966]",[1. 0.]
0,-0.15,-0.08,"[ 0.82615328  0.78247811  0.74891597  0.7237017   0.70562619  0.09964361
  0.03282479  0.028623    0.02428527  0.02432831  0.0272496   0.02557466
  0.02427785  0.02328464  0.02254387  0.02202061  0.02169178  0.02154354
  0.02156979  0.02177161  0.02215733  0.02274337  0.02355608  0.02463471
  0.02603656  0.02735145  0.02407974  0.02404504  0.02824332  0.03235137
  0.33685106  0.35719606  0.3834423   0.41747937  0.462232    0.52244283
 -0.05210417  0.09494855 -0.8767202   0.05891136  0.10669189  0.65337921
  0.5376354 ]",[1. 0.]
0,-0.15,-0.08,"[ 0.83248764  0.79449279  0.75796108  0.73026241  0.71003199  0.10769775
  0.03263625  0.02856087  0.02429939  0.02434339  0.02716383  0.02549693
  0.0242064   0.02321816  0.02248135  0.02196124  0.02163491  0.02148862
  0.02151636  0.02171928  0.02210573  0.0226922   0.02350504  0.02458356
  0.0259851   0.02733959  0.02407592  0.02404906  0.02843229  0.03256532
  0.32919695  0.34782352  0.3718579   0.40294545  0.44360253  0.49784308
 -0.05148334  0.09686236 -0.85762216  0.06009454  0.10758971  0.65469223
  0.53665695]",[1. 0.]
0,-0.15,-0.08,"[ 0.80201613  0.808303    0.76843286  0.73797351  0.71537699  0.69958849
  0.03296708  0.02876044  0.02420417  0.02423018  0.02701904  0.02532816
  0.02401844  0.02301369  0.02226167  0.02172664  0.02138486  0.02122189
  0.02123103  0.02141265  0.02177423  0.02233112  0.02310818  0.02414266
  0.02548894  0.02722639  0.02416468  0.024141    0.02867897  0.03285905
  0.32183646  0.33880347  0.36072501  0.38902847  0.42587245  0.47464671
 -0.05082625  0.09873882 -0.83659398  0.06127232  0.10848343  0.65599997
  0.53568529]",[1. 0.]
0,-0.15,-0.08,"[ 0.77324942  0.82403621  0.78043086  0.74692002  0.72174032  0.70368382
  0.03300605  0.02893372  0.02429066  0.02431487  0.02722136  0.02545188
  0.02408044  0.02302515  0.02222994  0.02165637  0.02127866  0.02108072
  0.02105439  0.02119859  0.02151923  0.02202982  0.02275287  0.02372247
  0.02498854  0.02662381  0.02436755  0.02434336  0.02903015  0.03328831
  0.31491259  0.33029701  0.35022644  0.37593647  0.40927662  0.45310903
 -0.05014209  0.10051819 -0.81342283  0.06244468  0.10937303  0.65730242
  0.53472041]",[1. 0.]
0,-0.15,-0.08,"[ 0.75247703  0.83776966  0.79088549  0.75472534  0.72732716  0.70734414
  0.03279557  0.02871264  0.02411222  0.02412746  0.02713713  0.02584689
  0.02440128  0.02328636  0.02244167  0.02182569  0.02141041  0.02117795
  0.02111871  0.02123024  0.02151713  0.02199136  0.02267364  0.02359567
  0.02480404  0.0263666   0.02443555  0.02440167  0.029007    0.03328567
  0.30910429  0.32325494  0.34164606  0.36537535  0.39607392  0.43623872
 -0.04931282  0.10243641 -0.79692721  0.06361285  0.11025945  0.65860092
  0.53376128]",[1.  0.5]
0,-0.15,-0.08,"[ 0.73638277  0.82263103  0.80045883  0.76191084  0.73253194  0.71084541
  0.03284233  0.02870853  0.02406782  0.02407722  0.02705289  0.02596356
  0.02449112  0.02335468  0.02249209  0.02186068  0.02143161  0.02118635
  0.02111471  0.02121379  0.02148762  0.02194764  0.02261383  0.02351701
  0.0247025   0.02623631  0.02451169  0.02447306  0.02903106  0.03332002
  0.30416065  0.31730548  0.33445221  0.35659307  0.38519445  0.42248219
 -0.04855457  0.10429753 -0.78365573  0.06477683  0.11114269  0.65989546
  0.53280789]",[1.  0.5]
0,-0.15,-0.08,"[ 0.7219341   0.802666    0.81044429  0.76945292  0.73806489  0.71466583
  0.03300352  0.02884238  0.02579749  0.02411275  0.0271064   0.0256637
  0.0242221   0.02311002  0.02226699  0.02165148  0.02123547  0.02100104
  0.02093847  0.02104522  0.02132564  0.02179145  0.02246297  0.02337134
  0.02456238  0.02610277  0.02455975  0.02452037  0.02907276  0.03329788
  0.29949139  0.31170473  0.32770722  0.34839862  0.37510267  0.40981364
 -0.04785133  0.10619021 -0.77126647  0.06593535  0.1120218   0.66118463
  0.53186125]",[1.  0.5]
0,-0.15,-0.08,"[ 0.70857937  0.78427722  0.82110106  0.77754317  0.74406278  0.71889582
  0.03329036  0.02907194  0.02598808  0.02422811  0.0267412   0.02498861
  0.02363018  0.02258428  0.02179509  0.02122431  0.02084622  0.02064467
  0.02061134  0.02074488  0.02105076  0.02154182  0.02223968  0.02317713
  0.0244022   0.0259849   0.02456826  0.0262566   0.02935001  0.03328534
  0.29499292  0.3063213   0.32124426  0.34057824  0.36551988  0.39785977
 -0.0471859   0.10813102 -0.75934146  0.06708843  0.11289676  0.66246841
  0.53092135]",[1.  0.5]
0,-0.15,-0.08,"[ 0.69678153  0.76805498  0.83175867  0.78562374  0.75005944  0.72314579
  0.03342017  0.02916773  0.02606147  0.02430851  0.02615473  0.02448579
  0.02319261  0.02219893  0.02145253  0.02091762  0.02057034  0.02039593
  0.02038722  0.02054385  0.02087226  0.02138633  0.02210886  0.0230742
  0.02433254  0.02595709  0.02454201  0.02621608  0.02935051  0.03331304
  0.29077051  0.30128787  0.3152279   0.33333447  0.35669479  0.38692615
 -0.04639052  0.11009144 -0.74842061  0.06823733  0.11376857  0.66374821
  0.52998712]",[1.  0.5]
0,-0.15,-0.08,"[ 0.68640123  0.75380098  0.84233688  0.79364332  0.75602626  0.72740538
  0.03354253  0.02925633  0.02612795  0.02440363  0.02569152  0.02409835
  0.02286458  0.02191887  0.02121229  0.02071139  0.02039402  0.02024678
  0.02026363  0.02044526  0.02079915  0.02134035  0.02209311  0.02309365
  0.02439484  0.02607388  0.0244445   0.02614648  0.02925505  0.03339184
  0.28688092  0.29666274  0.30971685  0.32672437  0.34867877  0.37705066
 -0.04554367  0.112005   -0.73817306  0.06938075  0.11463621  0.66502258
  0.52905961]",[1.  0.5]
0,-0.15,-0.08,"[ 0.6774673   0.74153836  0.82634242  0.80125343  0.76167456  0.7314336
  0.03345522  0.02917097  0.02604533  0.02443599  0.02587996  0.02430061
  0.02307806  0.02214237  0.02144553  0.02095479  0.02064853  0.02051388
  0.02054533  0.02074415  0.02111854  0.0216845   0.02246751  0.02350553
  0.02485391  0.02659354  0.0242171   0.02594987  0.02902874  0.03324022
  0.28337694  0.29250621  0.30477886  0.32082266  0.34155221  0.36831595
 -0.04457855  0.11382344 -0.72858797  0.07052002  0.1155007   0.66629296
  0.52813773]",[1.  0.5]
0,-0.15,-0.08,"[ 0.66941217  0.73051298  0.81107434  0.80874616  0.76723886  0.73541621
  0.03348981  0.02920464  0.02613813  0.02445577  0.02588943  0.02430153
  0.02307218  0.02213083  0.02142906  0.02093378  0.02062319  0.02048418
  0.02051108  0.02070497  0.02107385  0.02163346  0.02240894  0.02343781
  0.02477478  0.02649977  0.02422998  0.02600777  0.02909649  0.03332216
  0.28021882  0.28875394  0.30031928  0.3154959   0.33512994  0.36046476
 -0.04356748  0.11550468 -0.71875544  0.07165513  0.11636204  0.66755935
  0.52722147]",[1.  0.5]
0,-0.15,-0.08,"[ 0.66221243  0.72063313  0.79740038  0.81616841  0.7727449   0.73936077
  0.03348875  0.02920979  0.02628295  0.02446339  0.02559335  0.02400838
  0.02278101  0.02184031  0.02113766  0.02063982  0.02032476  0.0201792
  0.02019718  0.02037941  0.02073342  0.02127426  0.02202616  0.02302534
  0.02432463  0.0260012   0.02428643  0.02606782  0.02916877  0.03341242
  0.27719584  0.28517756  0.29608715  0.31046376  0.32909262  0.3531244
 -0.04247882  0.1172116  -0.70985762  0.07278474  0.11721921  0.66882024
  0.5263119 ]",[1.  0.5]
0,-0.15,-0.08,"[ 0.65826084  0.71504801  0.78951498  0.82078575  0.77608707  0.74166846
  0.03359749  0.02930976  0.02642836  0.02449513  0.02560187  0.02400254
  0.02276379  0.02181363  0.02110271  0.02059727  0.0202749   0.02012198
  0.02013223  0.02030606  0.02065064  0.02118059  0.02191958  0.02290308
  0.02418284  0.02583439  0.0243761   0.02621032  0.02931393  0.03358502
  0.27480909  0.28242454  0.29289957  0.30674642  0.32471158  0.34788721
 -0.04137885  0.11877364 -0.7053068   0.07391022  0.11807323  0.67007713
  0.52540789]",[1.  0.5]
0,-0.15,-0.08,"[ 0.65371811  0.70869185  0.78062262  0.82633991  0.78014189  0.74451294
  0.03359999  0.02937557  0.02648553  0.02450666  0.02560526  0.02399094
  0.02274034  0.02178034  0.02106081  0.02054744  0.02021741  0.02005675
  0.02005885  0.0202238   0.02055838  0.02107677  0.02180205  0.02276889
  0.02402789  0.0256529   0.02444407  0.02636305  0.02937806  0.03366497
  0.27231327  0.27952616  0.28952608  0.30279642  0.32004224  0.34229359
 -0.04019987  0.12038823 -0.69974855  0.07503156  0.11892412  0.67133003
  0.52450945]",[1.  0.5]
0,-0.15,-0.08,"[ 0.65051524  0.70408934  0.77407146  0.83070083  0.78326378  0.74663858
  0.03359271  0.02943712  0.02651901  0.02451469  0.02560456  0.02397997
  0.02272126  0.02175451  0.02102908  0.02051028  0.02017498  0.02000898
  0.02000545  0.02016424  0.02049188  0.02100223  0.02171798  0.02267323
  0.02391781  0.02552441  0.02449987  0.02652066  0.02940443  0.0336995
  0.27002093  0.27690517  0.28651684  0.29931634  0.31597592  0.33747661
 -0.03896283  0.12199413 -0.69640195  0.07614736  0.11977081  0.67257734
  0.52361766]",[1.  0.5]
0,-0.15,-0.08,"[ 0.64998558  0.70297977  0.77215118  0.83198455  0.78398985  0.74691623
  0.03360265  0.02947412  0.02654079  0.0245215   0.02574165  0.02410068
  0.02282917  0.02185224  0.02111853  0.02059292  0.02025193  0.02008109
  0.02007338  0.02022848  0.02055277  0.02105994  0.02177252  0.02272437
  0.02396503  0.02556672  0.02454694  0.02658283  0.02947649  0.03372571
  0.26815023  0.27485923  0.28425998  0.29680084  0.31313688  0.33422366
 -0.03766457  0.12352806 -0.69764293  0.07725905  0.12061437  0.67382065
  0.52273138]",[1.  0.5]
0,-0.15,-0.08,"[ 0.64904546  0.70131556  0.76948013  0.8338097   0.78511311  0.74747683
  0.03347861  0.02945411  0.02647237  0.02450311  0.02567788  0.02403604
  0.02276382  0.02178609  0.0210514   0.02052451  0.02018188  0.02000895
  0.01999861  0.02015044  0.02047066  0.02097282  0.02167917  0.02262326
  0.02385412  0.02544326  0.02455399  0.02653304  0.02947842  0.03360119
  0.26613606  0.27264059  0.28179675  0.29403895  0.31000247  0.33061354
 -0.03625534  0.12515086 -0.69867378  0.07836662  0.12145481  0.67505996
  0.5218506 ]",[1.  0.5]
0,-0.15,-0.08,"[ 0.65080899  0.70318544  0.77148534  0.83222128  0.78358442  0.74599322
  0.03348861  0.02958211  0.02643329  0.02454963  0.02580677  0.02415928
  0.02288271  0.02190176  0.02116486  0.02063667  0.02029363  0.02012115
  0.02011215  0.02026626  0.0205898   0.02109646  0.0218087   0.02276036
  0.02400093  0.02560255  0.02455488  0.02648612  0.02949298  0.03350836
  0.26456407  0.27102174  0.28011427  0.29227299  0.30812856  0.32860058
 -0.03481668  0.12666712 -0.70438792  0.07946863  0.12229103  0.67629362
  0.52097645]",[1.  0.5]
0,-0.15,-0.08,"[ 0.65431048  0.70733149  0.77650643  0.82836408  0.78028373  0.74313365
  0.03372438  0.02943632  0.0263036   0.0244581   0.026117    0.02444464
  0.02314873  0.02215269  0.02140405  0.02086687  0.02051714  0.02034001
  0.02032818  0.02048117  0.02080527  0.02131415  0.02203037  0.02298793
  0.02423651  0.02584859  0.02456667  0.0264312   0.02949735  0.03344901
  0.26329071  0.26980218  0.27894676  0.29115946  0.30707611  0.32762397
 -0.03331345  0.12809714 -0.7130214   0.08056654  0.12312414  0.67752327
  0.52010775]",[1.  0.5]
0,-0.15,-0.08,"[ 0.65763129  0.71124525  0.78122528  0.8245777   0.77700709  0.74026093
  0.03322607  0.02901199  0.02593183  0.02423185  0.02670033  0.02495534
  0.02360283  0.02256171  0.02177647  0.02120907  0.02083398  0.02063518
  0.02060446  0.02074057  0.0210491   0.02154302  0.02224407  0.02318524
  0.02441482  0.02600322  0.02456859  0.02625598  0.02936528  0.03328927
  0.26200023  0.26855453  0.27773874  0.28999088  0.30595091  0.32655235
 -0.03166029  0.12952257 -0.72137299  0.08165887  0.12395301  0.67874723
  0.51924565]",[1.  0.5]
0,-0.15,-0.08,"[ 0.6618344   0.716303    0.78744976  0.81999432  0.77313593  0.73695626
  0.03311554  0.0289127   0.02585183  0.02423149  0.02679266  0.02504791
  0.02369562  0.02265493  0.02187048  0.02130433  0.02093103  0.02073465
  0.02070709  0.02084723  0.02116082  0.02166105  0.02236997  0.02332099
  0.02456301  0.0261673   0.02455178  0.02451401  0.02931097  0.03322731
  0.26080325  0.26744394  0.27671782  0.28906899  0.30514589  0.3258948
 -0.03011791  0.13095219 -0.73140285  0.08274711  0.12477878  0.67996716
  0.51838896]",[1.  0.5]
0,-0.15,-0.08,"[ 0.66688779  0.72246708  0.79513678  0.81462662  0.7686644   0.73319968
  0.03313954  0.02892352  0.02428021  0.02430203  0.02660153  0.02489958
  0.02358075  0.02256716  0.02180544  0.02125904  0.02090355  0.02072386
  0.02071257  0.02086924  0.02120028  0.0217197   0.02245049  0.02342738
  0.02470106  0.02634552  0.02451415  0.02447808  0.02923131  0.03317692
  0.25970522  0.26647293  0.27588348  0.28838999  0.30465362  0.32563979
 -0.02860845  0.13237821 -0.74295263  0.08383126  0.12560146  0.68118308
  0.51753766]",[1.  0.5]
0,-0.15,-0.08,"[ 0.67060543  0.72689203  0.80052902  0.81078949  0.76537267  0.73034243
  0.03311426  0.02889232  0.02433147  0.02435974  0.02645092  0.02478698
  0.02349799  0.0225087   0.02176753  0.02123916  0.02090013  0.02073608
  0.02074027  0.02091288  0.021261    0.0217994   0.02255207  0.023555
  0.02486077  0.02654608  0.02446509  0.0244303   0.02911541  0.03309313
  0.25842304  0.26524455  0.27470771  0.28726957  0.30359687  0.3246635
 -0.02706811  0.13382928 -0.7522072   0.08490981  0.12641987  0.68239324
  0.51669293]",[1.  0.5]
0,-0.15,-0.08,"[ 0.67291125  0.72947781  0.80349042  0.8084585   0.76324287  0.72837082
  0.03305311  0.02883066  0.02433559  0.0243688   0.02645961  0.024821
  0.02355207  0.02257954  0.0218531   0.02133841  0.02101268  0.0208622
  0.02088078  0.02106918  0.02143517  0.02199431  0.02277166  0.02380466
  0.02514792  0.02688122  0.02419624  0.02417985  0.0288687   0.03306823
  0.25695309  0.26375454  0.27318517  0.2857008   0.30196624  0.32295273
 -0.02550485  0.135302   -0.7590937   0.08598429  0.1272352   0.68359938
  0.51585354]",[1.  0.5]
0,-0.15,-0.08,"[ 0.67459405  0.73129242  0.80547642  0.80659522  0.76147596  0.72667789
  0.03303642  0.02886102  0.0243464   0.02437875  0.02640834  0.02475867
  0.02348092  0.02250085  0.02176756  0.02124622  0.02091371  0.02075599
  0.02076658  0.02094592  0.02130137  0.02184805  0.02261036  0.02362488
  0.024945    0.02664864  0.02421611  0.02584855  0.0289275   0.03314205
  0.25557326  0.2623361   0.27171373  0.28415935  0.30033401  0.3212034
 -0.02394469  0.13663784 -0.76402077  0.0870547   0.12804744  0.68480148
  0.51501949]",[1.  0.5]
0,-0.15,-0.08,"[ 0.67506183  0.73153231  0.80538952  0.80597018  0.76066836  0.72572028
  0.03304086  0.02893521  0.02433939  0.02436844  0.02640812  0.02473077
  0.02343115  0.02243291  0.0216837   0.02114768  0.02080096  0.02062883
  0.02062423  0.02078695  0.02112369  0.02164869  0.02238528  0.02336854
  0.02464972  0.0263036   0.02431167  0.02593329  0.02903029  0.03327151
  0.2540723   0.26073826  0.26999585  0.28229153  0.29827668  0.3189026
 -0.02238572  0.13796202 -0.76675468  0.08811947  0.12885541  0.68599777
  0.51419196]",[1.  0.5]
0,-0.15,-0.08,"[ 0.67829766  0.73537736  0.8100679   0.8024138   0.75758469  0.72301282
  0.03338751  0.02914508  0.0260453   0.02437387  0.02661839  0.02490765
  0.02358193  0.02256268  0.02179611  0.02124534  0.02088575  0.02070202
  0.02068661  0.02083888  0.02116507  0.02167897  0.02240331  0.0233724
  0.02463646  0.02626866  0.02438075  0.02600286  0.02909265  0.03335089
  0.25292152  0.25962902  0.26892621  0.28126264  0.29729402  0.3179783
 -0.02079955  0.13924948 -0.77433965  0.08918019  0.1296603   0.68719002
  0.51336972]",[1.  0.5]
0,-0.15,-0.08,"[ 0.68287918  0.74098902  0.81709915  0.7974151   0.75337153  0.71942783
  0.03304195  0.02885488  0.02579395  0.02416809  0.02727424  0.02559008
  0.02419244  0.02311604  0.02230327  0.02171461  0.02132349  0.0211132
  0.02107504  0.02120746  0.02151588  0.02201326  0.02272145  0.02367367
  0.02491859  0.02652714  0.02444689  0.02441754  0.02905044  0.03331785
  0.25198893  0.25880616  0.26822212  0.28069442  0.29689016  0.31778458
 -0.01915104  0.14047609 -0.78398398  0.09023687  0.13046211  0.68837823
  0.51255275]",[1.  0.5]
0,-0.15,-0.08,"[ 0.68711447  0.7461302   0.82348931  0.79295662  0.74957629  0.71616323
  0.03291354  0.02874949  0.02570445  0.02411729  0.02718837  0.02576424
  0.02433645  0.02323586  0.02240307  0.02179735  0.02139121  0.02116724
  0.02111616  0.0212359   0.02153135  0.02201489  0.02270767  0.02364201
  0.02486533  0.02644671  0.02449241  0.0244576   0.02900626  0.03327497
  0.25092037  0.25782059  0.26732425  0.27989516  0.29620929  0.31725538
 -0.01749784  0.14178403 -0.79357121  0.09128788  0.13125964  0.68956057
  0.51174227]",[1.  0.5]
0,-0.15,-0.08,"[ 0.69201831  0.75213439  0.83101614  0.78813349  0.7455215   0.71272506
  0.0330062   0.02882385  0.02579416  0.02419265  0.02725611  0.02548899
  0.02409277  0.02301727  0.02220483  0.02161589  0.02122385  0.02101194
  0.0209714   0.02110058  0.02140477  0.02189673  0.02259807  0.02354163
  0.0247756   0.02637014  0.02449943  0.02446601  0.02903828  0.03327873
  0.24988536  0.25689399  0.26651486  0.27921997  0.29569701  0.31695261
 -0.01595007  0.14312416 -0.80444464  0.09233322  0.13205285  0.69073703
  0.51093827]",[1.  0.5]
0,-0.15,-0.08,"[ 0.69863942  0.76038962  0.83538043  0.78180872  0.74029512  0.70838382
  0.03292419  0.02905443  0.02434099  0.0243666   0.0272076   0.02542383
  0.02404122  0.02297668  0.02217338  0.02159233  0.02120734  0.02100197
  0.02096774  0.02110326  0.02141407  0.02191325  0.02262275  0.0235759
  0.02482154  0.02643083  0.0245051   0.02447186  0.02908429  0.03322942
  0.24908223  0.25627717  0.2661064   0.27905608  0.29583431  0.31747887
 -0.01434751  0.14442674 -0.81794369  0.09337449  0.13284299  0.6919094
  0.51013949]",[1.  0.5]
0,-0.15,-0.08,"[ 0.70543997  0.76888292  0.82761692  0.77543043  0.73500172  0.70396684
  0.03303782  0.02885936  0.02418498  0.02419987  0.027242    0.02560116
  0.02419485  0.02311139  0.0222926   0.02169857  0.02130244  0.02108725
  0.02104411  0.02117125  0.02147388  0.0219647   0.02266524  0.02360828
  0.0248419   0.02643613  0.02450146  0.02446197  0.02900883  0.03306941
  0.24828092  0.25566291  0.26570215  0.27889937  0.29598373  0.31802537
 -0.0126106   0.14574258 -0.83181658  0.09441175  0.13363007  0.69307772
  0.50934588]",[1.  0.5]
0,-0.15,-0.08,"[ 0.71290585  0.77824536  0.81970792  0.76896765  0.72967535  0.10203594
  0.03311816  0.02891736  0.02584696  0.02422797  0.02705178  0.02529169
  0.02392753  0.02287776  0.02208659  0.02151575  0.02113959  0.02094208
  0.02091506  0.02105743  0.02137503  0.02188123  0.02259836  0.0235602
  0.02481624  0.0264386   0.02447118  0.02443282  0.0290425   0.03299035
  0.24751503  0.25510426  0.26537785  0.27885302  0.29628297  0.31877485
 -0.01101322  0.14708847 -0.84666431  0.0954449   0.13441404  0.69424189
  0.5085575 ]",[1.  0.5]
0,-0.15,-0.08,"[ 0.71914113  0.78599484  0.81347446  0.76381815  0.72537967  0.09621189
  0.03330348  0.02905904  0.02595956  0.02431592  0.02642824  0.02475982
  0.02346728  0.02247497  0.02173104  0.0212      0.02085823  0.02069125
  0.02069221  0.02086113  0.02120497  0.02173829  0.02248484  0.02348026
  0.02477663  0.02644991  0.02442002  0.02438675  0.02907943  0.03297477
  0.24655121  0.25428378  0.26471745  0.27838124  0.29604567  0.31884483
 -0.00948385  0.14848175 -0.8596987   0.09647404  0.13519497  0.69540201
  0.50777425]",[1.  0.5]
0,-0.15,-0.08,"[ 0.72270779  0.79024684  0.8099894   0.76080127  0.72273107  0.09314885
  0.03342718  0.02914892  0.02439686  0.0244222   0.0261327   0.02452795
  0.02328551  0.02233403  0.02162453  0.02112356  0.02080902  0.02066767
  0.02069372  0.02088823  0.02125921  0.0218225   0.02260339  0.02363963
  0.0249863   0.02672382  0.02421659  0.02589168  0.02896692  0.03317423
  0.24524411  0.2529995   0.26345183  0.2771325   0.29481552  0.31764071
 -0.00796059  0.14990999 -0.86885639  0.09749917  0.13597285  0.69655806
  0.50699613]",[1.  0.5]
0,-0.15,-0.08,"[ 0.72525561  0.79320349  0.80734131  0.75843566  0.720587    0.08902766
  0.03361282  0.02930902  0.02616901  0.02445208  0.02580369  0.02422442
  0.02300183  0.02206585  0.02136838  0.02087658  0.0205688   0.02043208
  0.02046081  0.02065617  0.02102622  0.02158674  0.02236295  0.02339243
  0.02472999  0.02645571  0.02422564  0.02602145  0.02911076  0.03333699
  0.24397587  0.25172161  0.26215522  0.27580783  0.29345309  0.31623056
 -0.00644806  0.15120923 -0.87557341  0.09852014  0.13674758  0.69770989
  0.50622322]",[1.  0.5]
0,-0.15,-0.08,"[ 0.72569274  0.7933957   0.8067137   0.75764234  0.7196606   0.08810956
  0.03379023  0.02946601  0.02631655  0.02451424  0.02559067  0.02402009
  0.02280414  0.02187298  0.02117872  0.02068861  0.02038107  0.02024313
  0.02026914  0.02046017  0.02082409  0.02137642  0.02214197  0.02315778
  0.02447783  0.026181    0.0243029   0.02618154  0.02929152  0.03354644
  0.24246826  0.25011547  0.26042583  0.27392307  0.29137     0.31388979
 -0.00496213  0.15251471 -0.879176    0.09953712  0.13751927  0.69885765
  0.5054554 ]",[1.  0.5]
0,-0.15,-0.08,"[ 0.72286012  0.78935739  0.80895708  0.75906366  0.72043069  0.08777616
  0.03393379  0.02962556  0.0264772   0.02454764  0.02584798  0.02418079
  0.02288876  0.02189514  0.02114738  0.02060947  0.02025729  0.02007587
  0.02005774  0.02020214  0.02051501  0.02100955  0.0217076   0.02264221
  0.02386168  0.02543644  0.02456395  0.02649653  0.02966936  0.03401657
  0.24079316  0.24822017  0.25826549  0.27143578  0.28846888  0.31044973
 -0.00341905  0.1536666  -0.87678641  0.10054989  0.13828778  0.70000111
  0.5046928 ]",[1. 0.]
0,-0.15,-0.08,"[ 0.71725922  0.78167939  0.81450985  0.76308327  0.72324227  0.08810272
  0.03375038  0.02957629  0.0266696   0.02449214  0.02603378  0.0243215
  0.02299428  0.02197216  0.02120048  0.02064171  0.02027066  0.02007147
  0.0200359   0.0201625   0.02045647  0.02093014  0.02160434  0.02251069
  0.02369556  0.02522649  0.02480299  0.02682513  0.03004997  0.03447159
  0.23869915  0.24578072  0.25541464  0.26808111  0.28447942  0.30563571
 -0.00203122  0.15493468 -0.87060906  0.10155867  0.13905326  0.70114051
  0.50393524]",[1. 0.]
0,-0.15,-0.08,"[ 7.08798960e-01  7.70150954e-01  8.24435832e-01  7.70488423e-01
  7.28674092e-01  9.15461576e-02  3.35891328e-02  2.93976342e-02
  2.64917891e-02  2.45227208e-02  2.59405134e-02  2.42999698e-02
  2.30289750e-02  2.20530616e-02  2.13211859e-02  2.07984051e-02
  2.04614481e-02  2.02960416e-02  2.02953841e-02  2.04594487e-02
  2.07949810e-02  2.13161891e-02  2.20462631e-02  2.30200372e-02
  2.42884015e-02  2.59255947e-02  2.45716460e-02  2.64545351e-02
  2.96116849e-02  3.39347670e-02  2.35734014e-01  2.42304664e-01
  2.51333717e-01  2.63263404e-01  2.78738088e-01  2.98700751e-01
 -6.25610233e-04  1.56718840e-01 -8.63195729e-01  1.02563473e-01
  1.39815711e-01  7.02275845e-01  5.03182706e-01]",[1. 0.]
0,-0.15,-0.08,"[ 6.99070989e-01  7.56976126e-01  8.32649811e-01  7.80125930e-01
  7.35835419e-01  9.35266825e-02  3.35461749e-02  2.92401652e-02
  2.44782874e-02  2.45047163e-02  2.62820569e-02  2.46984263e-02
  2.34730445e-02  2.25363796e-02  2.18407000e-02  2.13534617e-02
  2.10532980e-02  2.09276173e-02  2.09712746e-02  2.11860486e-02
  2.15808213e-02  2.21724950e-02  2.29878285e-02  2.40665819e-02
  2.54667049e-02  2.72174399e-02  2.43119526e-02  2.42910641e-02
  2.89871443e-02  3.29156468e-02  2.32551060e-01  2.38543390e-01
  2.46893122e-01  2.58001209e-01  2.72452900e-01  2.91102514e-01
  8.23847197e-04  1.58632528e-01 -8.53811074e-01  1.03564293e-01
  1.40575148e-01  7.03407107e-01  5.02435182e-01]",[1. 0.]
0,-0.15,-0.08,"[ 0.68872791  0.74307571  0.81384954  0.79161766  0.74444093  0.09730707
  0.0331388   0.02905772  0.02458274  0.0246361   0.0267563   0.02518712
  0.02397414  0.02304967  0.02236726  0.0218953   0.02161328  0.02150941
  0.02157944  0.02182624  0.02226005  0.02289956  0.02377399  0.0249265
  0.02642001  0.0270611   0.02407449  0.02405223  0.02834186  0.03238473
  0.22951838  0.2349096   0.24256012  0.2528299   0.26624619  0.28357727
  0.00228379  0.16043147 -0.84139168  0.10456084  0.14133134  0.70453396
  0.50169287]",[1. 0.]
0,-0.15,-0.08,"[ 0.67858981  0.72951704  0.79563428  0.80438118  0.75404078  0.71504824
  0.03295694  0.02871577  0.02440373  0.02444905  0.02710288  0.02552053
  0.0242976   0.02336603  0.02267912  0.02220512  0.02192343  0.02182229
  0.02189758  0.02215237  0.02259724  0.02325138  0.02414472  0.02532147
  0.02684602  0.02703853  0.02396226  0.02394297  0.02825682  0.0323403
  0.22676451  0.23156726  0.23853999  0.24800445  0.26043446  0.27652007
  0.00372653  0.16207739 -0.8269285   0.10555341  0.14208452  0.70565673
  0.50095553]",[1. 0.]
0,-0.15,-0.08,"[ 0.66867939  0.71628797  0.77793912  0.81872415  0.76485911  0.72310689
  0.03308978  0.02882577  0.02442582  0.02446913  0.02710453  0.02551202
  0.02428091  0.02334243  0.02264938  0.02216964  0.02188233  0.02177545
  0.02184464  0.02209272  0.02252997  0.02317524  0.02405798  0.02522174
  0.02672996  0.02707769  0.02393374  0.02391566  0.02829233  0.03238087
  0.2241647   0.22838085  0.23468439  0.2433608   0.25483391  0.26972143
  0.00518696  0.16368614 -0.81126941  0.10654202  0.14283469  0.70677543
  0.50022314]",[1. 0.]
0,-0.15,-0.08,"[ 0.65811464  0.70225893  0.75930416  0.83374277  0.77812634  0.73307203
  0.03261567  0.02873589  0.02436522  0.02441486  0.02717571  0.02551848
  0.02423567  0.02325392  0.0225229   0.02200824  0.02168728  0.02154654
  0.02158024  0.02178976  0.02218375  0.02277903  0.02360242  0.02469384
  0.02611151  0.02730182  0.02402323  0.02399989  0.02840563  0.03253007
  0.22174053  0.22533095  0.23092947  0.2387848   0.24927104  0.26293481
  0.0066874   0.16518998 -0.79187356  0.1075263   0.14358157  0.70788964
  0.49949595]",[1. 0.]
0,-0.15,-0.08,"[ 0.64832079  0.68924382  0.74205832  0.81070753  0.79259768  0.7439833
  0.03272589  0.02856093  0.0241365   0.0241678   0.02682665  0.0251152
  0.02378908  0.02277011  0.02200474  0.02145628  0.02110026  0.02092156
  0.02091282  0.02107369  0.02141078  0.02193833  0.02267975  0.02367029
  0.02496146  0.02662837  0.02419332  0.02416454  0.02867726  0.03286988
  0.21955729  0.22254346  0.22746866  0.23454799  0.24411069  0.25664044
  0.00818347  0.16663741 -0.77194706  0.10850662  0.14432545  0.70899976
  0.49877368]",[1. 0.]
0,-0.15,-0.08,"[ 0.63970183  0.6778027   0.72695331  0.79065309  0.80745408  0.7552386
  0.03304476  0.02885655  0.02579489  0.02416833  0.02730639  0.02561329
  0.02422177  0.02315044  0.02234214  0.02175765  0.02137063  0.02116457
  0.02113095  0.02126841  0.02158258  0.02208667  0.02280285  0.02376478
  0.02502178  0.0266457   0.0244386   0.02441153  0.02908809  0.03336162
  0.21783267  0.22027188  0.22459513  0.2309885   0.23974335  0.25129095
  0.00946511  0.16783667 -0.75102207  0.10948256  0.14506601  0.71010533
  0.4980566 ]",[1. 0.]
0,-0.15,-0.08,"[ 0.63098223  0.66623321  0.71172546  0.77054432  0.82491353  0.76849776
  0.03287837  0.02899591  0.02597555  0.02426564  0.02700134  0.02606071
  0.02457387  0.02342595  0.02255398  0.02191471  0.02147885  0.02122756
  0.02115041  0.02124424  0.02151289  0.02196756  0.02262798  0.02352462
  0.02470235  0.0262265   0.0247791   0.02474455  0.02957983  0.03396819
  0.21631555  0.21818273  0.22188445  0.2275779   0.23551741  0.24608387
  0.01076453  0.1689594  -0.72745827  0.11045412  0.14580324  0.71120631
  0.49734473]",[1. 0.]
0,-0.15,-0.08,"[ 0.62283049  0.65519282  0.69702217  0.75101587  0.82124442  0.7845028
  0.03301818  0.02883331  0.02419473  0.02420693  0.02726182  0.02621875
  0.02478396  0.02367882  0.02284411  0.0222392   0.02183678  0.02161964
  0.02157881  0.02171262  0.02202655  0.02253378  0.02325659  0.02422884
  0.0255002   0.02714302  0.0246415   0.02460458  0.02929312  0.0334442
  0.21433095  0.21558102  0.21861626  0.2235639   0.23064065  0.24017704
  0.01212864  0.17070984 -0.70728147  0.11142173  0.14653748  0.71230321
  0.49663771]",[1. 0.]
0,-0.15,-0.08,"[ 0.61530521  0.64487683  0.68321292  0.73266688  0.79675448  0.80273374
  0.03315717  0.02892444  0.02431371  0.02433711  0.02756962  0.02584769
  0.02451398  0.02349101  0.02272564  0.02218153  0.02183455  0.02167004
  0.02168126  0.02186865  0.02223994  0.02281088  0.02360698  0.02466645
  0.02604503  0.02744611  0.0243402   0.02430862  0.02877758  0.03270623
  0.21243303  0.21305895  0.21542819  0.21963902  0.22587258  0.23441279
  0.01354918  0.17258136 -0.68728812  0.11238541  0.14726873  0.71339602
  0.49593551]",[1. 0.]
0,-0.15,-0.08,"[ 0.6071823   0.63374524  0.66836613  0.71306113  0.77081309  0.82612499
  0.03257622  0.02869484  0.02433208  0.02437845  0.02761681  0.02590488
  0.02457915  0.02356299  0.02280382  0.02226572  0.02192489  0.02176695
  0.02178541  0.02198104  0.02236189  0.02294415  0.02375392  0.02483017
  0.02622978  0.02740187  0.0241653   0.02413082  0.02832668  0.03244151
  0.21097585  0.21090062  0.21253604  0.21594931  0.22128474  0.22877915
  0.01506545  0.17427444 -0.66112325  0.11334463  0.1479966   0.71448417
  0.49523851]",[1. 0.]
0,-0.15,-0.08,"[ 0.60009712  0.62387617  0.65510968  0.69553046  0.74768299  0.81538773
  0.03253193  0.02837685  0.02414655  0.02418888  0.02724112  0.025552
  0.02424392  0.02324126  0.02249215  0.02196111  0.02162466  0.02146862
  0.02148656  0.02167923  0.02205457  0.02262853  0.02342682  0.02448786
  0.02586774  0.027405    0.02408042  0.02404305  0.02823311  0.03234412
  0.209857    0.20909517  0.21002371  0.21268055  0.21717646  0.2237066
  0.01658959  0.17590533 -0.63470434  0.11429994  0.1487215   0.71556823
  0.49454629]",[1. 0.]
0,-0.15,-0.08,"[ 0.59482048  0.61638245  0.64495455  0.68206279  0.72993768  0.79189793
  0.03289731  0.02869229  0.02425212  0.02428647  0.02730388  0.02561237
  0.02430247  0.0232985   0.02254853  0.02201708  0.02168064  0.02152503
  0.02154386  0.0217379   0.02211514  0.02269163  0.02349319  0.02455844
  0.02594367  0.02739808  0.02409206  0.02406433  0.02845983  0.0326022
  0.20917178  0.20783314  0.20817698  0.21021731  0.21403839  0.21980346
  0.01794271  0.17723805 -0.61069363  0.11525132  0.14944342  0.7166482
  0.49385885]",[1. 0.]
0,-0.15,-0.08,"[ 0.58955812  0.6088189   0.63466319  0.66841922  0.71202258  0.76832958
  0.03259032  0.02867466  0.02425973  0.02429551  0.02744778  0.0257216
  0.02435678  0.02330771  0.0225191   0.02195308  0.02158434  0.02139721
  0.02138399  0.02154414  0.02188423  0.02241863  0.02317101  0.02417707
  0.02548899  0.02718288  0.02423816  0.02421229  0.02877132  0.03298076
  0.20890798  0.20693837  0.20665386  0.20804288  0.21116235  0.21614355
  0.01934253  0.17843465 -0.58276531  0.11619819  0.15016192  0.71772342
  0.49317658]",[1. 0.]
0,-0.15,-0.08,"[ 0.58525417  0.60238973  0.6257491   0.65649214  0.69630799  0.74767379
  0.03302375  0.02883441  0.02577246  0.02418293  0.02721573  0.02543822
  0.0240605   0.02300002  0.02220027  0.02162251  0.02124074  0.02103867
  0.02100796  0.02114736  0.02146258  0.02196687  0.02268246  0.023643
  0.02489783  0.02651879  0.02442188  0.02439635  0.02911223  0.03338653
  0.20880229  0.20621564  0.20532523  0.20609469  0.20855542  0.21280975
  0.02072587  0.17967394 -0.5561647   0.11714116  0.15087746  0.71879455
  0.49249904]",[1. 0.]
0,-0.15,-0.08,"[ 0.58146089  0.59661094  0.6176778   0.64567579  0.68208496  0.72906648
  0.03316902  0.02912446  0.02605393  0.02427542  0.02708219  0.02602442
  0.02455882  0.02342807  0.02257059  0.0219441   0.02152004  0.02128014
  0.02121446  0.02132031  0.02160202  0.02207137  0.02274878  0.02366568
  0.02486822  0.02642365  0.02474033  0.02638779  0.02957627  0.03395213
  0.20919086  0.20599276  0.2045128   0.20469024  0.20653231  0.21011492
  0.0219797   0.18061203 -0.5272557   0.11807958  0.15158954  0.71986088
  0.49182667]",[1. 0.]
0,-0.15,-0.08,"[ 0.57909523  0.59240101  0.61137078  0.63689316  0.67027103  0.71340245
  0.0331308   0.02891013  0.02437424  0.02439598  0.02752414  0.02608537
  0.02471956  0.02367077  0.0228841   0.02232198  0.02195938  0.02178094
  0.02177931  0.02195443  0.02231351  0.02287173  0.02365394  0.02469744
  0.02605673  0.02753065  0.02450752  0.0244814   0.02917995  0.03320032
  0.20906503  0.20527281  0.2032228   0.20283025  0.20407917  0.2070207
  0.02340739  0.18222291 -0.50612471  0.11901343  0.15229816  0.72092236
  0.49115946]",[1. 0.]
0,-0.15,-0.08,"[ 0.57705365  0.58847776  0.60533559  0.62839642  0.65879822  0.69819853
  0.03338381  0.02910076  0.02443861  0.02446248  0.02772273  0.0260512
  0.02475778  0.02376904  0.02303458  0.02252003  0.02220282  0.02206966
  0.02211507  0.02234092  0.02275654  0.02337973  0.02423866  0.02537521
  0.02685041  0.0272252   0.02424953  0.02423053  0.028665    0.03271885
  0.20934442  0.2049123   0.20225866  0.20127268  0.20191408  0.20420901
  0.02489668  0.18373404 -0.48266348  0.11994339  0.15300383  0.72197975
  0.49049691]",[1. 0.]
0,-0.15,-0.08,"[ 0.57520204  0.58462904  0.59927559  0.61979332  0.64716109  0.68280898
  0.03306673  0.02900512  0.0245401   0.02458389  0.02785389  0.0262439
  0.02494697  0.02395598  0.02322053  0.02270627  0.02239066  0.02226048
  0.02231039  0.02254244  0.02296621  0.02359988  0.02447213  0.02562558
  0.02712231  0.02720346  0.02412054  0.02410176  0.02847937  0.03261006
  0.21028583  0.2051284   0.20180381  0.20017122  0.2001635   0.20178033
  0.02646893  0.18503176 -0.45452477  0.12086875  0.153706    0.72303225
  0.48983952]",[1. 0.]
0,-0.15,-0.08,"[ 0.5741041   0.58158908  0.59411851  0.61223758  0.63678488  0.66899415
  0.03293593  0.02871113  0.02439537  0.02443599  0.02753941  0.02589456
  0.02462218  0.02365049  0.02293019  0.02242771  0.02212107  0.02199742
  0.0220517   0.02228614  0.02271042  0.02334276  0.02421185  0.02536024
  0.02684994  0.02717376  0.02404637  0.02402848  0.02845292  0.03257478
  0.21152225  0.20561363  0.20160523  0.19932429  0.19867611  0.19963426
  0.02805774  0.1863287  -0.42655839  0.12179022  0.15440523  0.72408065
  0.48918675]",[1. 0.]
0,-0.15,-0.08,"[ 0.57360048  0.57916335  0.58962902  0.60544427  0.62732134  0.6563211
  0.03299482  0.02876912  0.02427395  0.02430641  0.02709234  0.0254384
  0.02415811  0.02317818  0.02244835  0.02193429  0.02161336  0.02147208
  0.02150466  0.02171241  0.02210392  0.0226959   0.023515    0.02460092
  0.02601156  0.02730782  0.02407289  0.02404906  0.02847993  0.0326166
  0.21324342  0.20653831  0.20181738  0.19887287  0.19758098  0.19788877
  0.02969219  0.18749125 -0.40507343  0.12353627  0.15398246  0.72569529
  0.48740001]",[1. 0.]
0,-0.15,-0.08,"[ 0.57377951  0.57766657  0.58635988  0.60022534  0.61987417  0.64623214
  0.03288342  0.02869216  0.02415698  0.02418394  0.0268617   0.02516718
  0.02385443  0.02284667  0.02209126  0.02155218  0.02120544  0.02103638
  0.02103804  0.02121049  0.02156082  0.02210387  0.02286383  0.02387699
  0.02519638  0.02689935  0.02421803  0.0241836   0.02855381  0.03272105
  0.21504769  0.20760407  0.20223229  0.19869088  0.19682885  0.19656936
  0.03126433  0.18851734 -0.38568594  0.12522322  0.15362376  0.72726658
  0.48568956]",[1.  0.5]
0,-0.15,-0.08,"[ 0.57445858  0.57680591  0.58389295  0.59601476  0.61369643  0.63775106
  0.03288028  0.02869235  0.02415985  0.0241864   0.02703601  0.02532195
  0.02399393  0.02297403  0.02220882  0.02166172  0.02130837  0.02113379
  0.02113079  0.02129926  0.02164612  0.02218605  0.02294306  0.02395322
  0.02526926  0.02696806  0.02435323  0.02431208  0.02881112  0.0326726
  0.2169771   0.2088159   0.20282018  0.19871443  0.19632091  0.19554
  0.03279088  0.18945699 -0.36717205  0.12685021  0.15332829  0.72879331
  0.48405598]",[1.  0.5]
0,-0.15,-0.08,"[ 0.57572805  0.57644733  0.58185906  0.59218649  0.6078698   0.62961359
  0.03284241  0.02865012  0.02420301  0.02423676  0.02682976  0.02515667
  0.02386084  0.02286706  0.02212375  0.02159565  0.02125935  0.02110065
  0.02111303  0.02129699  0.02166012  0.02221783  0.02299506  0.02402912
  0.02537448  0.02711065  0.02431367  0.02427261  0.02871458  0.03259432
  0.21930176  0.210339    0.20365541  0.19893588  0.19597224  0.19463974
  0.03440047  0.19045019 -0.34718526  0.12841755  0.1530934   0.73027501
  0.48249821]",[1.  0.5]
0,-0.15,-0.08,"[ 0.57738255  0.57653999  0.58036583  0.5890169   0.60285707  0.62249586
  0.03270245  0.02852679  0.02418897  0.02422724  0.02698185  0.02530428
  0.02400506  0.02300894  0.02226432  0.0217359   0.02140029  0.02124332
  0.02125856  0.02144662  0.02181524  0.0223801   0.02316647  0.02421216
  0.02557233  0.02732755  0.0241831   0.02415201  0.02858589  0.03274613
  0.22192353  0.21214333  0.20476786  0.19943981  0.19591943  0.1940565
  0.03604777  0.19130217 -0.32705697  0.12994734  0.1528973   0.73172855
  0.48098847]",[1.  0.5]
0,-0.15,-0.08,"[ 0.57933061  0.57703906  0.57941227  0.58654713  0.59874069  0.61652125
  0.0327418   0.02856511  0.02421157  0.02424834  0.02696029  0.02527178
  0.02396387  0.02296045  0.02220931  0.02167475  0.02133304  0.02116973
  0.02117813  0.02135857  0.02171847  0.02227312  0.02304726  0.024078
  0.0254195   0.02715079  0.02420799  0.02418025  0.02869021  0.03287138
  0.22466555  0.21408331  0.2060374   0.2001273   0.19608151  0.19372492
  0.03761448  0.19203714 -0.30764928  0.13142787  0.15274095  0.7331426
  0.47953818]",[1.  0.5]
0,-0.15,-0.08,"[ 0.58158548  0.57785468  0.5788019   0.58446574  0.5950801   0.61109833
  0.03275653  0.02859594  0.02420543  0.024237    0.026832    0.02510921
  0.02377416  0.02274782  0.02197605  0.02142174  0.02106009  0.02087575
  0.0208611   0.02101557  0.02134548  0.02186476  0.02259641  0.02357511
  0.02485157  0.02649974  0.02430842  0.0242804   0.02889283  0.03312222
  0.22776543  0.21633844  0.20759484  0.20108669  0.19650827  0.19365821
  0.03918692  0.19264772 -0.28752774  0.13290156  0.15258531  0.73455042
  0.47809484]",[1.  0.5]
0,-0.15,-0.08,"[ 0.58389338  0.57886456  0.5785399   0.5829062   0.59214274  0.60663966
  0.03282438  0.02869324  0.02420618  0.0242304   0.0271221   0.02534211
  0.02396241  0.02290004  0.02209825  0.02151809  0.02113341  0.02092779
  0.02089272  0.02102678  0.02133547  0.02183174  0.02253744  0.02348569
  0.02472505  0.02632628  0.0244134   0.02438646  0.0290971   0.03337261
  0.23087502  0.21864287  0.20924158  0.20217613  0.19710742  0.19380891
  0.04071895  0.19310631 -0.26882051  0.13436992  0.15243025  0.73595343
  0.47665695]",[1.  0.5]
0,-0.15,-0.08,"[ 0.58630251  0.58005296  0.5785442   0.58171475  0.58969427  0.60281678
  0.03290883  0.02879148  0.02594004  0.02423315  0.02716518  0.02568045
  0.02425263  0.0231518   0.02231846  0.02171177  0.02130417  0.02107818
  0.02102443  0.02114074  0.02143185  0.02190997  0.02259598  0.02352185
  0.02473449  0.02630224  0.02452133  0.02614744  0.02929635  0.03361525
  0.23405978  0.22103151  0.21098629  0.20338075  0.19784194  0.19411831
  0.04224719  0.19346919 -0.25097786  0.13583142  0.15227591  0.73735018
  0.47522601]",[1.  0.5]
0,-0.15,-0.08,"[ 0.58913751  0.58159599  0.57884674  0.58077744  0.58746683  0.59919267
  0.03285794  0.02880899  0.02593913  0.02421458  0.02705169  0.02584997
  0.02438597  0.02325611  0.02239867  0.02177127  0.02134524  0.0211022
  0.02103206  0.02113197  0.021406    0.02186559  0.02253074  0.0234322
  0.02461525  0.02614583  0.02461469  0.02458237  0.02929236  0.03361874
  0.23764792  0.22373762  0.21298572  0.20479308  0.1987483   0.1945718
  0.04390647  0.19382699 -0.23264507  0.13728606  0.15212229  0.73874064
  0.47380203]",[1.  0.5]
0,-0.15,-0.08,"[ 0.59217445  0.58335964  0.57939998  0.58013311  0.58558888  0.59599238
  0.03280545  0.0288322   0.02592854  0.02421192  0.02698859  0.02607264
  0.02458087  0.02342899  0.02255369  0.02191151  0.02147299  0.02121916
  0.02113948  0.0212307   0.02149653  0.02194806  0.02260487  0.02349722
  0.02466971  0.02618728  0.02470314  0.02466439  0.02940443  0.03353062
  0.24144016  0.22661693  0.21514054  0.20635185  0.19979855  0.19517172
  0.04560643  0.19412302 -0.21467793  0.1387354   0.15196923  0.74012632
  0.47238346]",[1.  0.5]
0,-0.15,-0.08,"[ 0.5954928   0.58539191  0.58022167  0.57976904  0.58401561  0.59313566
  0.03282037  0.02891688  0.02594319  0.02425339  0.02700458  0.02620447
  0.02470917  0.02355472  0.02267776  0.02203481  0.02159639  0.02134358
  0.02126585  0.02136005  0.02163     0.02208698  0.02275081  0.02365211
  0.02483599  0.02636812  0.02472821  0.02468854  0.02951303  0.03350304
  0.24549836  0.22970921  0.21747344  0.20806576  0.20098942  0.195904
  0.04734178  0.19438719 -0.1968101   0.14017786  0.1518169   0.7415057
  0.47097187]",[1.  0.5]
0,-0.15,-0.08,"[ 0.59926149  0.58780003  0.58136171  0.57967957  0.58268505  0.59050099
  0.03279955  0.0289218   0.02587722  0.02422763  0.02704803  0.02614191
  0.02465986  0.02351601  0.02264784  0.02201241  0.02158067  0.02133401
  0.02126218  0.02136225  0.02163831  0.02210188  0.02277312  0.02368306
  0.02487738  0.02642259  0.02473606  0.02469179  0.02947285  0.03352929
  0.25003485  0.23317449  0.22010455  0.21002326  0.20238313  0.19680831
  0.04919176  0.19463106 -0.17846571  0.14161505  0.15166512  0.7428803
  0.46956567]",[1.  0.5]
0,-0.15,-0.08,"[ 0.60312035  0.59033592  0.58267621  0.5798213   0.58165455  0.58825069
  0.03281855  0.0288525   0.0241935   0.02420811  0.02712492  0.02612194
  0.02465886  0.02353038  0.02267525  0.0220514   0.02163046  0.02139432
  0.02133319  0.02144457  0.02173301  0.02221059  0.02289814  0.02382758
  0.02504586  0.02662132  0.02468847  0.0246442   0.02929739  0.03357029
  0.25474225  0.23678526  0.22286943  0.21211147  0.20391043  0.19785365
  0.05106471  0.19479138 -0.16069933  0.14304534  0.15151407  0.74424857
  0.46816646]",[1.  0.5]
0,-0.15,-0.08,"[ 0.60734472  0.59319146  0.58427996  0.58023482  0.58089013  0.58627259
  0.03281429  0.02869813  0.02414202  0.02416218  0.02724298  0.02590326
  0.02447963  0.02338278  0.02255381  0.0219523   0.02155105  0.02133288
  0.02128877  0.02141693  0.02172259  0.02221859  0.02292667  0.02387996
  0.02512706  0.02673873  0.02449026  0.02445071  0.0289988   0.03327013
  0.2598466   0.24070126  0.22587738  0.21439954  0.20560716  0.19904698
  0.05304298  0.19492946 -0.14304399  0.14446873  0.15136376  0.74561049
  0.46677423]",[1.  0.5]
0,-0.15,-0.08,"[ 0.61150071  0.59604355  0.58594997  0.58079087  0.58035372  0.5846207
  0.03270209  0.02855077  0.02411275  0.02414034  0.02738553  0.02575574
  0.0243738   0.02331073  0.02251018  0.02193352  0.02155489  0.02135815
  0.02133519  0.02148508  0.02181397  0.02233572  0.02307335  0.02406173
  0.02535182  0.02701794  0.0242851   0.02424931  0.02868464  0.03288996
  0.26503196  0.24469303  0.2289654   0.2167774   0.2074069   0.20035927
  0.05501899  0.19496469 -0.12613591  0.1458852   0.15121417  0.74696606
  0.46538901]",[1.  0.5]
0,-0.15,-0.08,"[ 0.6151133   0.59854465  0.58745092  0.58135651  0.58000919  0.58335407
  0.03278115  0.0286083   0.02414367  0.02417245  0.02725153  0.02551748
  0.02417389  0.02314172  0.0223668   0.02181201  0.02145263  0.0212734
  0.02126695  0.02143302  0.02177843  0.02231779  0.02307505  0.02408624
  0.02540403  0.02710523  0.02419872  0.02416838  0.02863462  0.03281949
  0.26973515  0.24832589  0.23179431  0.21897948  0.20910274  0.20163185
  0.05685248  0.19490128 -0.1112885   0.14729474  0.15106531  0.74831525
  0.4640108 ]",[1.  0.5]
0,-0.15,-0.08,"[ 0.6187413   0.60108365  0.5890167   0.58201855  0.57979813  0.58226482
  0.03297233  0.0287685   0.02418469  0.0242112   0.0265323   0.02486168
  0.02356749  0.02257414  0.02182978  0.02129897  0.02095809  0.02079272
  0.02079607  0.02096827  0.02131641  0.02185524  0.02260877  0.02361302
  0.02492061  0.0266083   0.02416618  0.02414209  0.0287311   0.03292256
  0.27454204  0.25203969  0.2346931   0.22124715  0.21086416  0.20297298
  0.05865392  0.19479381 -0.09668698  0.14869734  0.15091719  0.74965805
  0.46263961]",[1.  0.5]
0,-0.15,-0.08,"[ 0.62161913  0.60306819  0.59020669  0.58247414  0.57954741  0.58130689
  0.03315134  0.0289243   0.02424003  0.02426365  0.02620535  0.02455658
  0.02327934  0.02229906  0.02156461  0.02104101  0.02070498  0.02054231
  0.02054632  0.02071716  0.02106187  0.02159505  0.02234048  0.02333379
  0.02462705  0.02629623  0.0242289   0.02420668  0.02888164  0.03309464
  0.27889604  0.25543739  0.23738187  0.2233902   0.21257235  0.20432293
  0.06037979  0.19450863 -0.08339539  0.15009475  0.15076961  0.75099612
  0.46127373]",[1.  0.5]
0,-0.15,-0.08,"[ 0.62409364  0.60475485  0.59119543  0.58282034  0.57927808  0.58042361
  0.03329716  0.02905106  0.02599894  0.02434882  0.02603837  0.02440191
  0.02313423  0.02216138  0.02143265  0.02091334  0.02058038  0.02041968
  0.02042465  0.02059549  0.02093922  0.02147041  0.02221277  0.02320179
  0.02448935  0.02615113  0.02428636  0.02596157  0.02905695  0.03329472
  0.28303424  0.25868597  0.23997411  0.22547964  0.21426323  0.20568746
  0.06207441  0.19412347 -0.07084485  0.15177108  0.15048275  0.75257962
  0.45959955]",[1.  0.5]
0,-0.15,-0.08,"[ 0.62666775  0.60650403  0.59221697  0.58317486  0.57899633  0.57950994
  0.03330196  0.02905795  0.0261599   0.02437673  0.0258138   0.02418405
  0.02292146  0.02195213  0.02122542  0.02070667  0.02037277  0.02020961
  0.02021048  0.0203754   0.02071116  0.02123198  0.02196105  0.02293319
  0.02419923  0.02583338  0.0243404   0.02604726  0.02909562  0.03334227
  0.28759046  0.26226987  0.24284416  0.22780531  0.21615938  0.20723365
  0.06386685  0.1936386  -0.05753345  0.15354223  0.15014031  0.7542454
  0.457818  ]",[1.  0.5]
0,-0.15,-0.08,"[ 0.6286409   0.60780747  0.5929314   0.58335071  0.57865966  0.57866535
  0.03331635  0.02911518  0.02624763  0.02441204  0.02576915  0.0241354
  0.02286961  0.0218975   0.02116814  0.02064668  0.02030989  0.02014349
  0.02014063  0.02030121  0.02063181  0.02114645  0.02186798  0.0228308
  0.02408517  0.02570437  0.02439797  0.02621787  0.02914383  0.03340029
  0.29164252  0.26548133  0.24544073  0.22993475  0.21792189  0.20869881
  0.06561028  0.19307679 -0.04574035  0.15535593  0.14976938  0.75594786
  0.45598716]",[1.  0.5]
0,-0.15,-0.08,"[ 0.62991381  0.60859111  0.59328508  0.58331132  0.57824608  0.57788075
  0.03334405  0.02921494  0.0263076   0.0244396   0.02590647  0.02425701
  0.02297895  0.02199708  0.02125983  0.02073191  0.02038976  0.02021887
  0.0202122   0.02036949  0.02069719  0.02120916  0.02192814  0.02288832
  0.0241397   0.02575519  0.02445218  0.02633452  0.02919686  0.03346204
  0.29499311  0.2681673   0.24764139  0.23176762  0.21946685  0.21001164
  0.06731334  0.19246387 -0.03598253  0.15719826  0.14937838  0.7576751
  0.45412292]",[1.  0.5]
0,-0.15,-0.08,"[ 0.63139067  0.6095149   0.59372447  0.5833094   0.57782554  0.57704659
  0.0332041   0.02924371  0.02625847  0.02444207  0.0258879   0.02423323
  0.02295106  0.02196571  0.02122535  0.02069446  0.02034932  0.02017527
  0.02016517  0.02031858  0.02064181  0.02114852  0.02186118  0.02281363
  0.02405536  0.02565852  0.02447361  0.02631185  0.02922138  0.03336038
  0.29880937  0.27121854  0.25013595  0.23384154  0.22121235  0.21149297
  0.06914046  0.19178611 -0.02539671  0.15906318  0.14897015  0.75942184
  0.45223188]",[1.  0.5]
0,-0.15,-0.08,"[ 0.63225167  0.60997991  0.59384242  0.58311064  0.57732564  0.57624833
  0.03316578  0.02926359  0.02620166  0.02444226  0.02602877  0.02436207
  0.02307054  0.02207786  0.02133175  0.02079639  0.02044785  0.02027131
  0.02025953  0.020412    0.020735    0.02124217  0.02195597  0.02291029
  0.02415466  0.02576129  0.02448316  0.02626822  0.02924022  0.03326672
  0.30196658  0.27377446  0.25225455  0.23563011  0.22274393  0.21281874
  0.07093965  0.19107787 -0.01664633  0.16095245  0.14854718  0.76119033
  0.45031321]",[1.  0.5]
0,-0.15,-0.08,"[ 0.6326562   0.61010427  0.59372055  0.58276311  0.5767624   0.57547012
  0.03313176  0.0292562   0.0261431   0.02444902  0.02629585  0.02461369
  0.0233102   0.02230841  0.02155558  0.02101558  0.02066429  0.02048678
  0.02047576  0.02063076  0.02095816  0.02147178  0.02219439  0.0231603
  0.02441967  0.02604564  0.02448072  0.02620349  0.02921748  0.03316567
  0.30461677  0.27594898  0.25408272  0.23719696  0.22410765  0.21402046
  0.07271936  0.19035267 -0.00927872  0.16285922  0.14811333  0.76297468
  0.44837462]",[1.  0.5]
0,-0.15,-0.08,"[ 0.63301642  0.61017834  0.59354325  0.58235547  0.57613452  0.5746227
  0.03302262  0.02910048  0.02439076  0.02442438  0.02646496  0.02476539
  0.02344834  0.02243581  0.0216744   0.02112749  0.02077062  0.02058862
  0.020574    0.02072615  0.02105132  0.02156324  0.02228458  0.02324951
  0.02450805  0.02613308  0.02447885  0.02444196  0.02919894  0.03308263
  0.30746015  0.27828682  0.25605284  0.23888992  0.22558548  0.215327
  0.07457259  0.18954901 -0.00143476  0.16478453  0.14766767  0.76477577
  0.44641481]",[1.  0.5]
0,-0.15,-0.08,"[0.63297974 0.60995581 0.59315616 0.581816   0.57544755 0.57378679
 0.03290968 0.02894645 0.02434398 0.02437929 0.02676467 0.02504558
 0.02371339 0.02268922 0.02191903 0.02136578 0.02100473 0.02082053
 0.02080559 0.0209593  0.02128798 0.02180548 0.02253474 0.0235103
 0.02478271 0.02642567 0.02445553 0.02441459 0.02905684 0.03296235
 0.30983818 0.28027419 0.25775513 0.24037704 0.22690576 0.21651501
 0.07641664 0.18873688 0.00514965 0.16672627 0.14721156 0.76659183
 0.44443622]",[1.  0.5]
0,-0.15,-0.08,"[0.63263122 0.6094999  0.59260344 0.58117155 0.57471204 0.57295695
 0.03279398 0.02879372 0.02428605 0.02432128 0.02717511 0.02543585
 0.02408811 0.02305227 0.02227379 0.02171529 0.02135183 0.02116796
 0.02115611 0.0213158  0.02165358 0.02218373 0.02292975 0.02392703
 0.02522736 0.02690623 0.02441409 0.02437067 0.02887488 0.03278965
 0.31184183 0.28197973 0.25924188 0.24169821 0.22809861 0.21760661
 0.07825263 0.18791965 0.01074562 0.16868039 0.14674726 0.76841934
 0.44244342]",[1.  0.5]
0,-0.15,-0.08,"[0.63229369 0.60903614 0.59202639 0.58048771 0.57392276 0.57205902
 0.03264059 0.02858065 0.02418939 0.0242255  0.02740612 0.02565076
 0.02429053 0.02324503 0.02245918 0.02189525 0.02152804 0.02134193
 0.02132928 0.02148955 0.02182935 0.022363   0.02311417 0.0241185
 0.02542809 0.02711896 0.02434919 0.02430289 0.02866551 0.03262908
 0.3140755  0.28387481 0.26088893 0.24315775 0.22941292 0.21880629
 0.08015577 0.18703374 0.01695523 0.17064955 0.14627307 0.77026063
 0.44043332]",[1.  0.5]
0,-0.15,-0.08,"[0.63210848 0.60870641 0.59156818 0.57990982 0.57322819 0.57124573
 0.03267815 0.02851622 0.02414088 0.02417465 0.02741077 0.02567264
 0.02432598 0.02329174 0.02251575 0.02196091 0.02160251 0.02142535
 0.02142215 0.02159277 0.02194424 0.02249142 0.02325865 0.02428247
 0.02561633 0.02733815 0.02429858 0.02425034 0.02855142 0.03242732
 0.31626766 0.28571859 0.26247848 0.24455555 0.23066229 0.21993836
 0.08200854 0.18623049 0.02279833 0.17261867 0.14579708 0.77210248
 0.43842279]",[1.  0.5]
0,-0.15,-0.08,"[0.63181374 0.60831681 0.59109339 0.57935461 0.57259341 0.57052877
 0.03288369 0.02867978 0.02421776 0.02425225 0.02680944 0.02515123
 0.02386717 0.02288315 0.02214832 0.02162793 0.02129899 0.02114762
 0.02116761 0.02135978 0.02173204 0.02230025 0.02308986 0.02413893
 0.02550297 0.02726306 0.0242229  0.02418524 0.02858215 0.03251289
 0.31804755 0.28722956 0.26379264 0.24572107 0.23171279 0.22089819
 0.08381679 0.18551863 0.02726092 0.17458179 0.14532253 0.77393962
 0.43641854]",[1.  0.5]
0,-0.15,-0.08,"[0.63064813 0.60725517 0.59011694 0.57844901 0.57174767 0.56973445
 0.0333003  0.02903814 0.024393   0.02442653 0.02619891 0.02458728
 0.02333947 0.02238371 0.02167077 0.021167   0.02085018 0.02070697
 0.02073149 0.02092474 0.0212947  0.02185712 0.02263726 0.02367281
 0.02501873 0.02675533 0.02419635 0.02416929 0.02864422 0.03280992
 0.31894469 0.28809566 0.26463065 0.24653561 0.23250903 0.22168137
 0.08550295 0.18472146 0.03038433 0.17656734 0.14483499 0.77579726
 0.43438901]",[1. 1.]
0,-0.15,-0.08,"[0.6279307  0.60495664 0.58817283 0.57681396 0.57039096 0.56863733
 0.03282139 0.02878365 0.02427305 0.02430764 0.02718376 0.02544162
 0.02409163 0.02305394 0.02227389 0.021714   0.02134925 0.02116413
 0.02115103 0.02130941 0.02164578 0.02217433 0.02291848 0.02391354
 0.02521112 0.0268865  0.02427957 0.02425083 0.02881077 0.03302668
 0.31876341 0.28822508 0.26497338 0.24703364 0.23312703 0.22239789
 0.08723923 0.18360127 0.03222428 0.17857157 0.144338   0.77767225
 0.43233859]",[1. 1.]
0,-0.15,-0.08,"[0.62508109 0.60255971 0.58616006 0.57513741 0.56901852 0.56754992
 0.03219695 0.02820502 0.02405694 0.02409045 0.02722943 0.02677402
 0.02529718 0.02415909 0.0232985  0.0226734  0.02225546 0.02202679
 0.02197793 0.02210688 0.02241892 0.02292713 0.02365379 0.02463283
 0.02591407 0.02757007 0.02443394 0.02438149 0.0287029  0.03258833
 0.31840497 0.28822097 0.26521463 0.24745469 0.23368746 0.22307278
 0.08900744 0.18247209 0.03349053 0.18058079 0.14383768 0.77955267
 0.43028284]",[1. 1.]
0,-0.15,-0.08,"[0.6223032  0.60022868 0.58420915 0.57352009 0.56770385 0.56651988
 0.03209682 0.02804298 0.02386849 0.02389309 0.02705066 0.02756575
 0.02599611 0.02478439 0.02386419 0.0231899  0.02273065 0.02246661
 0.02238682 0.022488   0.02277431 0.02325767 0.02395908 0.02491091
 0.02616085 0.02777832 0.02435445 0.02430605 0.02852164 0.03273486
 0.31799059 0.28816304 0.26540492 0.2478277  0.23420262 0.22370489
 0.09076619 0.18138302 0.03439404 0.18258394 0.14333887 0.78142838
 0.42823345]",[1. 1.]
0,-0.15,-0.08,"[0.61911028 0.59761532 0.58209225 0.57184277 0.56642964 0.56562943
 0.03206102 0.02801835 0.02378938 0.02380992 0.02700937 0.02779747
 0.02620239 0.02497058 0.02403421 0.0233467  0.0228765  0.02260326
 0.02251561 0.02260998 0.02289021 0.02336799 0.02406402 0.02501033
 0.02625416 0.02786426 0.0244598  0.02440624 0.02860121 0.03284288
 0.31670804 0.28742417 0.26505074 0.24775965 0.23435779 0.22404269
 0.09255906 0.18038498 0.03233414 0.18458104 0.14284157 0.78329936
 0.42619038]",[1. 1.]
0,-0.15,-0.08,"[0.61560232 0.59480499 0.57988325 0.5701702  0.56525329 0.56493006
 0.03215907 0.0280973  0.02382661 0.02384783 0.0271248  0.02744784
 0.02590435 0.02471359 0.02381078 0.02315144 0.02270552 0.02245382
 0.0223859  0.02249899 0.02279771 0.02329456 0.02401117 0.02498079
 0.02625227 0.02789679 0.02438583 0.02432925 0.02840399 0.03238522
 0.31459822 0.2860261  0.26416155 0.24725174 0.2341484  0.22407734
 0.09437126 0.1795068  0.02720566 0.1865721  0.14234578 0.78516561
 0.42415364]",[1. 1.]
0,-0.15,-0.08,"[0.61222341 0.59210995 0.57778    0.56859712 0.56417288 0.5643255
 0.03241906 0.02831208 0.02393486 0.02395666 0.02727978 0.02652193
 0.02507151 0.02395436 0.02311066 0.02249935 0.02209285 0.02187377
 0.02183305 0.02196903 0.02228728 0.02280118 0.02353328 0.0245179
 0.02580535 0.02746893 0.0242334  0.02419267 0.02849864 0.03268568
 0.31248882 0.28461277 0.26324878 0.24671586 0.23390889 0.22408106
 0.09617135 0.17867401 0.02167799 0.18855713 0.14185148 0.78702713
 0.42212322]",[1. 1.]
0,-0.15,-0.08,"[0.6085018  0.58920876 0.57559345 0.56705565 0.56323599 0.56397788
 0.03290795 0.02870633 0.0242016  0.02423278 0.02680868 0.02513679
 0.02384188 0.02284879 0.022106   0.02157825 0.02124215 0.02108351
 0.02109581 0.02127955 0.02164231 0.02219949 0.02297599 0.0240091
 0.02535322 0.0270878  0.02421438 0.0241831  0.02866794 0.03284231
 0.30947088 0.28247198 0.26174426 0.24569352 0.23326718 0.22375209
 0.09797077 0.17797418 0.01263519 0.19053615 0.14135868 0.78888391
 0.42009909]",[1. 1.]
0,-0.15,-0.08,"[0.60363176 0.5854506  0.57280971 0.56515731 0.56217329 0.56373564
 0.0334212  0.02914718 0.02441611 0.02444447 0.02628726 0.02466208
 0.02340361 0.02243924 0.02171915 0.02120929 0.02088714 0.02073911
 0.02075912 0.020948   0.02131352 0.02187125 0.02264619 0.02367568
 0.02501423 0.0267414  0.02433547 0.02430529 0.02893469 0.03284478
 0.3052903  0.27947106 0.25960569 0.2442128  0.23230885 0.2232252
 0.09959106 0.17711365 0.00114425 0.19250916 0.14086738 0.79073596
 0.41808125]",[1. 1.]
0,-0.15,-0.08,"[ 0.59988803  0.58245606  0.57047199  0.56341597  0.56099397  0.56310711
  0.03303684  0.02882604  0.02421261  0.02423716  0.02677943  0.02508982
  0.02378087  0.02277601  0.02202275  0.02148517  0.02113936  0.02097067
  0.02097217  0.02114392  0.02149299  0.02203415  0.02279152  0.02380126
  0.02511622  0.02681348  0.02439583  0.02435448  0.02888758  0.032825
  0.3033918   0.27826591  0.25890855  0.24390525  0.23231353  0.22349142
  0.10146128  0.17598667 -0.00348775  0.19447617  0.14037757  0.79258326
  0.41606968]",[1.  0.5]
0,-0.15,-0.08,"[ 0.59736535  0.58037498  0.56877718  0.56207062  0.55997643  0.56240917
  0.03276114  0.02859063  0.02409402  0.02412002  0.02725609  0.02552167
  0.02417779  0.0231454   0.0223703   0.02181538  0.0214559   0.0212766
  0.02127011  0.02143616  0.02178158  0.02232097  0.02307828  0.02408955
  0.02540745  0.0271088   0.02433079  0.0242885   0.02870261  0.03272257
  0.30283904  0.27806477  0.25896474  0.24415947  0.23272797  0.22404221
  0.10337523  0.17496851 -0.00473458  0.19643721  0.13988925  0.79442582
  0.41406438]",[1.  0.5]
0,-0.15,-0.08,"[ 0.59529079  0.57865819  0.56737375  0.56095107  0.55912352  0.56181657
  0.03271522  0.02854047  0.02412784  0.02416131  0.02714642  0.02544876
  0.02413382  0.02312513  0.02237026  0.02183335  0.02149058  0.02132747
  0.02133732  0.02152053  0.02188464  0.02244511  0.02322696  0.02426769
  0.02562204  0.02736987  0.02422536  0.02418753  0.02856839  0.03262473
  0.30245793  0.27796178  0.25906581  0.24441808  0.23311454  0.22453823
  0.10529707  0.17409814 -0.0062238   0.19839228  0.13940241  0.79626364
  0.41206534]",[1.  0.5]
0,-0.15,-0.08,"[ 0.59443967  0.57782496  0.56655126  0.56013261  0.55830254  0.56098642
  0.03270316  0.02852686  0.02415459  0.02419081  0.02718356  0.02549379
  0.02418512  0.02318179  0.02243179  0.02189961  0.02156167  0.02140371
  0.02141925  0.02160892  0.02198053  0.02254989  0.02334246  0.02439636
  0.0257672   0.02741952  0.02417195  0.02413932  0.02853724  0.03269012
  0.30366673  0.2790678   0.26009275  0.24538371  0.23403274  0.2254202
  0.1071948   0.17327759 -0.00277615  0.2003414   0.13891706  0.79809671
  0.41007253]",[1.  0.5]
0,-0.15,-0.08,"[0.59453716 0.57769118 0.56620669 0.55958757 0.55755868 0.56003725
 0.03274436 0.02856121 0.02419121 0.02422797 0.02729127 0.02560053
 0.02429122 0.02328771 0.02253808 0.02200686 0.02167058 0.02151503
 0.02153385 0.02172779 0.02210484 0.02268106 0.02348224 0.02454698
 0.02593155 0.02739857 0.02406852 0.02404465 0.028502   0.03264959
 0.30597344 0.28099642 0.26173777 0.24680937 0.23528414 0.22652979
 0.10907692 0.17254807 0.00370564 0.20233675 0.1384086  0.79997211
 0.40802866]",[1.  0.5]
0,-0.15,-0.08,"[0.59436134 0.57734231 0.56569868 0.5589266  0.5567443  0.55906271
 0.03274539 0.02856685 0.02420815 0.02424472 0.02706826 0.0253774
 0.02406775 0.02306322 0.02231163 0.02177728 0.02143648 0.02127484
 0.02128571 0.02146955 0.02183391 0.02239428 0.02317567 0.02421559
 0.02556875 0.02731503 0.02412814 0.02410084 0.0285726  0.03273611
 0.30813372 0.28282967 0.26332543 0.24820721 0.23653171 0.22765588
 0.1109896  0.17173865 0.00990344 0.20436686 0.1378828  0.80187966
 0.40594648]",[1.  0.5]
0,-0.15,-0.08,"[0.5947464  0.57740738 0.56547461 0.55843017 0.55598044 0.55802537
 0.03273516 0.02856509 0.02421248 0.02424796 0.02691292 0.02520831
 0.02388764 0.02287347 0.02211269 0.02156895 0.02121806 0.02104512
 0.02104304 0.02121173 0.02155812 0.02209687 0.02285195 0.02385936
 0.0251717  0.0268657  0.02426387 0.02422728 0.02857312 0.03271999
 0.31099304 0.28518906 0.26531154 0.24990537 0.2380013  0.22893922
 0.11292839 0.1709707  0.01785788 0.20641331 0.13734774 0.80380267
 0.40384597]",[1.  0.5]
0,-0.15,-0.08,"[0.59587157 0.57804165 0.56566988 0.55821685 0.55537103 0.55701611
 0.03273653 0.02860172 0.02424118 0.02427682 0.02702726 0.02531765
 0.02399314 0.02297612 0.02221338 0.02166852 0.02131727 0.02114476
 0.02114389 0.02131462 0.02166398 0.02220676 0.02296711 0.0239813
 0.02530232 0.02700749 0.02434856 0.02430863 0.02880806 0.03268199
 0.31457073 0.28806985 0.26767486 0.25187064 0.23965057 0.23033008
 0.1148738  0.17032598 0.02716044 0.20845863 0.13681169 0.80572534
 0.40174636]",[1.  0.5]
0,-0.15,-0.08,"[0.59695427 0.57864846 0.56585231 0.55800539 0.55477879 0.55604046
 0.03261676 0.02859333 0.02426096 0.02430167 0.02710811 0.02540761
 0.02409038 0.02307966 0.02232283 0.02178388 0.02143889 0.02127326
 0.02128019 0.02145997 0.02181999 0.02237552 0.02315136 0.02418464
 0.02552961 0.02726544 0.02427524 0.02424143 0.02871731 0.03285829
 0.31814665 0.29094983 0.27003965 0.25384026 0.24130735 0.23173178
 0.11691215 0.16966687 0.03594305 0.21051711 0.13626679 0.80766045
 0.39963153]",[1.  0.5]
0,-0.15,-0.08,"[0.5981754  0.57936373 0.56611826 0.55785603 0.55422964 0.55509049
 0.03252274 0.02852034 0.02425286 0.02429731 0.02729745 0.02559816
 0.02428208 0.02327293 0.02251839 0.02198266 0.02164204 0.02148213
 0.02149638 0.02168535 0.02205685 0.02262664 0.02342022 0.02447572
 0.02584879 0.02742794 0.02411342 0.0240877  0.02854404 0.03270012
 0.32192672 0.29398176 0.27251975 0.25589835 0.2430322  0.23318548
 0.11893075 0.16901301 0.04511276 0.21256945 0.13572352 0.80959076
 0.39752319]",[1.  0.5]
0,-0.15,-0.08,"[0.59953707 0.58017079 0.5664344  0.55771999 0.55365986 0.55408736
 0.03247111 0.02856354 0.02424102 0.02428359 0.02737695 0.02564684
 0.02430647 0.02327735 0.02250568 0.02195462 0.02159965 0.02142575
 0.02142575 0.02159966 0.02195462 0.02250568 0.02327736 0.02430648
 0.02564686 0.02737698 0.02414258 0.02411593 0.02859824 0.03277288
 0.32614761 0.29736201 0.27528217 0.25818975 0.24495272 0.23480511
 0.12085689 0.16828979 0.05590247 0.21462568 0.13517622 0.81152519
 0.39540998]",[1.  0.5]
0,-0.15,-0.08,"[0.60058493 0.58075672 0.56661215 0.55752231 0.55310245 0.55317089
 0.03256993 0.02869174 0.02425525 0.02429253 0.02742952 0.02570255
 0.02433429 0.02328232 0.02249112 0.02192263 0.02155142 0.02136169
 0.02134564 0.02150261 0.02183904 0.02236913 0.02311635 0.02411608
 0.02542013 0.02710396 0.02423829 0.0242104  0.02874873 0.03295686
 0.32991157 0.30038921 0.27776928 0.2602662  0.2467068  0.2362986
 0.1227099  0.16757348 0.06537524 0.21668486 0.13462551 0.81346294
 0.39329301]",[1.  0.5]
0,-0.15,-0.08,"[0.60135973 0.58113289 0.5666362  0.5572224  0.55249193 0.55225006
 0.03282851 0.02866673 0.02409393 0.02411167 0.02732022 0.02583642
 0.02443478 0.02335577 0.02254185 0.02195354 0.02156437 0.02135773
 0.02132507 0.02146507 0.02178347 0.02229366 0.02301809 0.02399082
 0.02526177 0.02690365 0.02430434 0.02427261 0.02880995 0.03303891
 0.33346747 0.30326799 0.28015244 0.26227325 0.24841937 0.23777401
 0.12464499 0.16680244 0.07406658 0.21876553 0.13406096 0.81542055
 0.39115129]",[1.  0.5]
0,-0.15,-0.08,"[0.60219209 0.58158424 0.56675234 0.55703148 0.55200797 0.55147472
 0.03301106 0.02882173 0.02576001 0.0241462  0.02725932 0.02548776
 0.02411472 0.02305821 0.02226211 0.02168794 0.0213099  0.02111188
 0.02108571 0.02123034 0.02155168 0.02206327 0.02278767 0.02375904
 0.02502739 0.0266656  0.02434776 0.0243182  0.02890809 0.03314643
 0.33676402 0.30592081 0.28233574 0.26410115 0.24996953 0.23910074
 0.12655593 0.16614788 0.08134928 0.22084414 0.13349575 0.81737703
 0.38901146]",[1.  0.5]
0,-0.15,-0.08,"[0.60262852 0.58174043 0.56666144 0.55671349 0.55147233 0.55072166
 0.03320809 0.02898813 0.02590481 0.02424072 0.02697148 0.02523371
 0.023887   0.02285141 0.02207222 0.0215119  0.02114536 0.02095701
 0.02093909 0.02109086 0.02141855 0.021936   0.02266608 0.02364334
 0.02491834 0.02656476 0.02439018 0.02436411 0.02902352 0.0332728
 0.3395554  0.30819345 0.28422991 0.26570907 0.25135422 0.24030654
 0.12843283 0.16547257 0.08743724 0.22292307 0.13292856 0.81933449
 0.38687081]",[1.  0.5]
0,-0.15,-0.08,"[0.60343789 0.58215559 0.56673088 0.55646715 0.5509254  0.54987656
 0.03322978 0.02900211 0.02592593 0.02429144 0.02654485 0.02484793
 0.02353302 0.02252251 0.02176321 0.02121871 0.02086469 0.0206861
 0.02067559 0.02083275 0.02116402 0.02168339 0.02241391 0.02339025
 0.02466314 0.02630654 0.0243973  0.0261128  0.02897627 0.03321326
 0.34318049 0.31111475 0.28663986 0.26773334 0.25307816 0.24178982
 0.13044634 0.16471651 0.09537995 0.22503704 0.13233821 0.82132377
 0.38468956]",[1.  0.5]
0,-0.15,-0.08,"[0.60516677 0.58327113 0.56731276 0.55656619 0.55056964 0.54907463
 0.03331123 0.02906914 0.02603515 0.02434567 0.02640475 0.02472851
 0.02342976 0.02243223 0.02168363 0.02114815 0.02080193 0.02063029
 0.02062617 0.0207894  0.0211267  0.02165232 0.02238964 0.02337376
 0.02465603 0.02631128 0.02448082 0.02618421 0.02926335 0.03316997
 0.34805895 0.31496891 0.2897548  0.27029333 0.25520705 0.24357324
 0.13239481 0.16400985 0.10597955 0.22717386 0.13173098 0.82333393
 0.38248127]",[1.  0.5]
0,-0.15,-0.08,"[0.60682094 0.58433143 0.567858   0.55664684 0.55021402 0.54829228
 0.03327879 0.02903244 0.02615798 0.02441085 0.02617761 0.02454101
 0.02327336 0.02230098 0.02157332 0.02105581 0.02072552 0.02056847
 0.02057823 0.02075518 0.02110661 0.02164744 0.02240183 0.02340595
 0.02471262 0.02639892 0.02446798 0.02443831 0.02922255 0.03329668
 0.35295142 0.31883396 0.29288119 0.27286705 0.25735281 0.24537718
 0.13443197 0.16327636 0.11608851 0.22932803 0.13110987 0.82536008
 0.38025211]",[1.  0.5]
0,-0.15,-0.08,"[0.60869439 0.58555925 0.5685282  0.55681629 0.54991542 0.54753798
 0.03318841 0.02897855 0.02440312 0.0244349  0.02642361 0.02479099
 0.02352678 0.02255806 0.02183481 0.02132284 0.02099954 0.02085126
 0.02087194 0.0210624  0.02143051 0.02199193 0.02277184 0.02380782
 0.02515475 0.02689274 0.02429489 0.02595697 0.02904237 0.03326415
 0.35826852 0.32301576 0.29625065 0.27563106 0.25964952 0.2473017
 0.13641319 0.16252865 0.12709215 0.23147809 0.13048904 0.82738334
 0.37802706]",[1.  0.5]
0,-0.15,-0.08,"[0.61058734 0.5867933  0.56919511 0.5569756  0.54960179 0.54676539
 0.03314667 0.02903754 0.02441513 0.02444701 0.0264487  0.02480531
 0.02353257 0.02255682 0.02182751 0.02131009 0.02098165 0.02082833
 0.02084384 0.02102882 0.02139087 0.02194539 0.02271721 0.02374343
 0.02507822 0.02680066 0.02429411 0.0259783  0.0290695  0.03330003
 0.3638861  0.32743166 0.29981028 0.2785548  0.26208412 0.24934801
 0.13833014 0.16171515 0.13893304 0.23363884 0.12985828 0.8294167
 0.37578873]",[1.  0.5]
0,-0.15,-0.08,"[0.61192897 0.58760076 0.5695433  0.55691283 0.54915596 0.54594747
 0.03309181 0.02910355 0.02613521 0.02443279 0.0264544  0.02478188
 0.02348613 0.02249123 0.02174516 0.0212123  0.02086894 0.02070053
 0.02070015 0.02086778 0.02121031 0.02174226 0.02248728 0.02348094
 0.02477517 0.02644574 0.02434096 0.02604697 0.02915533 0.03341158
 0.36895115 0.33144401 0.30307403 0.2812638  0.26436755 0.25129489
 0.14022476 0.16082887 0.14976012 0.23579915 0.12922534 0.8314504
 0.37355021]",[1.  0.5]
0,-0.15,-0.08,"[0.6127483  0.58800789 0.56959585 0.55664759 0.54859371 0.54509575
 0.03309234 0.02917659 0.02615428 0.02440341 0.02651001 0.02479321
 0.02346266 0.02243911 0.0216683  0.02111303 0.02074839 0.02055885
 0.02053659 0.02068071 0.02099712 0.02149914 0.02220896 0.02316008
 0.02440157 0.02600494 0.02441947 0.02615081 0.02928353 0.03357609
 0.37338765 0.33499126 0.30598926 0.28371113 0.26645661 0.2531015
 0.14209395 0.15990187 0.15936793 0.23795765 0.1285912  0.83348325
 0.37131312]",[1.  0.5]
0,-0.15,-0.08,"[0.61281837 0.58785404 0.56924789 0.55612362 0.54790286 0.54423967
 0.0334145  0.02918332 0.02608971 0.02427097 0.02691181 0.02514169
 0.02376962 0.02271297 0.0219152  0.02133754 0.02095392 0.02074796
 0.02071113 0.02084195 0.02114577 0.02163534 0.02233219 0.02326901
 0.02449371 0.0260761  0.02450021 0.02619852 0.02934419 0.03365629
 0.37661691 0.33762938 0.30820532 0.28561396 0.2681196  0.25457607
 0.14393592 0.15899351 0.1663687  0.24010973 0.1279589  0.83551116
 0.36908281]",[1.  0.5]
0,-0.15,-0.08,"[0.61288788 0.58772396 0.56894505 0.55566439 0.54729559 0.54348603
 0.033626   0.02936513 0.02625022 0.02432604 0.02675534 0.02500164
 0.02364233 0.02259576 0.02180604 0.02123486 0.02085647 0.02065473
 0.02062128 0.02075478 0.0210607  0.02155188 0.02224995 0.02318769
 0.02441316 0.02599638 0.02456549 0.0264174  0.02950082 0.033833
 0.37951025 0.33998981 0.31018592 0.28731301 0.26960333 0.25589076
 0.14575943 0.15818819 0.17205142 0.24225551 0.12732844 0.83753422
 0.36685919]",[1.  0.5]
0,-0.15,-0.08,"[0.61350725 0.58800457 0.56893541 0.55539549 0.54678512 0.54274076
 0.03376914 0.02948288 0.02635042 0.02437719 0.02627983 0.02457501
 0.02325373 0.02223719 0.02147143 0.02091948 0.02055656 0.0203672
 0.0203436  0.0204848  0.02079658 0.02129208 0.02199317 0.02293292
 0.02415978 0.02574431 0.02458582 0.02662051 0.02953215 0.03386098
 0.38341464 0.34311042 0.31275227 0.28947077 0.27144943 0.25749213
 0.14770267 0.15735056 0.17935132 0.24442544 0.12667856 0.83957929
 0.36460642]",[1.  0.5]
0,-0.15,-0.08,"[0.61368808 0.58794139 0.56866225 0.55493347 0.54614553 0.54192684
 0.03384708 0.02954447 0.02643262 0.0244479  0.0259097  0.02424477
 0.02295456 0.02196262 0.02121661 0.02068065 0.02033076 0.02015207
 0.02013721 0.02028558 0.02060327 0.02110369 0.02180898 0.02275257
 0.02398334 0.02557254 0.02460046 0.02668794 0.02959152 0.03385012
 0.38683298 0.34588056 0.31506284 0.29144208 0.27316203 0.25900204
 0.14965204 0.15645915 0.18590867 0.24659335 0.12602755 0.84162331
 0.3623553 ]",[1.  0.5]
0,-0.15,-0.08,"[0.61413954 0.58806481 0.56850488 0.55452523 0.54550327 0.54105671
 0.03374739 0.029452   0.02655963 0.02447905 0.02542299 0.02380309
 0.02254792 0.02158357 0.02085939 0.02034067 0.02000429 0.01983596
 0.01982875 0.01998238 0.02030315 0.02080463 0.02150908 0.02244998
 0.02367633 0.02525952 0.02462421 0.02663029 0.02981362 0.03371817
 0.3910368  0.34925566 0.31785314 0.29380212 0.27519465 0.26077832
 0.15172392 0.15547755 0.19395895 0.24877937 0.12536136 0.84368409
 0.36008212]",[1.  0.5]
0,-0.15,-0.08,"[0.61590559 0.58921763 0.56913852 0.55470176 0.5452608  0.54041411
 0.0337541  0.0295539  0.02663883 0.02455823 0.02535508 0.0237599
 0.02252417 0.02157575 0.02086518 0.02035861 0.02003353 0.01987618
 0.01988011 0.02004546 0.02037904 0.02089499 0.02161631 0.02257749
 0.02382891 0.02544408 0.02465891 0.02659082 0.02976085 0.03398492
 0.39701636 0.35391357 0.32158893 0.296865   0.27774786 0.26293282
 0.15368829 0.15461347 0.20458171 0.25098279 0.12468066 0.84576111
 0.3577878 ]",[1.  0.5]
0,-0.15,-0.08,"[0.61567364 0.58885454 0.56866182 0.55412161 0.54458176 0.53963613
 0.03391212 0.02956768 0.02662919 0.02461032 0.02527537 0.02373806
 0.02254817 0.02163777 0.02096025 0.02048378 0.02018741 0.0200587
 0.02009237 0.02028978 0.0206591  0.0212161  0.02198589 0.02300585
 0.02433046 0.0260394  0.02446783 0.02640605 0.02953406 0.03381081
 0.3996687  0.35609622 0.3234386  0.29846907 0.27916513 0.26420452
 0.15566798 0.15377263 0.20887228 0.25317983 0.12400194 0.84783327
 0.3555003 ]",[1. 1.]
0,-0.15,-0.08,"[0.61405344 0.58739182 0.56732681 0.55289186 0.54344013 0.5385695
 0.03411511 0.02974283 0.02655665 0.02461228 0.02532507 0.0237844
 0.0225919  0.02167948 0.02100042 0.02052284 0.02022571 0.02009656
 0.0201301  0.02032769 0.02069749 0.02125531 0.02202627 0.02304783
 0.02437454 0.02608618 0.0244304  0.02650042 0.02939125 0.03355231
 0.40069399 0.35712224 0.32445327 0.29946943 0.28015251 0.26518232
 0.15751766 0.15274724 0.21178731 0.25537048 0.12332519 0.84990058
 0.3532196 ]",[1. 1.]
0,-0.15,-0.08,"[0.60996144 0.58403917 0.56459082 0.5506869  0.54170802 0.53727365
 0.03428835 0.0298907  0.02668328 0.02472829 0.02573931 0.02417543
 0.02296502 0.02203901 0.02135003 0.02086572 0.0205648  0.02043463
 0.02046986 0.02067195 0.02104923 0.02161782 0.02240338 0.02344406
 0.02479549 0.026539   0.02439427 0.02645065 0.02958647 0.03387525
 0.39770261 0.35517743 0.32321894 0.29874361 0.27980834 0.26513784
 0.15928809 0.15168858 0.20789562 0.25755475 0.12265041 0.85196303
 0.35094569]",[1. 1.]
0,-0.15,-0.08,"[0.60408666 0.57924058 0.56069364 0.54756949 0.53928841 0.53550138
 0.03359223 0.02934201 0.02621943 0.02448521 0.0271493  0.02541143
 0.02406476 0.02302973 0.02225183 0.02169373 0.02133047 0.02114664
 0.02113466 0.02129404 0.02163133 0.02216077 0.02290583 0.02390188
 0.02520061 0.02687742 0.02461749 0.02629415 0.02943971 0.03347684
 0.3932454  0.35224024 0.32132191 0.29759611 0.2792267  0.2650028
 0.1611472  0.15019495 0.2034927  0.25973267 0.12197759 0.8540206
 0.34867855]",[1. 1.]
0,-0.15,-0.08,"[0.59814442 0.57438637 0.55675496 0.54442661 0.53686125 0.53374175
 0.03254324 0.02866129 0.0241692  0.02419101 0.02707132 0.02645791
 0.02496163 0.02380695 0.02293084 0.02229002 0.02185522 0.02160771
 0.0215372  0.02164082 0.02192281 0.02239494 0.02307774 0.02400283
 0.02521669 0.02678702 0.02453134 0.0244921  0.02897944 0.03325585
 0.38884782 0.34934514 0.3194633  0.29648971 0.27869197 0.26492217
 0.16304416 0.14862841 0.19911821 0.26190424 0.12130673 0.8560733
 0.34641819]",[1. 1.]
0,-0.15,-0.08,"[0.59228664 0.56966932 0.55300451 0.5415231  0.53472648 0.53233125
 0.032351   0.02826936 0.02397599 0.02399407 0.02695834 0.02701804
 0.02545873 0.02425421 0.02333793 0.0226642  0.02220202 0.02193136
 0.02184095 0.02192711 0.02219334 0.02265073 0.02331907 0.02422907
 0.02542599 0.0269758  0.02458627 0.02454194 0.02903487 0.03334508
 0.38360673 0.34573428 0.31699086 0.29485165 0.27769291 0.2644334
 0.16491648 0.14731679 0.19106267 0.26406948 0.12063783 0.85812111
 0.34416457]",[1. 1.]
0,-0.15,-0.08,"[0.58608772 0.56475014 0.54917799 0.53866217 0.5327503  0.53119725
 0.03231166 0.02823187 0.02392592 0.02394641 0.02704581 0.02703335
 0.02549465 0.02430686 0.02340486 0.02274399 0.02229397 0.0220354
 0.02195752 0.02205715 0.02233836 0.02281289 0.02350134 0.0244355
 0.02566216 0.02724948 0.02454728 0.024492   0.02889297 0.0328153
 0.37721046 0.34119557 0.31376454 0.29259654 0.27618736 0.26353006
 0.16681962 0.14614876 0.17896696 0.2662284  0.11997088 0.86016404
 0.3419177 ]",[1. 1.]
0,-0.15,-0.08,"[0.58022919 0.56012406 0.5456114  0.53603865 0.53099758 0.53028017
 0.03242461 0.02832259 0.02395902 0.02398225 0.02717837 0.02647362
 0.02500077 0.02386518 0.02300545 0.02237943 0.02195869 0.02172517
 0.0216692  0.02178849 0.02208793 0.02258005 0.02328635 0.02423973
 0.02548849 0.02710298 0.02434344 0.02430086 0.02864375 0.0328617
 0.37111148 0.33684237 0.31065697 0.29041872 0.2747328  0.2626609
 0.16871256 0.14503646 0.1663709  0.26838102 0.11930588 0.86220208
 0.33967757]",[1. 1.]
0,-0.15,-0.08,"[0.57457713 0.55571522 0.54227967 0.53367385 0.52953379 0.52968939
 0.03277831 0.02860749 0.02412699 0.0241557  0.02709796 0.02536711
 0.02402593 0.02299529 0.02222099 0.02166589 0.02130521 0.02112363
 0.02111367 0.02127494 0.02161406 0.02214534 0.02289237 0.02389062
 0.02519199 0.02687212 0.0242923  0.02425977 0.0287832  0.03299299
 0.36478573 0.33226061 0.3073326  0.2880413  0.27309775 0.26163087
 0.17059431 0.14406756 0.15156222 0.27052734 0.11864283 0.86423523
 0.33744415]",[1. 1.]
0,-0.15,-0.08,"[0.56906255 0.55147307 0.53914911 0.53155011 0.52835723 0.52943977
 0.03332851 0.02906333 0.02435808 0.02438147 0.02694332 0.02528979
 0.02400962 0.02302929 0.02229837 0.0217824  0.02145863 0.02131344
 0.02134087 0.02154203 0.02192524 0.02250681 0.0233129  0.02438248
 0.0257724  0.02733588 0.02430267 0.02427592 0.02881053 0.03276983
 0.35819067 0.32742369 0.30377648 0.28545844 0.27128394 0.26044831
 0.17229348 0.14322027 0.13484321 0.27266738 0.11798171 0.86626347
 0.33521744]",[1. 1.]
0,-0.15,-0.08,"[0.56377957 0.54744196 0.53622031 0.52962807 0.52739063 0.52941662
 0.03398371 0.02960627 0.02641628 0.02471942 0.02646416 0.02490106
 0.02369243 0.02277055 0.0220889  0.02161586 0.0213308  0.0212218
 0.02128441 0.02152118 0.02194192 0.02256474 0.02341801 0.02454373
 0.02600307 0.02708771 0.02417069 0.02601533 0.02908921 0.03329077
 0.35185752 0.32276411 0.30034801 0.2829737  0.26955117 0.25933782
 0.17398421 0.14238127 0.11768398 0.27480114 0.11732253 0.8682868
 0.33299743]",[1. 1.]
0,-0.15,-0.08,"[0.5585115  0.54351335 0.53348262 0.52798944 0.52680654 0.52988572
 0.03474331 0.03022206 0.02693392 0.02512574 0.02622672 0.02475656
 0.02362257 0.02276317 0.02213607 0.02171273 0.02147493 0.02141282
 0.02152387 0.02181262 0.02229113 0.02298028 0.02391208 0.02513354
 0.02671316 0.02674233 0.02426398 0.02630194 0.02937197 0.03330618
 0.34492    0.31758857 0.29648244 0.28012163 0.26751329 0.2579787
 0.17563089 0.14169395 0.09694277 0.27692866 0.11666529 0.87030522
 0.33078411]",[1. 1.]
0,-0.15,-0.08,"[0.55280457 0.53913504 0.5302918  0.52589988 0.52577861 0.52992303
 0.03404202 0.02990969 0.02668169 0.02489347 0.02739119 0.02577094
 0.02451805 0.02356224 0.02285528 0.02236432 0.02206795 0.02195378
 0.02201714 0.02226062 0.02269431 0.02333686 0.02421752 0.02537962
 0.02688624 0.02708865 0.02431875 0.02618145 0.02921947 0.03344716
 0.33934362 0.31359383 0.29367399 0.27824009 0.26638512 0.2574875
 0.17740505 0.1402998  0.08220472 0.27904993 0.11600997 0.87231873
 0.32857746]",[1. 1.]
0,-0.15,-0.08,"[0.54730544 0.53499019 0.5273696  0.52412373 0.52511966 0.53039797
 0.03361014 0.0294744  0.0264907  0.02466192 0.0277158  0.02637049
 0.0250329  0.02400843 0.0232443  0.02270447 0.02236514 0.022212
 0.02223878 0.02244657 0.02284395 0.02344783 0.02428535 0.02539697
 0.02684172 0.02733988 0.02441097 0.02630109 0.02942582 0.03370104
 0.33368592 0.30950836 0.29078074 0.27628772 0.26520473 0.25696576
 0.17921248 0.13896764 0.06549639 0.28116496 0.11535658 0.87432732
 0.32637747]",[1. 1.]
0,-0.15,-0.08,"[0.54187393 0.53103721 0.52476772 0.52280473 0.52506816 0.53165042
 0.03358594 0.02929465 0.0262867  0.02455743 0.02768317 0.02663311
 0.02527516 0.02423462 0.02345777 0.02290788 0.02256068 0.02240151
 0.02242385 0.02262861 0.02302422 0.02362754 0.02446561 0.02557884
 0.02702618 0.02737223 0.02452728 0.02624446 0.0293328  0.03328417
 0.32732093 0.30483016 0.28739661 0.27393552 0.26370721 0.25620377
 0.18107811 0.1377937  0.04395096 0.28327378 0.11470511 0.87633099
 0.32418415]",[1. 1.]
0,-0.15,-0.08,"[0.53690283 0.52749486 0.5225457  0.52185112 0.52538285 0.53328567
 0.03362176 0.0293288  0.02619503 0.02450053 0.0276378  0.02641426
 0.02505723 0.02401673 0.02323885 0.02268671 0.02233586 0.02217148
 0.02218684 0.02238256 0.0227667  0.02335558 0.02417554 0.02526601
 0.0266845  0.0274173  0.0244031  0.02611343 0.02920365 0.03345732
 0.32150477 0.30057011 0.28434449 0.27185769 0.26244563 0.25565296
 0.18295544 0.1366067  0.0225303  0.28537639 0.11405556 0.87832973
 0.32199746]",[1. 1.]
0,-0.15,-0.08,"[ 0.53217243  0.52429742  0.52078399  0.5214881   0.52643843  0.53583925
  0.03367025  0.02935852  0.02621282  0.02451964  0.02758679  0.02590477
  0.02460277  0.02360636  0.02286445  0.02234215  0.02201649  0.02187376
  0.02190814  0.022121    0.02252115  0.02312567  0.02396178  0.02507004
  0.02650958  0.02728923  0.02432301  0.02611548  0.02921364  0.03345142
  0.31528731  0.29596859  0.28101255  0.26956129  0.26102611  0.25500497
  0.18488957  0.13554361 -0.00311961  0.28747281  0.11340792  0.88032354
  0.31981741]",[1. 1.]
0,-0.15,-0.08,"[ 0.52785083  0.52157234  0.5195756   0.52177912  0.52827287  0.53932737
  0.03374544  0.02939794  0.02622987  0.02461273  0.02668     0.02511619
  0.02390737  0.02298614  0.02230621  0.02183611  0.02155538  0.0214523
  0.02152268  0.02176936  0.0222026   0.02284108  0.02371394  0.02486431
  0.026355    0.02704524  0.02427543  0.02594401  0.02893801  0.03283555
  0.30902841  0.29131812  0.27764199  0.26724758  0.25961824  0.25440388
  0.18686453  0.13456568 -0.03183577  0.28956304  0.11276219  0.88231242
  0.31764398]",[1. 1.]
0,-0.15,-0.08,"[ 0.52461237  0.51958878  0.51879793  0.5222076   0.52995752  0.54237359
  0.03367384  0.0293293   0.02459305  0.02462631  0.02625687  0.02473939
  0.02356711  0.0226752   0.02201917  0.0215688   0.02130458  0.0212155
  0.02129793  0.02155523  0.02199811  0.02264572  0.02352779  0.0246882
  0.02619082  0.02696151  0.02417577  0.02585986  0.02889501  0.03277519
  0.30467082  0.2881468   0.27542644  0.26583152  0.25889692  0.25431042
  0.18877578  0.13358695 -0.05409754  0.2916471   0.11211837  0.88429636
  0.31547717]",[1.  0.5]
0,-0.15,-0.08,"[ 0.52226915  0.51813975  0.51821477  0.52249726  0.53116337  0.5445804
  0.03355865  0.02923217  0.02457319  0.02460956  0.0263276   0.02480241
  0.02362405  0.02272727  0.02206725  0.0216136   0.02134663  0.02125523
  0.02133565  0.02159118  0.02203245  0.02267854  0.02355908  0.02471781
  0.02621844  0.02697838  0.02413089  0.02581407  0.0288476   0.03284648
  0.30202359  0.28629686  0.27422552  0.26517963  0.25872809  0.25458408
  0.19066847  0.13264598 -0.06952432  0.29372501  0.11147645  0.88627537
  0.31331695]",[1.  0.5]
0,-0.15,-0.08,"[ 0.52048477  0.51703835  0.51777869  0.52273595  0.53211474  0.5463152
  0.03345764  0.0291487   0.02455782  0.02459531  0.02652161  0.02497778
  0.02378476  0.02287631  0.02220691  0.02174569  0.0214726   0.02137626
  0.02145273  0.02170513  0.02214396  0.02278816  0.02366724  0.02482474
  0.02632414  0.02700886  0.02402198  0.02572424  0.02875779  0.03290277
  0.30022443  0.28508364  0.27349297  0.26485712  0.25876963  0.25496238
  0.1925871   0.13181276 -0.08175203  0.29579676  0.11083642  0.88824943
  0.31116333]",[1.  0.5]
0,-0.15,-0.08,"[ 0.5187775   0.51602614  0.51744802  0.5231011   0.53321965  0.54823854
  0.03339278  0.02913808  0.0245538   0.02459195  0.02632317  0.02477445
  0.02357712  0.02266425  0.02198988  0.02152277  0.02124257  0.02113757
  0.02120348  0.02144298  0.02186603  0.02249083  0.02334588  0.02447335
  0.02593465  0.02707309  0.02407783  0.02574045  0.02878174  0.03293872
  0.29846633  0.28390906  0.27280004  0.26457767  0.25885965  0.25539636
  0.19452297  0.13096471 -0.0942517   0.29786239  0.1101983   0.89021854
  0.30901629]",[1.  0.5]
0,-0.15,-0.08,"[ 0.51731446  0.5152136   0.51727771  0.52359103  0.53441633  0.5502223
  0.03333744  0.02921158  0.02454155  0.02457881  0.02622514  0.0246584
  0.02344644  0.02252086  0.02183471  0.021356    0.02106378  0.02094582
  0.02099728  0.02122028  0.02162403  0.02222587  0.02305309  0.02414619
  0.02556419  0.02716607  0.02416124  0.02580271  0.02882779  0.03300216
  0.29684983  0.28282897  0.27216532  0.26432745  0.25895497  0.25581517
  0.19645175  0.13020446 -0.106715    0.29992189  0.10956206  0.89218271
  0.30687582]",[1.  0.5]
0,-0.15,-0.08,"[ 0.51626221  0.51466282  0.51722484  0.52405298  0.53543247  0.55185899
  0.03328509  0.02927655  0.02454886  0.02458498  0.02633407  0.02474733
  0.02351953  0.02258103  0.02188398  0.02139579  0.02109504  0.02096912
  0.02101288  0.02122809  0.02162365  0.02221651  0.02303348  0.02411439
  0.02551731  0.02721837  0.02423391  0.0259665   0.02882151  0.03300178
  0.29564143  0.2820267   0.271702    0.2641583   0.25905156  0.25616187
  0.19840685  0.12962607 -0.11779595  0.30197528  0.10892771  0.89414193
  0.30474191]",[1.  0.5]
0,-0.15,-0.08,"[ 0.51534359  0.51421573  0.51724829  0.52456538  0.5364738   0.5534954
  0.03320139  0.02928187  0.02452494  0.02456488  0.02633016  0.0247358
  0.02350193  0.02255829  0.0218567   0.02136425  0.02105932  0.02092912
  0.0209683   0.02117846  0.0215683   0.02215447  0.02296345  0.02403459
  0.02542528  0.0272194   0.02431135  0.02428895  0.02899356  0.03296013
  0.29452416  0.28128601  0.27127693  0.26400828  0.25915107  0.25649721
  0.20049391  0.12909848 -0.12898698  0.30402257  0.10829525  0.89609619
  0.30261456]",[1.  0.5]
0,-0.15,-0.08,"[ 0.51475381  0.51391058  0.51722772  0.52484112  0.53707078  0.55445463
  0.03304804  0.02913704  0.02449483  0.02453956  0.02665663  0.02504702
  0.02380145  0.02284915  0.02214153  0.02164546  0.02133918  0.02120983
  0.02125212  0.02146778  0.0218657   0.02246293  0.02328646  0.0243764
  0.02579124  0.02723751  0.02413504  0.02412184  0.02877312  0.0329401
  0.29393815  0.2809212   0.27109842  0.26399307  0.25928496  0.25677299
  0.20260772  0.128719   -0.13759128  0.30606377  0.10766467  0.8980455
  0.30049375]",[1.  0.5]
0,-0.15,-0.08,"[ 0.51423028  0.5135976   0.51712494  0.52495695  0.5374234   0.55507419
  0.032996    0.02904978  0.02446651  0.02451026  0.02688913  0.02524225
  0.0239673   0.02299115  0.02226365  0.02175052  0.02142917  0.02128606
  0.02131532  0.02151816  0.02190294  0.02248608  0.02329378  0.02436517
  0.02575723  0.02732531  0.02414455  0.02412962  0.02877227  0.03295003
  0.2936275   0.28076778  0.27107819  0.26409045  0.25949067  0.25708283
  0.20466586  0.12833857 -0.14448377  0.3080989   0.10703596  0.89998986
  0.29837947]",[1.  0.5]
0,-0.15,-0.08,"[ 0.51365232  0.51328037  0.51706907  0.52517395  0.53793709  0.55592349
  0.0329029   0.02891363  0.02437767  0.02441819  0.02696388  0.02526563
  0.02395003  0.02294022  0.0221835   0.0216438   0.02129715  0.02112885
  0.02113201  0.02130674  0.02166023  0.02220747  0.02297284  0.02399292
  0.02532114  0.02703546  0.0241909   0.02416912  0.02878293  0.03298221
  0.29318816  0.28052466  0.27100139  0.26416053  0.25969596  0.25741793
  0.20676635  0.12792299 -0.15222054  0.31012797  0.10640913  0.90192925
  0.29627172]",[1.  0.5]
0,-0.15,-0.08,"[ 0.51321202  0.51309168  0.51713408  0.52550534  0.5385596   0.55687681
  0.03294476  0.02876156  0.02420083  0.02422718  0.02718617  0.02543024
  0.02406941  0.02302277  0.02223493  0.02166791  0.02129629  0.02110426
  0.0210839   0.02123438  0.02156187  0.02208019  0.02281223  0.02379261
  0.02507197  0.02672413  0.02426947  0.02423868  0.0287758   0.03299092
  0.29265813  0.28018751  0.27082766  0.26413083  0.25979846  0.25764686
  0.20886531  0.12762371 -0.16084146  0.31215098  0.10578417  0.90386369
  0.29417048]",[1.  0.5]
0,-0.15,-0.08,"[ 0.5129994   0.51295336  0.51707009  0.52551884  0.53865726  0.55706969
  0.03268332  0.02853997  0.02401969  0.02403809  0.02731309  0.02597251
  0.02456131  0.02347482  0.02265506  0.02206226  0.02166972  0.02146067
  0.02142648  0.02156575  0.0218842   0.02239521  0.02312127  0.02409649
  0.02537087  0.02701725  0.02428715  0.02425036  0.02867836  0.03288793
  0.29260073  0.28018262  0.27086773  0.26421111  0.25991631  0.25780136
  0.21096186  0.12744982 -0.16677133  0.31416795  0.10516107  0.90579316
  0.29207575]",[1.  0.5]
0,-0.15,-0.08,"[ 0.51292578  0.51293265  0.51710298  0.52560826  0.53880873  0.5572919
  0.03275808  0.0286006   0.02406857  0.02408839  0.0273556   0.02594447
  0.02454541  0.0234688   0.02265743  0.02207206  0.02168638  0.02148395
  0.02145643  0.02160269  0.02192872  0.02244825  0.0231842   0.02417124
  0.02546017  0.02712501  0.02429651  0.02426112  0.02868826  0.03289417
  0.29247291  0.28009584  0.27081573  0.26418971  0.25992296  0.25783477
  0.21298699  0.12740286 -0.17325899  0.31617889  0.10453984  0.90771767
  0.28998752]",[1.  0.5]
0,-0.15,-0.08,"[ 0.51288854  0.51291435  0.51710378  0.52562912  0.53885152  0.55735965
  0.03289238  0.02870899  0.02415511  0.02417954  0.02719104  0.02544841
  0.02409803  0.02306006  0.02227978  0.02171973  0.02135487  0.02116969
  0.02115657  0.02131498  0.02165142  0.0221801   0.02292443  0.02391973
  0.02521763  0.02689341  0.02429938  0.02426578  0.02870224  0.03290058
  0.29243975  0.28007683  0.27080875  0.26419341  0.25993651  0.25785781
  0.21504173  0.12737495 -0.17923123  0.31818382  0.10392046  0.90963722
  0.28790577]",[1.  0.5]
0,-0.15,-0.08,"[ 0.51283663  0.51281213  0.51694961  0.52541917  0.53857944  0.55701588
  0.0329302   0.02873763  0.02421852  0.02424605  0.02697557  0.02525962
  0.02393007  0.02290871  0.02214194  0.02159306  0.02123759  0.02106046
  0.02105437  0.02121908  0.02156136  0.02209567  0.02284576  0.02384732
  0.02515251  0.02683744  0.0243102   0.02427733  0.02871128  0.03290638
  0.29269895  0.28029119  0.27098569  0.26433811  0.26005253  0.2579474
  0.21708724  0.12729787 -0.18321553  0.32018274  0.10330294  0.9115518
  0.28583051]",[1.  0.5]
0,-0.15,-0.08,"[ 0.51278479  0.51270308  0.51678155  0.52518784  0.5382777   0.55663298
  0.03282429  0.02892914  0.02434682  0.02438368  0.02687897  0.02517979
  0.02386338  0.02285263  0.02209469  0.02155337  0.02120459  0.02103357
  0.02103328  0.02120371  0.02155186  0.02209248  0.02284963  0.02385943
  0.02517468  0.02687237  0.02432064  0.02428787  0.02874174  0.03285816
  0.29298729  0.28052868  0.27118073  0.26449658  0.26017843  0.25804324
  0.2191559   0.12721667 -0.18705087  0.32217566  0.10268728  0.91346141
  0.28376171]",[1.  0.5]
0,-0.15,-0.08,"[ 0.51272745  0.51258951  0.51660997  0.52495403  0.53797463  0.55625006
  0.03305377  0.02885199  0.02428919  0.024321    0.02701331  0.02529418
  0.02396215  0.02293885  0.02217057  0.02162051  0.02126415  0.02108637
  0.02107985  0.02124433  0.02158657  0.02212104  0.02287146  0.02387355
  0.0251795   0.02686542  0.02441686  0.0243743   0.02890147  0.0328418
  0.29327968  0.28077059  0.27138054  0.26466018  0.26030983  0.258145
  0.22131865  0.12712971 -0.1910562   0.3241626   0.10207346  0.91536606
  0.28169938]",[1.  0.5]
0,-0.15,-0.08,"[ 0.51279524  0.51247013  0.51629974  0.5244413   0.53723858  0.55525846
  0.03249273  0.02834884  0.02416813  0.02421003  0.02752528  0.02579888
  0.02446159  0.02343549  0.02266716  0.02212006  0.0217699   0.02160186
  0.02160905  0.02179175  0.0221575   0.02272179  0.02350981  0.0245593
  0.02592535  0.02747396  0.02419251  0.02415122  0.02833196  0.03236029
  0.29397088  0.28130506  0.27178345  0.26494867  0.26049512  0.2582336
  0.2235302   0.12709333 -0.19279462  0.32614357  0.10146148  0.91726573
  0.27964349]",[1. 0.]
0,-0.15,-0.08,"[ 0.51288604  0.5123132   0.51589065  0.52376512  0.53626834  0.55395229
  0.03257244  0.02841522  0.02409539  0.02413023  0.02760238  0.02596656
  0.02462591  0.02359757  0.0228281   0.02228096  0.02193188  0.02176611
  0.02177685  0.02196453  0.02233689  0.02290972  0.02370861  0.0247719
  0.02615551  0.02745254  0.02408854  0.024049    0.02820412  0.03231524
  0.29491172  0.28203573  0.27233802  0.26535048  0.2607595   0.25836953
  0.22566531  0.12703322 -0.19282741  0.32811857  0.10085135  0.91916044
  0.27759406]",[1. 0.]
0,-0.15,-0.08,"[ 0.51300556  0.51215081  0.51544204  0.52301409  0.53518516  0.55249051
  0.0324495   0.02849496  0.0242298   0.02427828  0.0273982   0.02568235
  0.02435328  0.02333362  0.02257033  0.02202714  0.02167992  0.02151401
  0.0215226   0.02170602  0.02207184  0.02263556  0.02342237  0.02446995
  0.02583337  0.0274653   0.02406858  0.02403148  0.02828893  0.03241312
  0.29600173  0.28288342  0.27298316  0.2658203   0.26107197  0.25853535
  0.22776046  0.12696292 -0.19192921  0.33008762  0.10024306  0.92105018
  0.27555106]",[1. 0.]
0,-0.15,-0.08,"[ 0.51294668  0.51201516  0.51522781  0.52271621  0.53479485  0.55199437
  0.03264559  0.02848552  0.02410542  0.02413761  0.02748414  0.02574765
  0.02440234  0.02336944  0.02259497  0.02204197  0.02168581  0.02151143
  0.02151164  0.02168646  0.02204308  0.0225966   0.02337166  0.02440525
  0.02575142  0.02748901  0.02413621  0.02409758  0.0283385   0.03247521
  0.29641104  0.28322119  0.2732616   0.26604797  0.26125477  0.25867709
  0.22976568  0.12684902 -0.19486167  0.33205074  0.0996366   0.92293494
  0.27351449]",[1.  0.5]
0,-0.15,-0.08,"[ 0.51289411  0.51187876  0.51500575  0.52240311  0.5343813   0.55146595
  0.03281395  0.02863687  0.02411733  0.02414239  0.02727453  0.02553862
  0.02419359  0.0231603   0.02238449  0.02182904  0.02146915  0.02128957
  0.02128291  0.02144889  0.02179433  0.02233385  0.02309139  0.024103
  0.02542136  0.02712331  0.02424253  0.02420462  0.02850314  0.03266807
  0.29684828  0.28358048  0.27355624  0.26628729  0.26144515  0.25882264
  0.23171636  0.12673473 -0.19749266  0.33400793  0.09903197  0.92481474
  0.27148435]",[1.  0.5]
0,-0.15,-0.08,"[ 0.5129719   0.51179004  0.51474853  0.52196845  0.53375238  0.55061629
  0.03298769  0.02877554  0.02421775  0.02424686  0.02674864  0.02508296
  0.02379291  0.02280369  0.022064    0.02153875  0.02120469  0.02104771
  0.02106136  0.0212462   0.02160985  0.02216775  0.02294486  0.0239785
  0.02532317  0.02705842  0.02425765  0.02422187  0.02862104  0.03260773
  0.29751723  0.28410305  0.27395687  0.26658276  0.26164664  0.25893689
  0.23374434  0.12668483 -0.19909795  0.33595919  0.09842917  0.92668956
  0.26946062]",[1.  0.5]
0,-0.15,-0.08,"[ 0.51293809  0.51165474  0.51450999  0.52162064  0.53328445  0.55001147
  0.03306211  0.02883148  0.0242927   0.02432516  0.02672006  0.02508297
  0.02381558  0.02284519  0.02212193  0.02161172  0.02129208  0.02114957
  0.02117833  0.02137953  0.02176149  0.02234049  0.02314257  0.02420654
  0.025589    0.02732836  0.02425325  0.02422467  0.02877039  0.03277114
  0.2980263   0.28451772  0.27429333  0.2668523   0.26185697  0.25909294
  0.23575896  0.12656991 -0.20147875  0.33790456  0.0978282   0.92855941
  0.26744329]",[1.  0.5]
0,-0.15,-0.08,"[ 0.5128986   0.51151573  0.51426975  0.52127329  0.5328194   0.54941233
  0.03310348  0.02885944  0.02435326  0.02438864  0.02691879  0.02529477
  0.02403808  0.02307737  0.02236363  0.02186347  0.02155494  0.02142511
  0.02146864  0.02168732  0.02209019  0.02269449  0.02352754  0.02462995
  0.02606088  0.02723387  0.02410465  0.02409081  0.02869196  0.03284701
  0.29853848  0.28493633  0.2746345   0.26712731  0.26207353  0.25925605
  0.23775315  0.12644846 -0.20378228  0.33984402  0.09722904  0.93042429
  0.26543236]",[1.  0.5]
0,-0.15,-0.08,"[ 0.51275315  0.51133434  0.51405078  0.52101353  0.53251385  0.54905376
  0.03309633  0.0288515   0.02439015  0.0244283   0.02680753  0.02519837
  0.02395339  0.02300212  0.02229618  0.02180259  0.02149974  0.02137493
  0.02142305  0.02164606  0.02205319  0.02266188  0.02349971  0.0246076
  0.02604519  0.02720264  0.02406397  0.02405315  0.02868594  0.03283758
  0.29887751  0.2852342   0.2748988   0.26736359  0.26228589  0.25944744
  0.23980615  0.12627283 -0.20711956  0.3417776   0.09663171  0.93228419
  0.26342783]",[1.  0.5]
0,-0.15,-0.08,"[ 0.51260271  0.51112927  0.51378915  0.52069109  0.53212367  0.54858561
  0.03308366  0.02885248  0.02439413  0.02443066  0.02666975  0.02504648
  0.02379002  0.02282863  0.02211304  0.02160966  0.02129633  0.02115989
  0.02119475  0.02140233  0.02179119  0.02237796  0.02318908  0.02426391
  0.02565986  0.02728597  0.02411342  0.02572761  0.02878032  0.03295606
  0.2993124   0.28561015  0.27522649  0.26765073  0.26253803  0.2596685
  0.2418455   0.12607591 -0.20981949  0.34370531  0.09603619  0.93413912
  0.26142968]",[1.  0.5]
0,-0.15,-0.08,"[ 0.51254454  0.51096938  0.51352581  0.52031832  0.53163067  0.54795572
  0.03308477  0.02896518  0.02439855  0.02443195  0.02664594  0.02499439
  0.02371542  0.0227351   0.02200274  0.02148366  0.02115492  0.02100263
  0.02102055  0.02120942  0.02157702  0.02213897  0.02292045  0.02395909
  0.02530978  0.02705268  0.02421152  0.02585362  0.02892971  0.03313951
  0.29986823  0.28606792  0.27560331  0.2679586   0.26278523  0.25986045
  0.24384958  0.12592924 -0.21185678  0.34562716  0.09544248  0.93598909
  0.2594379 ]",[1.  0.5]
0,-0.15,-0.08,"[ 0.51248646  0.51081335  0.51327024  0.5199575   0.5311543   0.54734786
  0.03299393  0.02898018  0.02437094  0.02440295  0.02658201  0.0249062
  0.02360797  0.0226114   0.02186448  0.02133158  0.020989    0.02082226
  0.02082449  0.02099578  0.02134319  0.02188142  0.02263446  0.02363828
  0.02494543  0.02663259  0.02432979  0.02430278  0.02886451  0.03307669
  0.30041145  0.28651593  0.2759728   0.26826127  0.26302919  0.26005101
  0.24595781  0.12578355 -0.21426575  0.34754315  0.09485058  0.93783407
  0.2574525 ]",[1.  0.5]
0,-0.15,-0.08,"[ 0.5124449   0.51066235  0.51300829  0.51957852  0.53064711  0.54669504
  0.03284675  0.02893451  0.02433032  0.02436444  0.02668726  0.02498623
  0.02366819  0.02265551  0.02189498  0.02135017  0.02099676  0.02081977
  0.02081189  0.02097282  0.02130917  0.02183514  0.02257409  0.02356116
  0.0248477   0.02650861  0.0244356   0.02439767  0.02908388  0.03295501
  0.3009976   0.28699624  0.2763658   0.26857995  0.26328248  0.26024476
  0.24810577  0.12564135 -0.21657186  0.3494533   0.09426048  0.93967409
  0.25547346]",[1.  0.5]
0,-0.15,-0.08,"[ 0.51241659  0.51051718  0.51274486  0.51919061  0.53012306  0.54601659
  0.03276723  0.02889233  0.02432143  0.0243581   0.02698029  0.02526088
  0.02392861  0.02290501  0.02213631  0.02158568  0.02122855  0.02104977
  0.02104197  0.02120485  0.02154509  0.02207708  0.02282442  0.02382267
  0.02512375  0.02680344  0.02440724  0.02437251  0.02896905  0.03316428
  0.30161216  0.2874978   0.27677418  0.26890902  0.26354177  0.26044047
  0.25020511  0.12550235 -0.21861683  0.35135761  0.09367219  0.94150914
  0.25350078]",[1.  0.5]
0,-0.15,-0.08,"[ 0.51239741  0.51037624  0.51248093  0.5187974   0.52958866  0.54532227
  0.03273798  0.02878519  0.02432973  0.024372    0.02716984  0.02545625
  0.02412874  0.02310966  0.0223458   0.02180073  0.02145021  0.0212794
  0.02128128  0.02145593  0.02181053  0.0223601   0.02312911  0.02415431
  0.02548936  0.02721253  0.02422749  0.02419989  0.02872736  0.03291929
  0.3022485   0.28801602  0.27719508  0.26924712  0.26380706  0.26063942
  0.25236321  0.12536434 -0.22073853  0.35325611  0.09308569  0.94333921
  0.25153444]",[1.  0.5]
0,-0.15,-0.08,"[ 0.51234522  0.51019625  0.51217171  0.51835222  0.5289949   0.54456015
  0.03262328  0.02861044  0.02421957  0.02425847  0.02742268  0.02567206
  0.02431557  0.02327322  0.02249019  0.02192895  0.02156444  0.02138118
  0.02137163  0.02153541  0.02187923  0.02241763  0.02317449  0.02418577
  0.02550406  0.02720602  0.02419546  0.02416425  0.02861534  0.03279965
  0.30296332  0.28860389  0.27767859  0.26964209  0.26412445  0.26088647
  0.25450479  0.12518356 -0.22230384  0.35514879  0.09250099  0.94516432
  0.24957446]",[1.  0.5]
0,-0.15,-0.08,"[ 0.51229525  0.51004576  0.51191961  0.51799322  0.52851911  0.54395207
  0.03264173  0.02857114  0.02418738  0.02422366  0.02746065  0.02583438
  0.02446626  0.0234148   0.02262465  0.02205789  0.02168918  0.02150289
  0.02149133  0.02165403  0.02199768  0.02253679  0.02329526  0.0243091
  0.02563095  0.0273376   0.02417307  0.02414221  0.02857707  0.03275701
  0.30354275  0.28908214  0.27807374  0.26996687  0.2643877   0.26109407
  0.25655125  0.12502964 -0.22443292  0.35703568  0.09191808  0.94698445
  0.24762081]",[1.  0.5]
0,-0.15,-0.08,"[ 0.5122492   0.50989564  0.51166438  0.51762758  0.52803295  0.54332956
  0.03275919  0.02859244  0.02417871  0.02421077  0.02746484  0.02595418
  0.02458079  0.02352533  0.02273228  0.02216357  0.02179382  0.02160732
  0.02159638  0.02176058  0.02210664  0.02264919  0.02341229  0.02443217
  0.02576182  0.0274785   0.02416532  0.02413589  0.02858775  0.03276858
  0.30414225  0.28957642  0.27848168  0.27030174  0.2646587   0.26130732
  0.25854725  0.12487339 -0.22631486  0.35891677  0.09133696  0.94879962
  0.24567349]",[1.  0.5]
0,-0.15,-0.08,"[ 0.5121251   0.50969855  0.5113929   0.51727725  0.52759594  0.5427939
  0.03262444  0.02847904  0.0240392   0.02406448  0.02740939  0.02593472
  0.02454882  0.02348301  0.0226809   0.02210388  0.02172607  0.0215314
  0.02151185  0.02166663  0.02200208  0.02253235  0.02328089  0.0242831
  0.02559079  0.02727949  0.02419753  0.02416294  0.02856403  0.03274704
  0.30467568  0.29003001  0.27887011  0.27063548  0.26494522  0.26155181
  0.26061894  0.12467037 -0.2286759   0.36079209  0.09075763  0.95060982
  0.2437325 ]",[1.  0.5]
0,-0.15,-0.08,"[ 0.51198896  0.50958184  0.51129462  0.51719716  0.52753458  0.54275272
  0.03287892  0.02869315  0.02415984  0.02418637  0.02712838  0.02540239
  0.02406505  0.02303769  0.0222664   0.02171424  0.02135659  0.02117829
  0.02117199  0.02133745  0.02168144  0.02221854  0.02297258  0.02397945
  0.02529159  0.0269855   0.02423402  0.02420391  0.0286974   0.03289085
  0.30473446  0.29009984  0.27894947  0.27072355  0.26504173  0.26165689
  0.26255698  0.12455519 -0.23343046  0.36266163  0.09018007  0.95241505
  0.24179784]",[1.  0.5]
0,-0.15,-0.08,"[ 0.51195097  0.50942252  0.51101309  0.51678752  0.52698541  0.54204597
  0.03289701  0.02870734  0.02421377  0.02424322  0.02688305  0.0251772
  0.02385553  0.02284042  0.02207869  0.02153391  0.0211818   0.02100744
  0.02100366  0.02117029  0.0215142   0.02204993  0.02280129  0.02380409
  0.02511062  0.02679719  0.02433125  0.02429437  0.02875449  0.03277333
  0.30542716  0.29066923  0.27941775  0.27110631  0.26534978  0.26189743
  0.2645802   0.12438384 -0.23488695  0.36452542  0.0896043   0.95421531
  0.23986948]",[1.  0.5]
0,-0.15,-0.08,"[ 0.51193614  0.50927247  0.51072717  0.51635954  0.52640307  0.54128965
  0.03295553  0.02875294  0.02428066  0.0243123   0.02687397  0.02518641
  0.02387917  0.02287602  0.02212472  0.02158949  0.02124658  0.02108146
  0.02108737  0.02126454  0.02162026  0.02216962  0.02293711  0.02395947
  0.02529035  0.02700801  0.0243845   0.02435027  0.02894358  0.03295742
  0.30617651  0.29128156  0.27991778  0.27151135  0.26567179  0.26214432
  0.2665688   0.1242162  -0.23597081  0.36638346  0.0890303   0.95601061
  0.23794744]",[1.  0.5]
0,-0.15,-0.08,"[ 0.51194911  0.50913587  0.51044069  0.51591675  0.52579084  0.54048686
  0.03280741  0.02866656  0.02430956  0.02435004  0.02684564  0.02519098
  0.02390977  0.02292825  0.0221958   0.02167784  0.02135148  0.02120299
  0.02122627  0.02142227  0.02179907  0.02237272  0.02316897  0.02422623
  0.02560058  0.02736589  0.02417988  0.02415655  0.02870605  0.03287764
  0.30698244  0.29193626  0.2804486   0.27193737  0.26600617  0.26239575
  0.26869433  0.12405503 -0.23724017  0.36823576  0.08845808  0.95780094
  0.23603171]",[1.  0.5]
0,-0.15,-0.08,"[ 0.5119616   0.50895151  0.51005931  0.51533013  0.524982    0.53942838
  0.03272434  0.02868813  0.02430644  0.02434775  0.02686127  0.02519408
  0.02390295  0.0229132   0.02217358  0.02164907  0.02131647  0.02116173
  0.02117851  0.0213675   0.02173647  0.02230112  0.02308673  0.02413109
  0.02548936  0.02724208  0.02416811  0.02414509  0.02870576  0.03288289
  0.30806815  0.29282025  0.2811676   0.27251705  0.26646429  0.26274405
  0.27072673  0.12383017 -0.23662593  0.37008233  0.08788762  0.95958631
  0.23412227]",[1.  0.5]
0,-0.15,-0.08,"[ 0.51195004  0.5087735   0.50971475  0.51481214  0.52427631  0.53851196
  0.0326841   0.02878487  0.02429996  0.02433953  0.02693292  0.02523001
  0.02391071  0.02289772  0.02213807  0.0215955   0.02124586  0.02107433
  0.02107386  0.02124444  0.02159308  0.02213454  0.02289291  0.02390438
  0.02522183  0.02692236  0.02421311  0.02418905  0.02878605  0.03298844
  0.30903042  0.29360834  0.28181351  0.27304321  0.26688627  0.26307227
  0.27271578  0.1236106  -0.23658409  0.37192318  0.08731893  0.96136672
  0.23221914]",[1.  0.5]
0,-0.15,-0.08,"[ 0.51191197  0.50860011  0.5094059   0.51436217  0.52367356  0.53773766
  0.03308142  0.02888054  0.02423444  0.02425558  0.02726402  0.02550336
  0.02413888  0.02308944  0.02229952  0.02173103  0.0213585   0.02116607
  0.02114581  0.0212969   0.02162553  0.02214556  0.02287997  0.02386348
  0.02514691  0.02680432  0.02430466  0.02428051  0.02893884  0.03317843
  0.30985945  0.29429237  0.28237942  0.27350988  0.2672669   0.26337579
  0.27463094  0.12339847 -0.23704496  0.37375832  0.08675201  0.96314217
  0.23032229]",[1.  0.5]
0,-0.15,-0.08,"[ 0.51205916  0.50852394  0.50910814  0.51383553  0.5229011   0.53669102
  0.03313695  0.02893275  0.02586001  0.02422881  0.02707877  0.0253191
  0.02395529  0.02290588  0.02211515  0.02154486  0.02116941  0.02097278
  0.02094688  0.02109064  0.02140995  0.02191827  0.02263802  0.02360313
  0.0248633   0.02649093  0.02436443  0.02433701  0.029001    0.03325338
  0.31099578  0.29520035  0.28310106  0.27407433  0.26769417  0.263679
  0.27664203  0.12324919 -0.23649174  0.37558777  0.08618684  0.96491265
  0.22843173]",[1.  0.5]
0,-0.15,-0.08,"[ 0.51219078  0.50846512  0.50886074  0.51339374  0.52225088  0.53580874
  0.03335536  0.02911424  0.0260158   0.02429367  0.02652701  0.02482638
  0.02350854  0.02249555  0.02173401  0.02118734  0.02083111  0.02065017
  0.02063707  0.02079128  0.02111913  0.02163447  0.02236012  0.0233305
  0.02459595  0.02622983  0.02438731  0.0260595   0.02907826  0.03333247
  0.31197886  0.29598649  0.28372676  0.27456495  0.26806711  0.26394573
  0.27863482  0.12311871 -0.2367671   0.37741152  0.08562344  0.96667818
  0.22654745]",[1.  0.5]
0,-0.15,-0.08,"[ 0.51220163  0.50832783  0.50857621  0.51295688  0.52165018  0.5350252
  0.03356662  0.02929055  0.02616772  0.02436473  0.0261724   0.02451527
  0.02323139  0.0222455   0.02150598  0.02097751  0.02063656  0.02046868
  0.02046697  0.02063135  0.0209686   0.02149297  0.0222278   0.02320813
  0.02448516  0.02613357  0.02441486  0.02625007  0.02917404  0.03343405
  0.31287014  0.2967165   0.28432584  0.27505435  0.26846167  0.26425545
  0.28058022  0.1229195  -0.23718136  0.3792296   0.08506178  0.96843876
  0.22466946]",[1.  0.5]
0,-0.15,-0.08,"[ 0.51222677  0.50818427  0.50826529  0.51247313  0.52098086  0.5341491
  0.03370096  0.0294014   0.02626943  0.02444913  0.02588295  0.02426089
  0.02300445  0.02204046  0.02131875  0.02080501  0.02047643  0.02031912
  0.02032662  0.02049923  0.02084406  0.02137574  0.022118    0.02310639
  0.02439284  0.02605311  0.02444715  0.02637731  0.02926093  0.03345574
  0.31388521  0.29754674  0.2850062   0.27560929  0.26890823  0.26460517
  0.28257145  0.12269914 -0.23712551  0.38104201  0.08450188  0.97019438
  0.22279774]",[1.  0.5]
0,-0.15,-0.08,"[ 0.51200312  0.50789853  0.50791615  0.51205669  0.52049042  0.53357458
  0.03377302  0.02947859  0.02634124  0.02451574  0.02620856  0.02453197
  0.0232328   0.02223433  0.02148399  0.02094578  0.02059565  0.02041873
  0.02040773  0.02056221  0.02088852  0.02140043  0.02212063  0.02308333
  0.0243385   0.02595906  0.02447249  0.02634888  0.02933162  0.03362157
  0.31455121  0.29812764  0.28551877  0.27606569  0.2693174   0.26497366
  0.28457254  0.12238269 -0.23853828  0.38284875  0.08394373  0.97194504
  0.22093229]",[1. 0.]
0,-0.15,-0.08,"[ 0.51164051  0.50758716  0.50765272  0.51183986  0.52032081  0.53345498
  0.03358755  0.0294526   0.02651885  0.0245194   0.02625312  0.0245783
  0.02328056  0.0222834   0.02153442  0.02099771  0.02064932  0.02047445
  0.02046592  0.02062338  0.02095329  0.02146959  0.0221952   0.02316461
  0.02442823  0.02605958  0.02449096  0.02641139  0.02956777  0.03389089
  0.31467752  0.29828558  0.28570326  0.27627383  0.26954785  0.26522626
  0.2864937   0.122095   -0.24237638  0.38464985  0.08338732  0.97369075
  0.21907311]",[1. 0.]
0,-0.15,-0.08,"[ 0.51117546  0.50725004  0.50743892  0.51174977  0.52036004  0.53363504
  0.03382622  0.02952851  0.02638827  0.02442228  0.02649645  0.02478973
  0.02346708  0.02245002  0.02168479  0.02113457  0.0207747   0.02058989
  0.02057251  0.02072186  0.02104408  0.02155273  0.02227034  0.02323087
  0.02448399  0.02610217  0.02458094  0.02650073  0.02967336  0.0340201
  0.31445254  0.29817041  0.2856783   0.27632619  0.26966938  0.26541243
  0.28847114  0.12181588 -0.24814728  0.38644531  0.08283266  0.97543151
  0.2172202 ]",[1. 0.]
0,-0.15,-0.08,"[ 0.51063473  0.50690105  0.50727623  0.51177553  0.5205843   0.534077
  0.03342891  0.02942427  0.026309    0.02447906  0.02692367  0.02515102
  0.02377699  0.02271875  0.02191966  0.02134086  0.02095622  0.02074931
  0.02071157  0.02084147  0.02114432  0.02163285  0.02232851  0.02326394
  0.02448694  0.02606719  0.02468341  0.02648734  0.02967177  0.03403804
  0.31393554  0.2978277   0.28547848  0.27624823  0.26969961  0.26554276
  0.29049463  0.12154733 -0.25556804  0.38823514  0.08227973  0.97716733
  0.21537355]",[1. 0.]
0,-0.15,-0.08,"[ 0.51065782  0.50681076  0.50707336  0.51145632  0.52014008  0.53349337
  0.03289566  0.02870978  0.02421805  0.02424499  0.02730896  0.0255639
  0.02421169  0.02317254  0.02239179  0.02183198  0.02146812  0.02128475
  0.02127432  0.02143641  0.02177767  0.02231253  0.02306471  0.02406992
  0.02538041  0.02707233  0.02443359  0.02439805  0.02898494  0.03309725
  0.3146041   0.29837281  0.28592333  0.27660902  0.26998763  0.26576558
  0.29279774  0.12140959 -0.25859398  0.39001934  0.08172854  0.97889819
  0.21353316]",[1. 0.]
0,-0.15,-0.08,"[ 0.5108629   0.5068146   0.50687895  0.51105859  0.51952542  0.53263826
  0.03278044  0.02858939  0.024207    0.02424314  0.02749813  0.02579833
  0.02448208  0.02347344  0.02272031  0.0221871   0.02185023  0.0216955
  0.02171657  0.02191429  0.02229681  0.02288042  0.02369128  0.02476847
  0.02616901  0.02738631  0.02419151  0.02415037  0.02838434  0.03226283
  0.31560665  0.29916543  0.28654522  0.27708732  0.27034089  0.266006
  0.29499508  0.12132224 -0.25983309  0.39179794  0.08117909  0.98062412
  0.21169903]",[1. 0.]
0,-0.15,-0.08,"[ 0.51133457  0.50691193  0.50660909  0.5104137   0.51848199  0.53115468
  0.0323705   0.02851183  0.02428156  0.02433504  0.02769644  0.02600026
  0.02468713  0.02368178  0.02293251  0.02240406  0.02207313  0.0219258
  0.02195602  0.02216504  0.02256147  0.02316223  0.02399432  0.02509804
  0.02653211  0.0273323   0.02405756  0.02401953  0.02809456  0.03218006
  0.31741775  0.30058535  0.28764761  0.27792297  0.27094451  0.26640027
  0.29701416  0.12122523 -0.2566409   0.39357092  0.08063137  0.98234508
  0.20987118]",[1. 0.]
0,-0.15,-0.08,"[ 0.51196403  0.50707563  0.50631771  0.50965942  0.51723769  0.52937124
  0.03260789  0.02844042  0.02415993  0.02419935  0.02767259  0.02596454
  0.02464197  0.02362862  0.0228722   0.02233698  0.02199931  0.02184496
  0.0218676   0.02206815  0.02245487  0.02304425  0.0238627   0.02494971
  0.02636286  0.0273778   0.02406594  0.02403216  0.02825905  0.03237126
  0.31972216  0.30239332  0.28905398  0.27899317  0.27172332  0.26691721
  0.29891474  0.12110215 -0.25085595  0.39533826  0.08008539  0.98406106
  0.20804962]",[1. 0.]
0,-0.15,-0.08,"[ 0.51250689  0.50721101  0.50605625  0.50899556  0.51614922  0.52781708
  0.03290305  0.02870287  0.02424982  0.02428337  0.02742083  0.02570716
  0.02437983  0.0233617   0.02259987  0.02205814  0.0217125   0.02154834
  0.02155892  0.02174468  0.02211325  0.02268029  0.02347113  0.02452369
  0.02589336  0.02745151  0.02412961  0.02410048  0.02850839  0.03266316
  0.32184332  0.30406754  0.29036804  0.28000703  0.2724782   0.26744053
  0.30078897  0.12094601 -0.24596367  0.39710002  0.07954113  0.9857721
  0.20623432]",[1. 0.]
0,-0.15,-0.08,"[ 0.51293572  0.50729561  0.50580635  0.50840722  0.51520454  0.52648245
  0.03299906  0.0287954   0.02422706  0.02425329  0.02714344  0.02542452
  0.02409277  0.02307009  0.02230295  0.02175471  0.02140096  0.02122669
  0.02122475  0.02139505  0.02174459  0.02228818  0.02304999  0.02406635
  0.02539032  0.02709935  0.02431362  0.0242758   0.02867831  0.03266698
  0.32374343  0.30557861  0.29156671  0.2809463   0.2731947   0.26795889
  0.30271165  0.12075493 -0.24232158  0.39885612  0.07899863  0.98747812
  0.20442536]",[1.  0.5]
0,-0.15,-0.08,"[ 0.5135035   0.50747873  0.50561741  0.50784362  0.51424825  0.52509827
  0.03300647  0.02879296  0.02422721  0.0242555   0.02688359  0.02520511
  0.02390507  0.02290795  0.02216197  0.02163172  0.02129369  0.0211336
  0.02114487  0.02132796  0.02169042  0.02224763  0.0230245   0.02405829
  0.02540343  0.02713935  0.02432223  0.02428409  0.02877348  0.03272353
  0.3258288   0.3072264   0.29286402  0.28195325  0.27395273  0.26849584
  0.30473825  0.12059926 -0.23857871  0.40060653  0.07845788  0.98917909
  0.20262277]",[1.  0.5]
0,-0.15,-0.08,"[ 0.51374785  0.50745873  0.50534123  0.50730891  0.51344206  0.52399586
  0.03285819  0.02866085  0.02417982  0.02421024  0.0272031   0.02551333
  0.02420469  0.02320143  0.02245161  0.0219197   0.02158215  0.02142472
  0.02144095  0.02163151  0.02200423  0.02257497  0.02336927  0.02442534
  0.02579892  0.0274146   0.02416752  0.02413975  0.02860305  0.03276543
  0.32749923  0.30857738  0.2939601   0.28283929  0.27466002  0.26904584
  0.30675546  0.12032634 -0.23632271  0.40235126  0.07791888  0.990875
  0.20082658]",[1.  0.5]
0,-0.15,-0.08,"[ 0.51398547  0.50743686  0.50506837  0.50678326  0.51265146  0.5229167
  0.03283257  0.02863716  0.02418232  0.02421583  0.02696435  0.0252945
  0.02400137  0.02301029  0.02227001  0.0217455   0.02141357  0.02126022
  0.02127916  0.02147116  0.02184414  0.02241396  0.02320615  0.02425886
  0.02562777  0.02739416  0.0241204   0.02409487  0.02857608  0.03273284
  0.3291815   0.30994028  0.29506872  0.28373887  0.27538213  0.26961222
  0.3087643   0.12004112 -0.23405634  0.40409044  0.0773816   0.99256597
  0.19903664]",[1.  0.5]
0,-0.15,-0.08,"[ 0.51411838  0.50735435  0.50477738  0.50628215  0.51192999  0.52195516
  0.03293386  0.02872692  0.02422596  0.02425914  0.02670209  0.02504513
  0.02376194  0.02277828  0.02204326  0.02152205  0.0211916   0.02103797
  0.02105485  0.02124293  0.02160996  0.02217155  0.02295284  0.02399143
  0.02534216  0.02708515  0.02413745  0.02411551  0.02868795  0.03286282
  0.33069359  0.31117715  0.296087    0.28457799  0.27606981  0.27016769
  0.31067089  0.11972813 -0.23208778  0.40582389  0.07684609  0.99425184
  0.19725313]",[1.  0.5]
0,-0.15,-0.08,"[ 0.51423923  0.50726228  0.50447952  0.50577713  0.51120799  0.52099704
  0.0330867   0.02886574  0.02428529  0.02431352  0.02663552  0.02496714
  0.02367484  0.02268337  0.02194117  0.02141293  0.02107524  0.02091379
  0.02092198  0.02110012  0.02145555  0.02200336  0.02276799  0.02378608
  0.02511113  0.02682121  0.02421202  0.0258243   0.02890166  0.03311436
  0.33223011  0.31243658  0.29712672  0.28543801  0.27677824  0.27074414
  0.31249268  0.11939813 -0.22970263  0.40755161  0.07631235  0.99593257
  0.1954761 ]",[1.  0.5]
0,-0.15,-0.08,"[ 0.51437139  0.50716579  0.50416243  0.50523836  0.51043743  0.51997467
  0.03308648  0.02887081  0.02429741  0.02432573  0.02640615  0.02473639
  0.02344276  0.02244947  0.02170459  0.02117255  0.02082966  0.0206614
  0.02066085  0.020828    0.02116971  0.02170045  0.02244384  0.02343534
  0.02472679  0.02639378  0.02432588  0.02429751  0.0288542   0.03306668
  0.33390836  0.3138128   0.29826386  0.28637995  0.27755583  0.27137892
  0.31446798  0.1190351  -0.22732039  0.40927358  0.07578039  0.99760815
  0.19370556]",[1.  0.5]
0,-0.15,-0.08,"[ 0.51459069  0.50713267  0.50388679  0.50472006  0.50966642  0.51893016
  0.03305196  0.02888964  0.02432707  0.02435727  0.02638127  0.02471397
  0.02342225  0.02243049  0.02168682  0.02115574  0.02081363  0.02064599
  0.02064593  0.02081344  0.02115543  0.02168636  0.02242986  0.02342143
  0.0247129   0.02637989  0.02445014  0.02441398  0.02914137  0.03305693
  0.3356996   0.31527188  0.29946044  0.28736238  0.27835802  0.27202446
  0.31645112  0.1186954  -0.22471439  0.41099004  0.07525013  0.99927881
  0.19194127]",[1.  0.5]
0,-0.15,-0.08,"[ 0.51482651  0.50710733  0.50361108  0.50419439  0.50888102  0.51786426
  0.0329309   0.02883784  0.02432542  0.02435864  0.02666706  0.024987
  0.02368549  0.02268646  0.02193778  0.02140376  0.02106066  0.02089396
  0.0208968   0.02106931  0.02141857  0.02195939  0.02271586  0.02372414
  0.02503703  0.02673158  0.02436611  0.02433835  0.02901101  0.03324324
  0.33758144  0.31680479  0.30071813  0.28839599  0.27920342  0.27270662
  0.31844936  0.11833862 -0.2218662   0.41270071  0.07472166  1.00094427
  0.19018352]",[1.  0.5]
0,-0.15,-0.08,"[ 0.51514221  0.50714407  0.50338145  0.50369988  0.50811233  0.51680051
  0.03272577  0.02875672  0.02432905  0.02437159  0.02680208  0.02514272
  0.02385773  0.02287291  0.02213734  0.02161623  0.02128653  0.02113434
  0.02115342  0.02134454  0.02171559  0.02228233  0.02307018  0.02411708
  0.0254784   0.02723499  0.02412732  0.02410699  0.02868705  0.03286026
  0.33954938  0.31839944  0.30201888  0.28945781  0.28006475  0.27339416
  0.32054023  0.11800627 -0.21928704  0.41440559  0.07419498  1.00260452
  0.18843234]",[1.  0.5]
0,-0.15,-0.08,"[ 0.51544287  0.50714222  0.50309109  0.5031229   0.50723897  0.51560857
  0.03263778  0.0287492   0.02431023  0.02435462  0.02689363  0.02521661
  0.02391773  0.02292161  0.02217656  0.02164723  0.02131015  0.0211511
  0.02116353  0.02134796  0.02171199  0.02227107  0.02305019  0.02408676
  0.02543539  0.02717578  0.02411715  0.02409352  0.02862722  0.03279711
  0.34179353  0.3202265   0.30351838  0.29069173  0.28107654  0.27421419
  0.32254262  0.11758533 -0.2151033   0.41610466  0.07367009  1.00425954
  0.18668776]",[1.  0.5]
0,-0.15,-0.08,"[ 0.51565592  0.50709862  0.50280289  0.50259192  0.5064571   0.51455722
  0.03260399  0.02872341  0.02429254  0.02433463  0.02719324  0.02548008
  0.02415292  0.02313421  0.02237078  0.02182625  0.0214764   0.02130643
  0.02130935  0.02148529  0.02184147  0.022393    0.02316444  0.02419267
  0.02553152  0.02725959  0.0241599   0.02413314  0.02864136  0.03282029
  0.34380015  0.321868    0.30487376  0.29181577  0.28200771  0.2749795
  0.32448098  0.11717069 -0.21168696  0.41779825  0.07314689  1.00590964
  0.18494943]",[1.  0.5]
0,-0.15,-0.08,"[ 0.51563145  0.50688791  0.50241364  0.5020243   0.50570405  0.51360391
  0.03254521  0.02870055  0.02424309  0.0242829   0.02731814  0.02555741
  0.0241929   0.0231436   0.02235404  0.02178619  0.02141463  0.02122354
  0.02120505  0.02135842  0.02168992  0.02221354  0.02295245  0.0239416
  0.02523214  0.02689866  0.02424765  0.02421347  0.02866592  0.03286308
  0.34553442  0.32331407  0.30609448  0.29285503  0.28289666  0.27574037
  0.32647098  0.11667939 -0.20924624  0.41948601  0.0726255   1.00755447
  0.18321775]",[1.  0.5]
0,-0.15,-0.08,"[ 0.51543426  0.50659389  0.50202551  0.5015408   0.50512004  0.51291007
  0.03291969  0.02873428  0.02418243  0.02420694  0.02707667  0.02533596
  0.023987    0.02294987  0.0221698   0.02160929  0.02124324  0.02105609
  0.02104014  0.02119472  0.0215262   0.02204855  0.02278489  0.02377011
  0.02505523  0.02671464  0.02427953  0.02425504  0.02891071  0.03314301
  0.34670661  0.32431491  0.30696157  0.29361494  0.28356856  0.27633823
  0.32838969  0.11623358 -0.20875858  0.42116791  0.07210592  1.009194
  0.18149275]",[1. 0.]
0,-0.15,-0.08,"[ 0.51498749  0.50616469  0.50160975  0.50113492  0.50472086  0.51251469
  0.03315342  0.02893918  0.02428197  0.02430325  0.02742009  0.02566056
  0.02429707  0.0232489   0.0224608   0.02189487  0.02152582  0.02133796
  0.02132354  0.02148199  0.02181981  0.02235126  0.02309987  0.02410113
  0.02540696  0.02709303  0.02436795  0.02434345  0.02901095  0.03325741
  0.34717498  0.32476256  0.30739326  0.29403477  0.2839802   0.27674503
  0.33029447  0.11582423 -0.21088126  0.42284394  0.07158815  1.01082821
  0.17977445]",[1. 0.]
0,-0.15,-0.08,"[ 0.5145406   0.5057354   0.50119392  0.50072897  0.50432162  0.51211928
  0.03296774  0.02901334  0.02436786  0.02439513  0.0271714   0.02543102
  0.0240824   0.02304581  0.02226666  0.02170753  0.02134343  0.02115889
  0.02114631  0.02130518  0.02164202  0.02217106  0.02291575  0.02391141
  0.02520971  0.02688599  0.02448042  0.0244549   0.02921214  0.03348736
  0.34764313  0.32521006  0.30782485  0.29445456  0.28439183  0.27715186
  0.33219949  0.1154148  -0.21301901  0.42451453  0.07107205  1.01245752
  0.17806241]",[1. 0.]
0,-0.15,-0.08,"[ 0.51526135  0.50606496  0.50115535  0.50032973  0.50355449  0.51096174
  0.03307449  0.02883239  0.0243279   0.02436373  0.02687266  0.02525446
  0.02400235  0.02304532  0.02233461  0.02183698  0.02153062  0.02140267
  0.0214479   0.02166815  0.02207253  0.02267836  0.02351304  0.02461728
  0.02605043  0.02722402  0.02419479  0.0241668   0.02865175  0.03253117
  0.35029938  0.32732626  0.30951961  0.29580917  0.28546273  0.27797809
  0.33447834  0.11513823 -0.20970668  0.42617923  0.07055779  1.01408147
  0.17635714]",[1. 0.]
0,-0.15,-0.08,"[ 0.5168372   0.50693803  0.50137182  0.49990776  0.50248617  0.50921246
  0.03314083  0.02887123  0.02446792  0.02451539  0.02725527  0.02564467
  0.02439929  0.02344932  0.02274684  0.02225922  0.02196521  0.02185252
  0.02191654  0.02215987  0.02259261  0.02323338  0.02411135  0.02526973
  0.02677146  0.02711495  0.02405854  0.02403114  0.02823854  0.03226322
  0.35487304  0.33092904  0.31236794  0.29805065  0.28719932  0.27927998
  0.33652609  0.11485415 -0.19920568  0.42783801  0.07004534  1.01570004
  0.17465864]",[1. 0.]
0,-0.15,-0.08,"[ 0.51866283  0.5080039   0.50173257  0.49958751  0.50148117  0.50749079
  0.0328082   0.02875117  0.02445371  0.02450509  0.02720731  0.02561882
  0.02439114  0.02345595  0.02276637  0.02229051  0.02200771  0.02190616
  0.02198171  0.02223745  0.022684    0.02334062  0.02423736  0.02541858
  0.02694893  0.02704327  0.02396727  0.02394642  0.02824773  0.0323304
  0.35992352  0.33489868  0.31550259  0.30051733  0.28911324  0.2807206
  0.33852912  0.11456989 -0.18760993  0.42949086  0.06953473  1.01731322
  0.17296697]",[1. 0.]
0,-0.15,-0.08,"[ 0.52078148  0.50928798  0.50224733  0.49936445  0.50052138  0.50576526
  0.03314186  0.02887808  0.02437361  0.02440978  0.0271649   0.0255614
  0.02432156  0.02337593  0.02267684  0.02219183  0.02189976  0.02178843
  0.02185329  0.02209698  0.0225296   0.02316978  0.02404668  0.02520346
  0.02670303  0.02710524  0.0239927   0.0239756   0.02841749  0.03252689
  0.3656356   0.33938223  0.31904305  0.30330786  0.29128688  0.28236923
  0.34046837  0.11425738 -0.1742878   0.43113832  0.06902579  1.01892151
  0.17128157]",[1. 0.]
0,-0.15,-0.08,"[ 0.52303561  0.5106854   0.50286033  0.49923028  0.4996463   0.50412531
  0.03308573  0.02892607  0.02443329  0.02447545  0.02722323  0.02555984
  0.02427219  0.02328656  0.02255234  0.022035    0.02171175  0.02156899
  0.02160089  0.02180873  0.02220109  0.02279472  0.02361634  0.02470576
  0.02612103  0.02731258  0.02409167  0.02407183  0.02858566  0.0327375
  0.37173454  0.34416894  0.3228291   0.30630326  0.29363601  0.284172
  0.34240964  0.11389799 -0.16043326  0.43277981  0.06851869  1.02052436
  0.16960305]",[1. 0.]
0,-0.15,-0.08,"[ 0.52488755  0.5118064   0.50331528  0.49905381  0.4988466   0.50268521
  0.03287715  0.02870065  0.02421479  0.024247    0.02722481  0.02547959
  0.0241272   0.02308765  0.02230616  0.02174519  0.02137966  0.02119403
  0.02118067  0.02133902  0.0216756   0.0222046   0.02294947  0.02394554
  0.02524447  0.02692159  0.02424421  0.02420774  0.02859577  0.03277882
  0.3773381   0.34859083  0.32635528  0.30912597  0.29588747  0.28594399
  0.34445534  0.11342649 -0.14866211  0.43441534  0.06801343  1.02212175
  0.16793143]",[1.  0.5]
0,-0.15,-0.08,"[ 0.525754    0.51225234  0.50337821  0.4987536   0.49818779  0.50165773
  0.03253233  0.0284049   0.02403099  0.02405936  0.02732432  0.02585874
  0.02445618  0.02337647  0.02256203  0.0219734   0.02158406  0.02137741
  0.0213449   0.02148521  0.02180409  0.02231496  0.02304029  0.02401421
  0.02528668  0.0269305   0.02436007  0.02431219  0.02862799  0.03258084
  0.38100979  0.35152884  0.32873919  0.31107666  0.29748838  0.28725352
  0.34643128  0.1129128  -0.14211151  0.43604488  0.06751002  1.02371366
  0.16626674]",[1.  0.5]
0,-0.15,-0.08,"[ 0.52663066  0.51273835  0.50350992  0.49855089  0.49765633  0.50078983
  0.03252836  0.02839614  0.02407105  0.02410303  0.02738207  0.02586755
  0.02447862  0.02341013  0.02260541  0.02202562  0.02164474  0.02144655
  0.02142287  0.02157275  0.02190232  0.02242548  0.02316532  0.02415678
  0.02545097  0.02712242  0.02435369  0.02430605  0.02866707  0.03255639
  0.38438962  0.35422146  0.33091452  0.31284869  0.29893556  0.28843064
  0.34838681  0.11248608 -0.13690638  0.43769651  0.0669957   1.02532725
  0.16457867]",[1.  0.5]
0,-0.15,-0.08,"[ 0.52794856  0.51354868  0.50386256  0.49847418  0.49716032  0.49986743
  0.03249994  0.0283595   0.02415069  0.0241917   0.02717136  0.02545149
  0.02411902  0.02309583  0.02232838  0.02178001  0.0214263   0.02125228
  0.02125079  0.02142175  0.02177221  0.022317    0.02308035  0.02409867
  0.02542515  0.02713739  0.0243069   0.02425929  0.02861264  0.0324876
  0.38860138  0.35754593  0.3335738   0.31499095  0.3006623   0.2898124
  0.35043531  0.11208433 -0.13029815  0.43947646  0.0664191   1.02706519
  0.16275133]",[1.  0.5]
0,-0.15,-0.08,"[ 0.52891182  0.51408228  0.50400895  0.49825738  0.49658872  0.49893493
  0.03253624  0.02840572  0.02419083  0.02423346  0.02712237  0.02542365
  0.02410783  0.02309834  0.02234265  0.02180484  0.02146105  0.02129673
  0.02130514  0.02148663  0.02184866  0.02240659  0.02318534  0.0242222
  0.02557168  0.02731327  0.0241826   0.02414992  0.02856814  0.03273148
  0.39252871  0.36067559  0.33610713  0.31706231  0.30236394  0.29120873
  0.35237262  0.11155825 -0.12352209  0.44129572  0.06582103  1.02884144
  0.16088111]",[1.  0.5]
0,-0.15,-0.08,"[ 0.5295511   0.51437181  0.50398318  0.4979356   0.4959774   0.49802867
  0.03255377  0.02847107  0.02421354  0.02425485  0.02730387  0.02558748
  0.02425788  0.02323749  0.02247312  0.02192836  0.02157901  0.0214103
  0.0214153   0.0215942   0.02195437  0.02251108  0.02328914  0.02432579
  0.02567537  0.02741721  0.02419659  0.02416662  0.02862136  0.03279538
  0.38883129  0.36350762  0.33842412  0.31898137  0.30396563  0.29254959
  0.35423903  0.11096072 -0.11723172  0.4431383   0.06521095  1.03064069
  0.15898619]",[1.  0.5]
0,-0.15,-0.08,"[ 0.52997234  0.51448291  0.5038144   0.49750359  0.49528736  0.49707519
  0.03250533  0.0285433   0.02420682  0.02424555  0.02723334  0.02548934
  0.0241379   0.02309918  0.02231844  0.02175822  0.02139346  0.02120867
  0.02119624  0.02135568  0.02169351  0.02222402  0.02297071  0.02396901
  0.02527073  0.02695143  0.02424485  0.02421437  0.02873198  0.03293577
  0.3840751   0.3662961   0.34072723  0.32091024  0.30559695  0.29393737
  0.35613052  0.11026519 -0.11086077  0.44499954  0.06459242  1.03245854
  0.15707231]",[1.  0.5]
0,-0.15,-0.08,"[ 0.53014833  0.51442563  0.50354614  0.49703626  0.49462414  0.49621123
  0.03282333  0.028656    0.02411834  0.02414032  0.02738471  0.02571202
  0.02433243  0.02327117  0.02247199  0.02189632  0.02151833  0.02132193
  0.02129901  0.02144866  0.02177699  0.02229786  0.02303426  0.02402096
  0.02530887  0.02697218  0.02427059  0.0242406   0.02877717  0.0329952
  0.37990074  0.36864924  0.34268949  0.32257161  0.30701971  0.2951656
  0.3580036   0.10958649 -0.10593366  0.44688757  0.06396043  1.03430279
  0.15513009]",[1.  0.5]
0,-0.15,-0.08,"[ 0.53026833  0.51435879  0.50331043  0.4966413   0.49407256  0.4954992
  0.03309394  0.02888775  0.0258146   0.02420713  0.02713909  0.02539392
  0.02404151  0.0230017   0.02221959  0.02165756  0.02129045  0.02110264
  0.02108642  0.02124111  0.02157306  0.02209628  0.02283393  0.02382095
  0.02510844  0.02677092  0.02430087  0.02427809  0.02896003  0.03319968
  0.37616286  0.37059019  0.3443101   0.32394596  0.30819905  0.29618624
  0.3598141   0.10901549 -0.10256747  0.44877658  0.06332725  1.0361485
  0.15318788]",[1.  0.5]
0,-0.15,-0.08,"[ 0.53062539  0.51444322  0.50315002  0.49625169  0.49345927  0.49465851
  0.03319711  0.02897525  0.02589101  0.02424261  0.02664704  0.02493974
  0.02361674  0.02259983  0.02183543  0.02128683  0.0209295   0.02074826
  0.02073566  0.02089117  0.02122118  0.02173963  0.02246948  0.02344538
  0.02471794  0.026361    0.02433472  0.02431077  0.02902493  0.03327126
  0.37177314  0.37316673  0.34643876  0.32573096  0.30971206  0.29747772
  0.3617433   0.10836379 -0.09752096  0.45067252  0.06268971  1.03800141
  0.15123902]",[1.  0.5]
0,-0.15,-0.08,"[ 0.53073574  0.51434803  0.50286957  0.49579696  0.49283352  0.49385792
  0.03330757  0.02906779  0.0259718   0.02431326  0.02636421  0.02468547
  0.02338473  0.02238541  0.02163506  0.02109774  0.02074948  0.02057549
  0.02056863  0.02072862  0.02106202  0.02158294  0.02231449  0.02329149
  0.02456479  0.02620858  0.02436606  0.02604047  0.02907391  0.03332302
  0.36786888  0.3753922   0.34829814  0.32730974  0.3110693   0.29865524
  0.36364122  0.10769993 -0.09339517  0.45259068  0.06204036  1.03987634
  0.14926689]",[1.  0.5]
0,-0.15,-0.08,"[ 0.53070242  0.51414624  0.50251537  0.49529872  0.49219316  0.49307148
  0.03342691  0.02916837  0.02614106  0.0243841   0.02625314  0.02459154
  0.02330421  0.02231569  0.02157426  0.0210445   0.02070282  0.02053476
  0.02053339  0.02069867  0.02103738  0.02156387  0.02230156  0.02328563
  0.02456749  0.02622212  0.02439811  0.02619671  0.02913964  0.03339438
  0.36424367  0.37743703  0.35002056  0.32878526  0.31235024  0.29977881
  0.36551355  0.10702202 -0.08967006  0.45452557  0.06138192  1.04176798
  0.14727759]",[1.  0.5]
0,-0.15,-0.08,"[ 0.53083763  0.51404629  0.50220413  0.49478935  0.49148994  0.49217066
  0.03335357  0.0291031   0.02624641  0.02441345  0.02598696  0.024346
  0.02307473  0.02209872  0.02136698  0.0208446   0.02050833  0.02034393
  0.02034465  0.02051052  0.02084835  0.02137245  0.02210617  0.02308451
  0.02435867  0.0260033   0.02441081  0.02623851  0.02910441  0.03331148
  0.36009067  0.3800259   0.35218074  0.33061774  0.31392459  0.30114422
  0.3675134   0.10625948 -0.08461065  0.45647185  0.06071651  1.04367116
  0.14527682]",[1.  0.5]
0,-0.15,-0.08,"[ 0.53091733  0.51391078  0.50187531  0.49427926  0.49080244  0.49130225
  0.03333091  0.02917129  0.02627715  0.02444679  0.02599701  0.02435795
  0.02308818  0.02211345  0.02138289  0.02086164  0.02052654  0.02036339
  0.0203655   0.02053294  0.02087261  0.02139889  0.02213523  0.0231168
  0.024395    0.02604479  0.02443318  0.02625871  0.02916578  0.03328346
  0.35616259  0.38249736  0.35424721  0.33237504  0.31543874  0.30246191
  0.36946147  0.10550915 -0.07979567  0.4584355   0.06004108  1.04559167
  0.14325809]",[1.  0.5]
0,-0.15,-0.08,"[ 0.53152447  0.51416916  0.50182403  0.49394148  0.49018841  0.49041067
  0.03330188  0.02928922  0.02630735  0.02448923  0.02614254  0.02449647
  0.02322131  0.02224256  0.02150915  0.02098614  0.02065027  0.02048734
  0.02049065  0.02066033  0.02100337  0.0215343   0.02227677  0.02326629
  0.02455469  0.02621762  0.0244427   0.02627571  0.02919493  0.03329966
  0.35158558  0.38346806  0.35692273  0.33459977  0.31730915  0.30404544
  0.37140659  0.10478237 -0.07297938  0.46039717  0.05936551  1.0475108
  0.14124269]",[1.  0.5]
0,-0.15,-0.08,"[ 0.53202549  0.5143336   0.5016898   0.49353101  0.48951153  0.48946605
  0.03319886  0.02929855  0.02621281  0.0244837   0.02613242  0.02448403
  0.02320702  0.02222669  0.02149187  0.02096749  0.02063023  0.02046582
  0.02046751  0.02063535  0.02097625  0.02150465  0.02224409  0.02322988
  0.02451362  0.02617058  0.02451376  0.02619681  0.02932151  0.03328976
  0.34697286  0.37803932  0.35967954  0.33690343  0.31925745  0.30570682
  0.37347344  0.10397834 -0.06625124  0.4623775   0.0586781   1.04944848
  0.13920761]",[1.  0.5]
0,-0.15,-0.08,"[ 0.53315161  0.51497977  0.50191375  0.49336836  0.48898016  0.48856832
  0.03309954  0.02920414  0.02443417  0.02446937  0.02640196  0.02473944
  0.02345153  0.02246298  0.02172223  0.02119396  0.0208547   0.0206901
  0.02069337  0.02086466  0.02121102  0.02174712  0.02249685  0.02349605
  0.02479707  0.02647628  0.02441632  0.02439014  0.02914765  0.03339933
  0.34179629  0.37186956  0.36305443  0.33967195  0.32155141  0.30761763
  0.37550955  0.10324311 -0.05774022  0.46435189  0.05799275  1.05138096
  0.1371805 ]",[1.  0.5]
0,-0.15,-0.08,"[ 0.53449795  0.51580271  0.50227847  0.49331572  0.48853164  0.48772864
  0.03293723  0.02902852  0.02440841  0.02444757  0.02691481  0.02522803
  0.02392146  0.022919    0.02216848  0.02163423  0.02129252  0.02112891
  0.02113668  0.02131614  0.02167468  0.02222752  0.02299931  0.02402704
  0.0253647   0.02709105  0.02425099  0.02423118  0.02889883  0.03311121
  0.33659423  0.36566135  0.36663808  0.34259546  0.32395984  0.30961121
  0.37751245  0.10253904 -0.04877923  0.46632036  0.05730945  1.05330823
  0.13516138]",[1.  0.5]
0,-0.15,-0.08,"[ 0.53566101  0.51647536  0.50252264  0.49317023  0.48801701  0.48684966
  0.03281664  0.02886349  0.02435862  0.02439969  0.02709685  0.02538656
  0.02406158  0.02304438  0.02228182  0.02173752  0.02138728  0.02121625
  0.02121741  0.02139081  0.02174357  0.02229065  0.02305639  0.02407737
  0.025407    0.0271232   0.02419542  0.0241726   0.02876884  0.0329675
  0.33163158  0.3597741   0.37023066  0.34554262  0.32640502  0.31165358
  0.3795355   0.10175124 -0.03975727  0.46828291  0.05662821  1.05523031
  0.13315031]",[1.  0.5]
0,-0.15,-0.08,"[ 0.53635006  0.51679249  0.50251464  0.4928661   0.48743167  0.48598598
  0.03269944  0.02873993  0.02427504  0.02431239  0.02742037  0.0256646
  0.02430406  0.02325834  0.02247236  0.0219084   0.02154124  0.0213553
  0.0213429   0.02150355  0.02184385  0.02237817  0.02313018  0.02413557
  0.02544652  0.02713913  0.02421445  0.02418683  0.02871448  0.032915
  0.32736777  0.35477826  0.37331791  0.34810371  0.32855798  0.31348028
  0.38148907  0.10093435 -0.03210858  0.47023956  0.05594901  1.0571472
  0.13114734]",[1.  0.5]
0,-0.15,-0.08,"[ 0.53670935  0.51685577  0.50231871  0.49243335  0.48677312  0.48510292
  0.03257708  0.02861112  0.02417726  0.02421047  0.02735126  0.02583441
  0.02443993  0.02336678  0.02255789  0.02197414  0.02158928  0.02138689
  0.02135864  0.02150336  0.021827    0.02234317  0.02307462  0.02405583
  0.02533725  0.02699243  0.0242554   0.02422022  0.02866651  0.03287072
  0.32345249  0.35024196  0.37611779  0.3504507   0.33055437  0.31519729
  0.3834624   0.10007449 -0.02538204  0.47219032  0.05527186  1.05905889
  0.12915254]",[1.  0.5]
0,-0.15,-0.08,"[ 0.53675663  0.51670005  0.50198445  0.49193494  0.48611702  0.48428873
  0.03265821  0.0286064   0.02414838  0.0241771   0.02732344  0.0258996
  0.02449487  0.02341349  0.0225978   0.02200826  0.02161834  0.02141138
  0.02137885  0.02151941  0.02183883  0.02235054  0.02307707  0.02405258
  0.02532712  0.02697363  0.02428761  0.0242501   0.02866096  0.03286656
  0.32002576  0.34632751  0.37838391  0.35237282  0.33221057  0.31664218
  0.38538869  0.09926876 -0.02044562  0.47413637  0.05459607  1.06096652
  0.12716467]",[1.  0.5]
0,-0.15,-0.08,"[ 0.53649113  0.51631005  0.50148348  0.49133016  0.48541049  0.48347811
  0.0327813   0.02862762  0.02414288  0.02416815  0.02731933  0.02603306
  0.02462021  0.02353254  0.02271204  0.02211891  0.02172645  0.0215179
  0.02148466  0.02162537  0.02194578  0.02245939  0.02318879  0.02416828
  0.02544809  0.02710143  0.02431402  0.02427616  0.02866348  0.03286912
  0.31696924  0.34288592  0.37672131  0.35399806  0.3336374   0.31791192
  0.3872868   0.09846011 -0.01662278  0.47612794  0.05389277  1.06291877
  0.12512767]",[1.  0.5]
0,-0.15,-0.08,"[ 0.53625779  0.51592931  0.50097198  0.49069696  0.48465872  0.4826057
  0.03273302  0.02858744  0.0240907   0.02411281  0.02729436  0.02599961
  0.02458235  0.02349098  0.02266714  0.0220708   0.02167508  0.02146306
  0.02142599  0.02156236  0.02187775  0.02238541  0.02310766  0.02407839
  0.0253473   0.02698675  0.02433841  0.02429674  0.02861919  0.03282008
  0.31374918  0.33924965  0.37252673  0.35581369  0.33522531  0.31931955
  0.38924727  0.09758634 -0.01212553  0.47813175  0.05318084  1.06488342
  0.12307885]",[1.  0.5]
0,-0.15,-0.08,"[ 0.53623013  0.51572869  0.50061942  0.49020477  0.48403233  0.48184469
  0.03289215  0.02871292  0.02415009  0.024173    0.02724934  0.0254941
  0.02413385  0.02308787  0.02230089  0.02173502  0.02136492  0.02117485
  0.02115697  0.02131055  0.0216419   0.022165    0.02290298  0.02389077
  0.02517948  0.02684359  0.02432181  0.02428249  0.02863702  0.03277884
  0.31045515  0.33552061  0.36821404  0.357591    0.33676151  0.32066477
  0.39121803  0.09681925 -0.00832702  0.48013296  0.05246903  1.0668461
  0.12103502]",[1.  0.5]
0,-0.15,-0.08,"[5.37537102e-01 5.16545862e-01 5.01014726e-01 4.90222054e-01
 4.83696880e-01 4.81166312e-01 3.31200335e-02 2.88989797e-02
 2.42374549e-02 2.42593941e-02 2.69198966e-02 2.52204795e-02
 2.39039174e-02 2.28931682e-02 2.21354192e-02 2.15945211e-02
 2.12464102e-02 2.10763468e-02 2.10773390e-02 2.12494273e-02
 2.15996884e-02 2.21429600e-02 2.29034279e-02 2.39174054e-02
 2.52379371e-02 2.69424103e-02 2.44098234e-02 2.43734122e-02
 2.89616884e-02 3.29689090e-02 3.06128087e-01 3.30434382e-01
 3.62100233e-01 3.60594136e-01 3.39237312e-01 3.22721904e-01
 3.93117813e-01 9.61045575e-02 8.79459890e-05 4.82129407e-01
 5.17585312e-02 1.06880471e+00 1.18998713e-01]",[1.  0.5]
0,-0.15,-0.08,"[0.53909566 0.51755601 0.50155454 0.49034239 0.48342774 0.48052047
 0.03319397 0.02894337 0.02431167 0.02433963 0.02672893 0.02509673
 0.02383325 0.02286617 0.02214586 0.02163845 0.02132159 0.02118196
 0.02121384 0.02141853 0.02180447 0.02238813 0.0231958  0.02426662
 0.02565767 0.02730709 0.02415912 0.02414283 0.02877969 0.0329558
 0.30158557 0.32509467 0.35568465 0.36387893 0.34193302 0.32495119
 0.39510375 0.09538401 0.00893281 0.48412403 0.05104723 1.07076205
 0.11696647]",[1.  0.5]
0,-0.15,-0.08,"[0.5406898  0.51857772 0.50208686 0.49043953 0.48312196 0.47982603
 0.03334216 0.02907057 0.02438506 0.02441259 0.02654062 0.02492693
 0.02367793 0.02272234 0.02201124 0.02151124 0.02120034 0.0210655
 0.02110118 0.02130885 0.02169706 0.02228242 0.02309131 0.02416302
 0.02555482 0.02727778 0.02415979 0.02583141 0.02889498 0.03308522
 0.29723849 0.31997145 0.34951678 0.36743024 0.344854   0.32737473
 0.39694824 0.09457432 0.01947014 0.48612487 0.05032945 1.07272593
 0.11492919]",[1.  0.5]
0,-0.15,-0.08,"[0.54272145 0.51992869 0.50285878 0.49069932 0.48291034 0.47916242
 0.03350583 0.02921937 0.02612484 0.0244571  0.02639533 0.02477462
 0.02351984 0.02255891 0.02184238 0.02133647 0.02101886 0.02087618
 0.02090259 0.02109916 0.02147401 0.02204309 0.022832   0.02387886
 0.02523932 0.02699464 0.02423541 0.02601095 0.02910094 0.03332857
 0.29271201 0.31460751 0.34302867 0.37153354 0.34821052 0.33014385
 0.39875275 0.09372845 0.03189657 0.4881455  0.04959513 1.07470941
 0.11287093]",[1.  0.5]
0,-0.15,-0.08,"[0.54462584 0.521174   0.50354535 0.49089333 0.48265229 0.47847216
 0.03347478 0.02919758 0.02629774 0.02447408 0.02608199 0.02446771
 0.02321765 0.02225962 0.0215441  0.02103726 0.02071668 0.02056884
 0.02058769 0.02077399 0.02113541 0.02168733 0.02245449 0.02347385
 0.02479932 0.02650965 0.02431895 0.0260816  0.02908923 0.03332226
 0.28820477 0.30930832 0.33667148 0.37263735 0.35162765 0.33297587
 0.40069825 0.09281523 0.04376662 0.49019504 0.04883691 1.07672131
 0.11078084]",[1.  0.5]
0,-0.15,-0.08,"[0.54702725 0.52280712 0.50453074 0.49131116 0.48255267 0.47788121
 0.03340272 0.02916731 0.0262926  0.02446751 0.02611982 0.0244892
 0.02322623 0.02225756 0.02153287 0.02101778 0.02068944 0.02053399
 0.02054504 0.02072304 0.02107532 0.02161684 0.0223718  0.02337642
 0.0246836  0.02637052 0.02441877 0.02622637 0.02915911 0.03321036
 0.28355453 0.30382006 0.33006735 0.36449069 0.35543446 0.33610841
 0.40262112 0.09191443 0.05691131 0.49225077 0.04807132 1.07873975
 0.10868602]",[1.  0.5]
0,-0.15,-0.08,"[0.54925047 0.52431262 0.50543365 0.49168819 0.48245213 0.47732897
 0.03328391 0.02919488 0.02625282 0.02448612 0.02604741 0.0244297
 0.02317687 0.02221642 0.02149862 0.02098945 0.02066638 0.02051579
 0.02053149 0.02071411 0.02107119 0.02161791 0.02237873 0.02339025
 0.02470587 0.02640358 0.02448001 0.02615054 0.02926015 0.03324481
 0.27909675 0.29860201 0.32384175 0.356881   0.35910124 0.33913204
 0.40462061 0.09102424 0.06864721 0.49431639 0.04729514 1.08076828
 0.10658198]",[1.  0.5]
0,-0.15,-0.08,"[0.55159139 0.52591279 0.50641469 0.49213138 0.48240922 0.47682851
 0.03310672 0.02913758 0.02445224 0.02448789 0.02624207 0.02462337
 0.02336999 0.02240972 0.02169302 0.02118603 0.02086636 0.02072055
 0.02074261 0.02093343 0.0213009  0.02186066 0.02263781 0.02366985
 0.02501149 0.02674261 0.0243241  0.02598251 0.02906962 0.03329344
 0.27473951 0.2935085  0.31777612 0.34948586 0.3628937  0.34225502
 0.40659753 0.09013051 0.08060867 0.49637803 0.0465195  1.08279355
 0.10448579]",[1.  0.5]
0,-0.15,-0.08,"[0.55400844 0.52757829 0.5074548  0.49263069 0.48242204 0.47638561
 0.03294243 0.02900479 0.02443174 0.02447287 0.02669967 0.02506764
 0.02380426 0.02283716 0.02211669 0.02160895 0.02129158 0.02115123
 0.02118215 0.02138559 0.02176996 0.02235166 0.02315686 0.02422457
 0.02561167 0.02731259 0.02412762 0.02573844 0.02879397 0.03297394
 0.27052633 0.28859248 0.31193551 0.34238641 0.36675326 0.34542917
 0.40854118 0.08924569 0.09255354 0.49843358 0.04574614 1.08481353
 0.10240029]",[1.  0.5]
0,-0.15,-0.08,"[0.55623252 0.52908441 0.5083656  0.49302831 0.48235931 0.47589272
 0.03283752 0.02895968 0.0244094  0.02445536 0.02678324 0.0251453
 0.02387732 0.02290665 0.02218345 0.02167368 0.02135489 0.02121367
 0.02124422 0.02144779 0.02183279 0.02241564 0.02322257 0.02429266
 0.0256829  0.02731779 0.0240812  0.02406295 0.0286388  0.03279759
 0.26648656 0.28390305 0.30639468 0.33569198 0.37064054 0.34864036
 0.41049523 0.08828917 0.10446412 0.50049626 0.04496365 1.08684094
 0.10030942]",[1.  0.5]
0,-0.15,-0.08,"[0.5582928  0.53045042 0.50915788 0.49332745 0.48221717 0.47533916
 0.03275358 0.02883575 0.02435406 0.02439944 0.02683168 0.02515237
 0.02385161 0.02285374 0.02210684 0.02157544 0.02123595 0.02107403
 0.02108302 0.02126329 0.02162226 0.02217517 0.0229467  0.02397383
 0.02531056 0.02703568 0.02415305 0.02412548 0.02862298 0.03279508
 0.2626847  0.2794995  0.30120518 0.32944181 0.36677875 0.35192967
 0.41237089 0.08724998 0.11698236 0.50256782 0.04417066 1.08887749
 0.09821142]",[1.  0.5]
0,-0.15,-0.08,"[0.55899422 0.53077874 0.5091774  0.49308027 0.48172949 0.47462495
 0.03274156 0.0288267  0.02431719 0.02435563 0.02725925 0.02551256
 0.02415903 0.02311865 0.02233659 0.0217753  0.02140967 0.02122419
 0.0212112  0.02137019 0.02170767 0.02223791 0.02298438 0.02398251
 0.02528408 0.0269646  0.0242672  0.02423604 0.02873677 0.03294048
 0.25979458 0.27622939 0.29744053 0.32501463 0.36143095 0.35431237
 0.41408795 0.08624632 0.12573381 0.50463327 0.04338    1.09090873
 0.09612496]",[1.  0.5]
0,-0.15,-0.08,"[0.55962486 0.53103459 0.50912351 0.49275912 0.48116738 0.47383585
 0.03260124 0.02866362 0.02419102 0.02422251 0.0273169  0.02582714
 0.02442497 0.02334549 0.02253112 0.02194236 0.0215527  0.0213455
 0.0213122  0.02145146 0.02176897 0.02227808 0.02300121 0.02397233
 0.02524127 0.02688057 0.02432568 0.02428706 0.02867562 0.03288316
 0.25676538 0.27281593 0.29352783 0.32043487 0.35592769 0.35683694
 0.41594074 0.08515346 0.13469647 0.50670461 0.04258165 1.09294626
 0.09403585]",[1.  0.5]
0,-0.15,-0.08,"[0.55969055 0.53086807 0.50876442 0.49223259 0.48048818 0.4730108
 0.03265717 0.02864516 0.02415447 0.02418113 0.02728093 0.02593186
 0.02451524 0.02342422 0.02260037 0.02200365 0.02160712 0.02139383
 0.02135497 0.02148895 0.02180127 0.02230503 0.02302237 0.02398692
 0.02524801 0.02687747 0.02436272 0.02432157 0.02866762 0.03287685
 0.25407305 0.26982957 0.29016025 0.31656073 0.35135828 0.35889322
 0.41776605 0.0841222  0.14140229 0.5087698  0.04178562 1.09497845
 0.09195901]",[1.  0.5]
0,-0.15,-0.08,"[0.55890544 0.53004306 0.5079038  0.49133718 0.47955631 0.47203873
 0.03276631 0.02866688 0.02414865 0.02417172 0.02727248 0.02607013
 0.02464406 0.02354566 0.02271608 0.02211497 0.02171518 0.02149962
 0.02145938 0.02159282 0.02190539 0.02241024 0.02312952 0.02409695
 0.02536196 0.02699655 0.02439538 0.02435389 0.02869607 0.03287365
 0.25178949 0.26736085 0.28745208 0.31353777 0.34791116 0.36042739
 0.41955525 0.08308223 0.14600823 0.51082892 0.04099194 1.09700536
 0.08989476]",[1.  0.5]
0,-0.15,-0.08,"[0.55853268 0.5295231  0.50726069 0.49058523 0.4787028  0.47108558
 0.03274554 0.02859921 0.02409627 0.02411829 0.02728779 0.02598072
 0.02456294 0.0234711  0.02264676 0.02204988 0.02165351 0.02144073
 0.02140273 0.02153796 0.02185198 0.02235797 0.02307815 0.02404634
 0.02531203 0.02694739 0.0243908  0.02434577 0.02868337 0.03273589
 0.24917635 0.26449721 0.28426421 0.30992125 0.34371119 0.36235865
 0.42145798 0.08197815 0.15204506 0.51288318 0.0401996  1.09902814
 0.08784205]",[1.  0.5]
0,-0.15,-0.08,"[0.5583685  0.52918457 0.5067774  0.48997545 0.47797675 0.47024733
 0.03286867 0.0286899  0.0241525  0.02417751 0.02720025 0.02545516
 0.02410286 0.02306331 0.02228171 0.02172049 0.02135456 0.02116837
 0.02115425 0.02131162 0.02164695 0.02217438 0.02291728 0.02391088
 0.02520668 0.0268798  0.02434717 0.02430411 0.02872506 0.03264002
 0.24651712 0.26157848 0.28100975 0.30622295 0.33940862 0.36424386
 0.42337732 0.08096981 0.15731732 0.51495201 0.03939217 1.10106565
 0.08577789]",[1.  0.5]
0,-0.15,-0.08,"[0.56012632 0.5303522  0.50746324 0.49025215 0.4778917  0.46982896
 0.03309698 0.0288745  0.02425164 0.02427617 0.02700566 0.02531258
 0.02400112 0.02299488 0.02224148 0.0217051  0.02136193 0.02119745
 0.02120491 0.02138461 0.02174395 0.02229817 0.023072   0.02410252
 0.02544382 0.02717491 0.02430534 0.02427769 0.02887028 0.03307815
 0.24330874 0.25792012 0.27676928 0.30120705 0.33332194 0.36720453
 0.42518136 0.08005803 0.16679566 0.51706712 0.03854007 1.10314851
 0.08366342]",[1.  0.5]
0,-0.15,-0.08,"[0.56224783 0.5318034  0.50836945 0.49069764 0.47793192 0.46949784
 0.03317566 0.02891944 0.02434227 0.02437367 0.02693865 0.0253147
 0.0240581  0.02309753 0.02238403 0.0218842  0.02157613 0.0214469
 0.02149121 0.02171087 0.02211495 0.02272078 0.02355572 0.0246605
 0.02609444 0.02722962 0.02405199 0.02403732 0.02861501 0.0327617
 0.23992982 0.25406477 0.27229907 0.29591991 0.32691012 0.36846418
 0.4270741  0.07914959 0.17663561 0.51918461 0.03768224 1.10523433
 0.0815533 ]",[1.  0.5]
0,-0.15,-0.08,"[0.56534738 0.53400427 0.50984329 0.49156044 0.4782608  0.46934118
 0.03315299 0.02889481 0.02435634 0.02439012 0.02705345 0.02543565
 0.02418416 0.02322829 0.02251953 0.02202483 0.02172253 0.02159997
 0.02165213 0.02188115 0.02229651 0.02291602 0.02376776 0.02489344
 0.02635377 0.02718206 0.02401075 0.02399737 0.02854996 0.03268216
 0.23635997 0.24994183 0.2674645  0.2901415  0.31983375 0.35952071
 0.42889229 0.07819706 0.18961867 0.52129591 0.03682691 1.10731486
 0.07945918]",[0.5 0.5]
0,-0.15,-0.08,"[0.56912118 0.53672561 0.51171762 0.49272684 0.47881235 0.4693372
 0.03312925 0.02888018 0.02432502 0.02435679 0.02701512 0.02538345
 0.0241208  0.02315541 0.02243803 0.02193507 0.02162445 0.02149313
 0.02153575 0.02175404 0.02215702 0.02276194 0.02359613 0.02470022
 0.02613346 0.02724198 0.02404724 0.02403147 0.02858736 0.03273132
 0.2327385  0.24573658 0.26251099 0.28419913 0.31253664 0.35028374
 0.43065904 0.07722455 0.20440571 0.52340107 0.03597407 1.1093901
 0.07738151]",[0.5 0.5]
0,-0.15,-0.08,"[0.5734869  0.53990842 0.51395375 0.49417634 0.47958287 0.46949829
 0.03310686 0.02887506 0.02425963 0.02428591 0.02686082 0.02519955
 0.02391312 0.02292728 0.02219111 0.02166979 0.02134027 0.02118867
 0.02120877 0.02140137 0.02177443 0.02234382 0.02313505 0.02418627
 0.02555309 0.02731676 0.0241462  0.02412529 0.02870562 0.03288196
 0.2291378  0.24154101 0.25755619 0.27824528 0.30522064 0.34102848
 0.43237152 0.07625426 0.22039989 0.52550008 0.03512373 1.11146005
 0.07532102]",[0.5 0.5]
0,-0.15,-0.08,"[0.57717683 0.54260265 0.51585513 0.49542222 0.48026581 0.46967855
 0.03308608 0.02885804 0.02424871 0.02427489 0.02688196 0.02521639
 0.02392657 0.02293798 0.02219948 0.02167613 0.02134479 0.02119148
 0.0212099  0.02140081 0.02177208 0.0223395  0.02312849 0.02417704
 0.02554057 0.02730004 0.02414707 0.02412579 0.02870311 0.03288019
 0.2259739  0.23789358 0.25329368 0.27317736 0.29906172 0.33332944
 0.43402864 0.07544746 0.23268057 0.52759297 0.03427586 1.11352471
 0.07327856]",[0.5 0.5]
